ErrorCode,ErrorText
10004," TCP : Interrupted system call"
10009," TCP : Bad file number"
10013," TCP : Permission denied"
10014," TCP : Bad address"
10022," TCP : Invalid argument"
10024," TCP : Too many open files"
10035," TCP : Operation would block"
10036," TCP : Operation now in progress"
10037," TCP : Operation already in progress"
10038," TCP : Socket operation on non socket"
10039," TCP : Destination address required"
10040," TCP : Message too long"
10041," TCP : Protocol wrong type for Socket"
10042," TCP : Protocol not available"
10043," TCP : Protocol not supported"
10044," TCP : Socket not supported"
10045," TCP : Operation not supported on Socket"
10046," TCP : Protocol family not supported"
10047," TCP : Address family not supported"
10048," TCP : Address already in use"
10049," TCP : Can't assign requested address"
10050," TCP : Network is down"
10051," TCP : Network is unreachable"
10052," TCP : Network dropped connection on reset"
10053," TCP : Software caused connection abort"
10054," TCP : Connection reset by peer"
10055," TCP : No Buffer space available"
10056," TCP : Socket is already connected"
10057," TCP : Socket is not connected"
10058," TCP : Can't send after Socket shutdown"
10059," TCP : Too many references:can't splice"
10060," TCP : Connection timed out"
10061," TCP : Connection refused"
10062," TCP : Too many levels of symbolic links"
10063," TCP : File name is too long"
10064," TCP : Host is down"
10065," TCP : Unreachable peer"
10066," TCP : Directory is not empty"
10067," TCP : Too many processes"
10068," TCP : Too many users"
10069," TCP : Disk quota exceeded"
10070," TCP : Stale NFS file handle"
10071," TCP : Too many levels of remote in path"
10091," TCP : Network subsystem is unusable"
10092," TCP : Winsock DLL cannot support this application"
10093," TCP : Winsock not initialized"
10101," TCP : Disconnect"
11001," TCP : Host not found"
11002," TCP : Non authoritative - host not found"
11003," TCP : Non recoverable error"
11004," TCP : Valid name, no data record of requested type"
12001," TCP : Invalid address"
65536," ISO : Connection error"
75540," ISO : Connection error TCP : Interrupted system call"
75545," ISO : Connection error TCP : Bad file number"
75549," ISO : Connection error TCP : Permission denied"
75550," ISO : Connection error TCP : Bad address"
75558," ISO : Connection error TCP : Invalid argument"
75560," ISO : Connection error TCP : Too many open files"
75571," ISO : Connection error TCP : Operation would block"
75572," ISO : Connection error TCP : Operation now in progress"
75573," ISO : Connection error TCP : Operation already in progress"
75574," ISO : Connection error TCP : Socket operation on non socket"
75575," ISO : Connection error TCP : Destination address required"
75576," ISO : Connection error TCP : Message too long"
75577," ISO : Connection error TCP : Protocol wrong type for Socket"
75578," ISO : Connection error TCP : Protocol not available"
75579," ISO : Connection error TCP : Protocol not supported"
75580," ISO : Connection error TCP : Socket not supported"
75581," ISO : Connection error TCP : Operation not supported on Socket"
75582," ISO : Connection error TCP : Protocol family not supported"
75583," ISO : Connection error TCP : Address family not supported"
75584," ISO : Connection error TCP : Address already in use"
75585," ISO : Connection error TCP : Can't assign requested address"
75586," ISO : Connection error TCP : Network is down"
75587," ISO : Connection error TCP : Network is unreachable"
75588," ISO : Connection error TCP : Network dropped connection on reset"
75589," ISO : Connection error TCP : Software caused connection abort"
75590," ISO : Connection error TCP : Connection reset by peer"
75591," ISO : Connection error TCP : No Buffer space available"
75592," ISO : Connection error TCP : Socket is already connected"
75593," ISO : Connection error TCP : Socket is not connected"
75594," ISO : Connection error TCP : Can't send after Socket shutdown"
75595," ISO : Connection error TCP : Too many references:can't splice"
75596," ISO : Connection error TCP : Connection timed out"
75597," ISO : Connection error TCP : Connection refused"
75598," ISO : Connection error TCP : Too many levels of symbolic links"
75599," ISO : Connection error TCP : File name is too long"
75600," ISO : Connection error TCP : Host is down"
75601," ISO : Connection error TCP : Unreachable peer"
75602," ISO : Connection error TCP : Directory is not empty"
75603," ISO : Connection error TCP : Too many processes"
75604," ISO : Connection error TCP : Too many users"
75605," ISO : Connection error TCP : Disk quota exceeded"
75606," ISO : Connection error TCP : Stale NFS file handle"
75607," ISO : Connection error TCP : Too many levels of remote in path"
75627," ISO : Connection error TCP : Network subsystem is unusable"
75628," ISO : Connection error TCP : Winsock DLL cannot support this application"
75629," ISO : Connection error TCP : Winsock not initialized"
75637," ISO : Connection error TCP : Disconnect"
76537," ISO : Connection error TCP : Host not found"
76538," ISO : Connection error TCP : Non authoritative - host not found"
76539," ISO : Connection error TCP : Non recoverable error"
76540," ISO : Connection error TCP : Valid name, no data record of requested type"
77537," ISO : Connection error TCP : Invalid address"
131072," ISO : Disconnect error"
141076," ISO : Disconnect error TCP : Interrupted system call"
141081," ISO : Disconnect error TCP : Bad file number"
141085," ISO : Disconnect error TCP : Permission denied"
141086," ISO : Disconnect error TCP : Bad address"
141094," ISO : Disconnect error TCP : Invalid argument"
141096," ISO : Disconnect error TCP : Too many open files"
141107," ISO : Disconnect error TCP : Operation would block"
141108," ISO : Disconnect error TCP : Operation now in progress"
141109," ISO : Disconnect error TCP : Operation already in progress"
141110," ISO : Disconnect error TCP : Socket operation on non socket"
141111," ISO : Disconnect error TCP : Destination address required"
141112," ISO : Disconnect error TCP : Message too long"
141113," ISO : Disconnect error TCP : Protocol wrong type for Socket"
141114," ISO : Disconnect error TCP : Protocol not available"
141115," ISO : Disconnect error TCP : Protocol not supported"
141116," ISO : Disconnect error TCP : Socket not supported"
141117," ISO : Disconnect error TCP : Operation not supported on Socket"
141118," ISO : Disconnect error TCP : Protocol family not supported"
141119," ISO : Disconnect error TCP : Address family not supported"
141120," ISO : Disconnect error TCP : Address already in use"
141121," ISO : Disconnect error TCP : Can't assign requested address"
141122," ISO : Disconnect error TCP : Network is down"
141123," ISO : Disconnect error TCP : Network is unreachable"
141124," ISO : Disconnect error TCP : Network dropped connection on reset"
141125," ISO : Disconnect error TCP : Software caused connection abort"
141126," ISO : Disconnect error TCP : Connection reset by peer"
141127," ISO : Disconnect error TCP : No Buffer space available"
141128," ISO : Disconnect error TCP : Socket is already connected"
141129," ISO : Disconnect error TCP : Socket is not connected"
141130," ISO : Disconnect error TCP : Can't send after Socket shutdown"
141131," ISO : Disconnect error TCP : Too many references:can't splice"
141132," ISO : Disconnect error TCP : Connection timed out"
141133," ISO : Disconnect error TCP : Connection refused"
141134," ISO : Disconnect error TCP : Too many levels of symbolic links"
141135," ISO : Disconnect error TCP : File name is too long"
141136," ISO : Disconnect error TCP : Host is down"
141137," ISO : Disconnect error TCP : Unreachable peer"
141138," ISO : Disconnect error TCP : Directory is not empty"
141139," ISO : Disconnect error TCP : Too many processes"
141140," ISO : Disconnect error TCP : Too many users"
141141," ISO : Disconnect error TCP : Disk quota exceeded"
141142," ISO : Disconnect error TCP : Stale NFS file handle"
141143," ISO : Disconnect error TCP : Too many levels of remote in path"
141163," ISO : Disconnect error TCP : Network subsystem is unusable"
141164," ISO : Disconnect error TCP : Winsock DLL cannot support this application"
141165," ISO : Disconnect error TCP : Winsock not initialized"
141173," ISO : Disconnect error TCP : Disconnect"
142073," ISO : Disconnect error TCP : Host not found"
142074," ISO : Disconnect error TCP : Non authoritative - host not found"
142075," ISO : Disconnect error TCP : Non recoverable error"
142076," ISO : Disconnect error TCP : Valid name, no data record of requested type"
143073," ISO : Disconnect error TCP : Invalid address"
196608," ISO : Bad PDU format"
206612," ISO : Bad PDU format TCP : Interrupted system call"
206617," ISO : Bad PDU format TCP : Bad file number"
206621," ISO : Bad PDU format TCP : Permission denied"
206622," ISO : Bad PDU format TCP : Bad address"
206630," ISO : Bad PDU format TCP : Invalid argument"
206632," ISO : Bad PDU format TCP : Too many open files"
206643," ISO : Bad PDU format TCP : Operation would block"
206644," ISO : Bad PDU format TCP : Operation now in progress"
206645," ISO : Bad PDU format TCP : Operation already in progress"
206646," ISO : Bad PDU format TCP : Socket operation on non socket"
206647," ISO : Bad PDU format TCP : Destination address required"
206648," ISO : Bad PDU format TCP : Message too long"
206649," ISO : Bad PDU format TCP : Protocol wrong type for Socket"
206650," ISO : Bad PDU format TCP : Protocol not available"
206651," ISO : Bad PDU format TCP : Protocol not supported"
206652," ISO : Bad PDU format TCP : Socket not supported"
206653," ISO : Bad PDU format TCP : Operation not supported on Socket"
206654," ISO : Bad PDU format TCP : Protocol family not supported"
206655," ISO : Bad PDU format TCP : Address family not supported"
206656," ISO : Bad PDU format TCP : Address already in use"
206657," ISO : Bad PDU format TCP : Can't assign requested address"
206658," ISO : Bad PDU format TCP : Network is down"
206659," ISO : Bad PDU format TCP : Network is unreachable"
206660," ISO : Bad PDU format TCP : Network dropped connection on reset"
206661," ISO : Bad PDU format TCP : Software caused connection abort"
206662," ISO : Bad PDU format TCP : Connection reset by peer"
206663," ISO : Bad PDU format TCP : No Buffer space available"
206664," ISO : Bad PDU format TCP : Socket is already connected"
206665," ISO : Bad PDU format TCP : Socket is not connected"
206666," ISO : Bad PDU format TCP : Can't send after Socket shutdown"
206667," ISO : Bad PDU format TCP : Too many references:can't splice"
206668," ISO : Bad PDU format TCP : Connection timed out"
206669," ISO : Bad PDU format TCP : Connection refused"
206670," ISO : Bad PDU format TCP : Too many levels of symbolic links"
206671," ISO : Bad PDU format TCP : File name is too long"
206672," ISO : Bad PDU format TCP : Host is down"
206673," ISO : Bad PDU format TCP : Unreachable peer"
206674," ISO : Bad PDU format TCP : Directory is not empty"
206675," ISO : Bad PDU format TCP : Too many processes"
206676," ISO : Bad PDU format TCP : Too many users"
206677," ISO : Bad PDU format TCP : Disk quota exceeded"
206678," ISO : Bad PDU format TCP : Stale NFS file handle"
206679," ISO : Bad PDU format TCP : Too many levels of remote in path"
206699," ISO : Bad PDU format TCP : Network subsystem is unusable"
206700," ISO : Bad PDU format TCP : Winsock DLL cannot support this application"
206701," ISO : Bad PDU format TCP : Winsock not initialized"
206709," ISO : Bad PDU format TCP : Disconnect"
207609," ISO : Bad PDU format TCP : Host not found"
207610," ISO : Bad PDU format TCP : Non authoritative - host not found"
207611," ISO : Bad PDU format TCP : Non recoverable error"
207612," ISO : Bad PDU format TCP : Valid name, no data record of requested type"
208609," ISO : Bad PDU format TCP : Invalid address"
262144," ISO : Datasize passed to send/recv buffer is invalid"
272148," ISO : Datasize passed to send/recv buffer is invalid TCP : Interrupted system call"
272153," ISO : Datasize passed to send/recv buffer is invalid TCP : Bad file number"
272157," ISO : Datasize passed to send/recv buffer is invalid TCP : Permission denied"
272158," ISO : Datasize passed to send/recv buffer is invalid TCP : Bad address"
272166," ISO : Datasize passed to send/recv buffer is invalid TCP : Invalid argument"
272168," ISO : Datasize passed to send/recv buffer is invalid TCP : Too many open files"
272179," ISO : Datasize passed to send/recv buffer is invalid TCP : Operation would block"
272180," ISO : Datasize passed to send/recv buffer is invalid TCP : Operation now in progress"
272181," ISO : Datasize passed to send/recv buffer is invalid TCP : Operation already in progress"
272182," ISO : Datasize passed to send/recv buffer is invalid TCP : Socket operation on non socket"
272183," ISO : Datasize passed to send/recv buffer is invalid TCP : Destination address required"
272184," ISO : Datasize passed to send/recv buffer is invalid TCP : Message too long"
272185," ISO : Datasize passed to send/recv buffer is invalid TCP : Protocol wrong type for Socket"
272186," ISO : Datasize passed to send/recv buffer is invalid TCP : Protocol not available"
272187," ISO : Datasize passed to send/recv buffer is invalid TCP : Protocol not supported"
272188," ISO : Datasize passed to send/recv buffer is invalid TCP : Socket not supported"
272189," ISO : Datasize passed to send/recv buffer is invalid TCP : Operation not supported on Socket"
272190," ISO : Datasize passed to send/recv buffer is invalid TCP : Protocol family not supported"
272191," ISO : Datasize passed to send/recv buffer is invalid TCP : Address family not supported"
272192," ISO : Datasize passed to send/recv buffer is invalid TCP : Address already in use"
272193," ISO : Datasize passed to send/recv buffer is invalid TCP : Can't assign requested address"
272194," ISO : Datasize passed to send/recv buffer is invalid TCP : Network is down"
272195," ISO : Datasize passed to send/recv buffer is invalid TCP : Network is unreachable"
272196," ISO : Datasize passed to send/recv buffer is invalid TCP : Network dropped connection on reset"
272197," ISO : Datasize passed to send/recv buffer is invalid TCP : Software caused connection abort"
272198," ISO : Datasize passed to send/recv buffer is invalid TCP : Connection reset by peer"
272199," ISO : Datasize passed to send/recv buffer is invalid TCP : No Buffer space available"
272200," ISO : Datasize passed to send/recv buffer is invalid TCP : Socket is already connected"
272201," ISO : Datasize passed to send/recv buffer is invalid TCP : Socket is not connected"
272202," ISO : Datasize passed to send/recv buffer is invalid TCP : Can't send after Socket shutdown"
272203," ISO : Datasize passed to send/recv buffer is invalid TCP : Too many references:can't splice"
272204," ISO : Datasize passed to send/recv buffer is invalid TCP : Connection timed out"
272205," ISO : Datasize passed to send/recv buffer is invalid TCP : Connection refused"
272206," ISO : Datasize passed to send/recv buffer is invalid TCP : Too many levels of symbolic links"
272207," ISO : Datasize passed to send/recv buffer is invalid TCP : File name is too long"
272208," ISO : Datasize passed to send/recv buffer is invalid TCP : Host is down"
272209," ISO : Datasize passed to send/recv buffer is invalid TCP : Unreachable peer"
272210," ISO : Datasize passed to send/recv buffer is invalid TCP : Directory is not empty"
272211," ISO : Datasize passed to send/recv buffer is invalid TCP : Too many processes"
272212," ISO : Datasize passed to send/recv buffer is invalid TCP : Too many users"
272213," ISO : Datasize passed to send/recv buffer is invalid TCP : Disk quota exceeded"
272214," ISO : Datasize passed to send/recv buffer is invalid TCP : Stale NFS file handle"
272215," ISO : Datasize passed to send/recv buffer is invalid TCP : Too many levels of remote in path"
272235," ISO : Datasize passed to send/recv buffer is invalid TCP : Network subsystem is unusable"
272236," ISO : Datasize passed to send/recv buffer is invalid TCP : Winsock DLL cannot support this application"
272237," ISO : Datasize passed to send/recv buffer is invalid TCP : Winsock not initialized"
272245," ISO : Datasize passed to send/recv buffer is invalid TCP : Disconnect"
273145," ISO : Datasize passed to send/recv buffer is invalid TCP : Host not found"
273146," ISO : Datasize passed to send/recv buffer is invalid TCP : Non authoritative - host not found"
273147," ISO : Datasize passed to send/recv buffer is invalid TCP : Non recoverable error"
273148," ISO : Datasize passed to send/recv buffer is invalid TCP : Valid name, no data record of requested type"
274145," ISO : Datasize passed to send/recv buffer is invalid TCP : Invalid address"
327680," ISO : Null passed as pointer"
337684," ISO : Null passed as pointer TCP : Interrupted system call"
337689," ISO : Null passed as pointer TCP : Bad file number"
337693," ISO : Null passed as pointer TCP : Permission denied"
337694," ISO : Null passed as pointer TCP : Bad address"
337702," ISO : Null passed as pointer TCP : Invalid argument"
337704," ISO : Null passed as pointer TCP : Too many open files"
337715," ISO : Null passed as pointer TCP : Operation would block"
337716," ISO : Null passed as pointer TCP : Operation now in progress"
337717," ISO : Null passed as pointer TCP : Operation already in progress"
337718," ISO : Null passed as pointer TCP : Socket operation on non socket"
337719," ISO : Null passed as pointer TCP : Destination address required"
337720," ISO : Null passed as pointer TCP : Message too long"
337721," ISO : Null passed as pointer TCP : Protocol wrong type for Socket"
337722," ISO : Null passed as pointer TCP : Protocol not available"
337723," ISO : Null passed as pointer TCP : Protocol not supported"
337724," ISO : Null passed as pointer TCP : Socket not supported"
337725," ISO : Null passed as pointer TCP : Operation not supported on Socket"
337726," ISO : Null passed as pointer TCP : Protocol family not supported"
337727," ISO : Null passed as pointer TCP : Address family not supported"
337728," ISO : Null passed as pointer TCP : Address already in use"
337729," ISO : Null passed as pointer TCP : Can't assign requested address"
337730," ISO : Null passed as pointer TCP : Network is down"
337731," ISO : Null passed as pointer TCP : Network is unreachable"
337732," ISO : Null passed as pointer TCP : Network dropped connection on reset"
337733," ISO : Null passed as pointer TCP : Software caused connection abort"
337734," ISO : Null passed as pointer TCP : Connection reset by peer"
337735," ISO : Null passed as pointer TCP : No Buffer space available"
337736," ISO : Null passed as pointer TCP : Socket is already connected"
337737," ISO : Null passed as pointer TCP : Socket is not connected"
337738," ISO : Null passed as pointer TCP : Can't send after Socket shutdown"
337739," ISO : Null passed as pointer TCP : Too many references:can't splice"
337740," ISO : Null passed as pointer TCP : Connection timed out"
337741," ISO : Null passed as pointer TCP : Connection refused"
337742," ISO : Null passed as pointer TCP : Too many levels of symbolic links"
337743," ISO : Null passed as pointer TCP : File name is too long"
337744," ISO : Null passed as pointer TCP : Host is down"
337745," ISO : Null passed as pointer TCP : Unreachable peer"
337746," ISO : Null passed as pointer TCP : Directory is not empty"
337747," ISO : Null passed as pointer TCP : Too many processes"
337748," ISO : Null passed as pointer TCP : Too many users"
337749," ISO : Null passed as pointer TCP : Disk quota exceeded"
337750," ISO : Null passed as pointer TCP : Stale NFS file handle"
337751," ISO : Null passed as pointer TCP : Too many levels of remote in path"
337771," ISO : Null passed as pointer TCP : Network subsystem is unusable"
337772," ISO : Null passed as pointer TCP : Winsock DLL cannot support this application"
337773," ISO : Null passed as pointer TCP : Winsock not initialized"
337781," ISO : Null passed as pointer TCP : Disconnect"
338681," ISO : Null passed as pointer TCP : Host not found"
338682," ISO : Null passed as pointer TCP : Non authoritative - host not found"
338683," ISO : Null passed as pointer TCP : Non recoverable error"
338684," ISO : Null passed as pointer TCP : Valid name, no data record of requested type"
339681," ISO : Null passed as pointer TCP : Invalid address"
393216," ISO : A short packet received"
403220," ISO : A short packet received TCP : Interrupted system call"
403225," ISO : A short packet received TCP : Bad file number"
403229," ISO : A short packet received TCP : Permission denied"
403230," ISO : A short packet received TCP : Bad address"
403238," ISO : A short packet received TCP : Invalid argument"
403240," ISO : A short packet received TCP : Too many open files"
403251," ISO : A short packet received TCP : Operation would block"
403252," ISO : A short packet received TCP : Operation now in progress"
403253," ISO : A short packet received TCP : Operation already in progress"
403254," ISO : A short packet received TCP : Socket operation on non socket"
403255," ISO : A short packet received TCP : Destination address required"
403256," ISO : A short packet received TCP : Message too long"
403257," ISO : A short packet received TCP : Protocol wrong type for Socket"
403258," ISO : A short packet received TCP : Protocol not available"
403259," ISO : A short packet received TCP : Protocol not supported"
403260," ISO : A short packet received TCP : Socket not supported"
403261," ISO : A short packet received TCP : Operation not supported on Socket"
403262," ISO : A short packet received TCP : Protocol family not supported"
403263," ISO : A short packet received TCP : Address family not supported"
403264," ISO : A short packet received TCP : Address already in use"
403265," ISO : A short packet received TCP : Can't assign requested address"
403266," ISO : A short packet received TCP : Network is down"
403267," ISO : A short packet received TCP : Network is unreachable"
403268," ISO : A short packet received TCP : Network dropped connection on reset"
403269," ISO : A short packet received TCP : Software caused connection abort"
403270," ISO : A short packet received TCP : Connection reset by peer"
403271," ISO : A short packet received TCP : No Buffer space available"
403272," ISO : A short packet received TCP : Socket is already connected"
403273," ISO : A short packet received TCP : Socket is not connected"
403274," ISO : A short packet received TCP : Can't send after Socket shutdown"
403275," ISO : A short packet received TCP : Too many references:can't splice"
403276," ISO : A short packet received TCP : Connection timed out"
403277," ISO : A short packet received TCP : Connection refused"
403278," ISO : A short packet received TCP : Too many levels of symbolic links"
403279," ISO : A short packet received TCP : File name is too long"
403280," ISO : A short packet received TCP : Host is down"
403281," ISO : A short packet received TCP : Unreachable peer"
403282," ISO : A short packet received TCP : Directory is not empty"
403283," ISO : A short packet received TCP : Too many processes"
403284," ISO : A short packet received TCP : Too many users"
403285," ISO : A short packet received TCP : Disk quota exceeded"
403286," ISO : A short packet received TCP : Stale NFS file handle"
403287," ISO : A short packet received TCP : Too many levels of remote in path"
403307," ISO : A short packet received TCP : Network subsystem is unusable"
403308," ISO : A short packet received TCP : Winsock DLL cannot support this application"
403309," ISO : A short packet received TCP : Winsock not initialized"
403317," ISO : A short packet received TCP : Disconnect"
404217," ISO : A short packet received TCP : Host not found"
404218," ISO : A short packet received TCP : Non authoritative - host not found"
404219," ISO : A short packet received TCP : Non recoverable error"
404220," ISO : A short packet received TCP : Valid name, no data record of requested type"
405217," ISO : A short packet received TCP : Invalid address"
458752," ISO : Too many packets without EoT flag"
468756," ISO : Too many packets without EoT flag TCP : Interrupted system call"
468761," ISO : Too many packets without EoT flag TCP : Bad file number"
468765," ISO : Too many packets without EoT flag TCP : Permission denied"
468766," ISO : Too many packets without EoT flag TCP : Bad address"
468774," ISO : Too many packets without EoT flag TCP : Invalid argument"
468776," ISO : Too many packets without EoT flag TCP : Too many open files"
468787," ISO : Too many packets without EoT flag TCP : Operation would block"
468788," ISO : Too many packets without EoT flag TCP : Operation now in progress"
468789," ISO : Too many packets without EoT flag TCP : Operation already in progress"
468790," ISO : Too many packets without EoT flag TCP : Socket operation on non socket"
468791," ISO : Too many packets without EoT flag TCP : Destination address required"
468792," ISO : Too many packets without EoT flag TCP : Message too long"
468793," ISO : Too many packets without EoT flag TCP : Protocol wrong type for Socket"
468794," ISO : Too many packets without EoT flag TCP : Protocol not available"
468795," ISO : Too many packets without EoT flag TCP : Protocol not supported"
468796," ISO : Too many packets without EoT flag TCP : Socket not supported"
468797," ISO : Too many packets without EoT flag TCP : Operation not supported on Socket"
468798," ISO : Too many packets without EoT flag TCP : Protocol family not supported"
468799," ISO : Too many packets without EoT flag TCP : Address family not supported"
468800," ISO : Too many packets without EoT flag TCP : Address already in use"
468801," ISO : Too many packets without EoT flag TCP : Can't assign requested address"
468802," ISO : Too many packets without EoT flag TCP : Network is down"
468803," ISO : Too many packets without EoT flag TCP : Network is unreachable"
468804," ISO : Too many packets without EoT flag TCP : Network dropped connection on reset"
468805," ISO : Too many packets without EoT flag TCP : Software caused connection abort"
468806," ISO : Too many packets without EoT flag TCP : Connection reset by peer"
468807," ISO : Too many packets without EoT flag TCP : No Buffer space available"
468808," ISO : Too many packets without EoT flag TCP : Socket is already connected"
468809," ISO : Too many packets without EoT flag TCP : Socket is not connected"
468810," ISO : Too many packets without EoT flag TCP : Can't send after Socket shutdown"
468811," ISO : Too many packets without EoT flag TCP : Too many references:can't splice"
468812," ISO : Too many packets without EoT flag TCP : Connection timed out"
468813," ISO : Too many packets without EoT flag TCP : Connection refused"
468814," ISO : Too many packets without EoT flag TCP : Too many levels of symbolic links"
468815," ISO : Too many packets without EoT flag TCP : File name is too long"
468816," ISO : Too many packets without EoT flag TCP : Host is down"
468817," ISO : Too many packets without EoT flag TCP : Unreachable peer"
468818," ISO : Too many packets without EoT flag TCP : Directory is not empty"
468819," ISO : Too many packets without EoT flag TCP : Too many processes"
468820," ISO : Too many packets without EoT flag TCP : Too many users"
468821," ISO : Too many packets without EoT flag TCP : Disk quota exceeded"
468822," ISO : Too many packets without EoT flag TCP : Stale NFS file handle"
468823," ISO : Too many packets without EoT flag TCP : Too many levels of remote in path"
468843," ISO : Too many packets without EoT flag TCP : Network subsystem is unusable"
468844," ISO : Too many packets without EoT flag TCP : Winsock DLL cannot support this application"
468845," ISO : Too many packets without EoT flag TCP : Winsock not initialized"
468853," ISO : Too many packets without EoT flag TCP : Disconnect"
469753," ISO : Too many packets without EoT flag TCP : Host not found"
469754," ISO : Too many packets without EoT flag TCP : Non authoritative - host not found"
469755," ISO : Too many packets without EoT flag TCP : Non recoverable error"
469756," ISO : Too many packets without EoT flag TCP : Valid name, no data record of requested type"
470753," ISO : Too many packets without EoT flag TCP : Invalid address"
524288," ISO : The sum of fragments data exceded maximum packet size"
534292," ISO : The sum of fragments data exceded maximum packet size TCP : Interrupted system call"
534297," ISO : The sum of fragments data exceded maximum packet size TCP : Bad file number"
534301," ISO : The sum of fragments data exceded maximum packet size TCP : Permission denied"
534302," ISO : The sum of fragments data exceded maximum packet size TCP : Bad address"
534310," ISO : The sum of fragments data exceded maximum packet size TCP : Invalid argument"
534312," ISO : The sum of fragments data exceded maximum packet size TCP : Too many open files"
534323," ISO : The sum of fragments data exceded maximum packet size TCP : Operation would block"
534324," ISO : The sum of fragments data exceded maximum packet size TCP : Operation now in progress"
534325," ISO : The sum of fragments data exceded maximum packet size TCP : Operation already in progress"
534326," ISO : The sum of fragments data exceded maximum packet size TCP : Socket operation on non socket"
534327," ISO : The sum of fragments data exceded maximum packet size TCP : Destination address required"
534328," ISO : The sum of fragments data exceded maximum packet size TCP : Message too long"
534329," ISO : The sum of fragments data exceded maximum packet size TCP : Protocol wrong type for Socket"
534330," ISO : The sum of fragments data exceded maximum packet size TCP : Protocol not available"
534331," ISO : The sum of fragments data exceded maximum packet size TCP : Protocol not supported"
534332," ISO : The sum of fragments data exceded maximum packet size TCP : Socket not supported"
534333," ISO : The sum of fragments data exceded maximum packet size TCP : Operation not supported on Socket"
534334," ISO : The sum of fragments data exceded maximum packet size TCP : Protocol family not supported"
534335," ISO : The sum of fragments data exceded maximum packet size TCP : Address family not supported"
534336," ISO : The sum of fragments data exceded maximum packet size TCP : Address already in use"
534337," ISO : The sum of fragments data exceded maximum packet size TCP : Can't assign requested address"
534338," ISO : The sum of fragments data exceded maximum packet size TCP : Network is down"
534339," ISO : The sum of fragments data exceded maximum packet size TCP : Network is unreachable"
534340," ISO : The sum of fragments data exceded maximum packet size TCP : Network dropped connection on reset"
534341," ISO : The sum of fragments data exceded maximum packet size TCP : Software caused connection abort"
534342," ISO : The sum of fragments data exceded maximum packet size TCP : Connection reset by peer"
534343," ISO : The sum of fragments data exceded maximum packet size TCP : No Buffer space available"
534344," ISO : The sum of fragments data exceded maximum packet size TCP : Socket is already connected"
534345," ISO : The sum of fragments data exceded maximum packet size TCP : Socket is not connected"
534346," ISO : The sum of fragments data exceded maximum packet size TCP : Can't send after Socket shutdown"
534347," ISO : The sum of fragments data exceded maximum packet size TCP : Too many references:can't splice"
534348," ISO : The sum of fragments data exceded maximum packet size TCP : Connection timed out"
534349," ISO : The sum of fragments data exceded maximum packet size TCP : Connection refused"
534350," ISO : The sum of fragments data exceded maximum packet size TCP : Too many levels of symbolic links"
534351," ISO : The sum of fragments data exceded maximum packet size TCP : File name is too long"
534352," ISO : The sum of fragments data exceded maximum packet size TCP : Host is down"
534353," ISO : The sum of fragments data exceded maximum packet size TCP : Unreachable peer"
534354," ISO : The sum of fragments data exceded maximum packet size TCP : Directory is not empty"
534355," ISO : The sum of fragments data exceded maximum packet size TCP : Too many processes"
534356," ISO : The sum of fragments data exceded maximum packet size TCP : Too many users"
534357," ISO : The sum of fragments data exceded maximum packet size TCP : Disk quota exceeded"
534358," ISO : The sum of fragments data exceded maximum packet size TCP : Stale NFS file handle"
534359," ISO : The sum of fragments data exceded maximum packet size TCP : Too many levels of remote in path"
534379," ISO : The sum of fragments data exceded maximum packet size TCP : Network subsystem is unusable"
534380," ISO : The sum of fragments data exceded maximum packet size TCP : Winsock DLL cannot support this application"
534381," ISO : The sum of fragments data exceded maximum packet size TCP : Winsock not initialized"
534389," ISO : The sum of fragments data exceded maximum packet size TCP : Disconnect"
535289," ISO : The sum of fragments data exceded maximum packet size TCP : Host not found"
535290," ISO : The sum of fragments data exceded maximum packet size TCP : Non authoritative - host not found"
535291," ISO : The sum of fragments data exceded maximum packet size TCP : Non recoverable error"
535292," ISO : The sum of fragments data exceded maximum packet size TCP : Valid name, no data record of requested type"
536289," ISO : The sum of fragments data exceded maximum packet size TCP : Invalid address"
589824," ISO : An error occurred during send"
599828," ISO : An error occurred during send TCP : Interrupted system call"
599833," ISO : An error occurred during send TCP : Bad file number"
599837," ISO : An error occurred during send TCP : Permission denied"
599838," ISO : An error occurred during send TCP : Bad address"
599846," ISO : An error occurred during send TCP : Invalid argument"
599848," ISO : An error occurred during send TCP : Too many open files"
599859," ISO : An error occurred during send TCP : Operation would block"
599860," ISO : An error occurred during send TCP : Operation now in progress"
599861," ISO : An error occurred during send TCP : Operation already in progress"
599862," ISO : An error occurred during send TCP : Socket operation on non socket"
599863," ISO : An error occurred during send TCP : Destination address required"
599864," ISO : An error occurred during send TCP : Message too long"
599865," ISO : An error occurred during send TCP : Protocol wrong type for Socket"
599866," ISO : An error occurred during send TCP : Protocol not available"
599867," ISO : An error occurred during send TCP : Protocol not supported"
599868," ISO : An error occurred during send TCP : Socket not supported"
599869," ISO : An error occurred during send TCP : Operation not supported on Socket"
599870," ISO : An error occurred during send TCP : Protocol family not supported"
599871," ISO : An error occurred during send TCP : Address family not supported"
599872," ISO : An error occurred during send TCP : Address already in use"
599873," ISO : An error occurred during send TCP : Can't assign requested address"
599874," ISO : An error occurred during send TCP : Network is down"
599875," ISO : An error occurred during send TCP : Network is unreachable"
599876," ISO : An error occurred during send TCP : Network dropped connection on reset"
599877," ISO : An error occurred during send TCP : Software caused connection abort"
599878," ISO : An error occurred during send TCP : Connection reset by peer"
599879," ISO : An error occurred during send TCP : No Buffer space available"
599880," ISO : An error occurred during send TCP : Socket is already connected"
599881," ISO : An error occurred during send TCP : Socket is not connected"
599882," ISO : An error occurred during send TCP : Can't send after Socket shutdown"
599883," ISO : An error occurred during send TCP : Too many references:can't splice"
599884," ISO : An error occurred during send TCP : Connection timed out"
599885," ISO : An error occurred during send TCP : Connection refused"
599886," ISO : An error occurred during send TCP : Too many levels of symbolic links"
599887," ISO : An error occurred during send TCP : File name is too long"
599888," ISO : An error occurred during send TCP : Host is down"
599889," ISO : An error occurred during send TCP : Unreachable peer"
599890," ISO : An error occurred during send TCP : Directory is not empty"
599891," ISO : An error occurred during send TCP : Too many processes"
599892," ISO : An error occurred during send TCP : Too many users"
599893," ISO : An error occurred during send TCP : Disk quota exceeded"
599894," ISO : An error occurred during send TCP : Stale NFS file handle"
599895," ISO : An error occurred during send TCP : Too many levels of remote in path"
599915," ISO : An error occurred during send TCP : Network subsystem is unusable"
599916," ISO : An error occurred during send TCP : Winsock DLL cannot support this application"
599917," ISO : An error occurred during send TCP : Winsock not initialized"
599925," ISO : An error occurred during send TCP : Disconnect"
600825," ISO : An error occurred during send TCP : Host not found"
600826," ISO : An error occurred during send TCP : Non authoritative - host not found"
600827," ISO : An error occurred during send TCP : Non recoverable error"
600828," ISO : An error occurred during send TCP : Valid name, no data record of requested type"
601825," ISO : An error occurred during send TCP : Invalid address"
655360," ISO : An error occurred during recv"
665364," ISO : An error occurred during recv TCP : Interrupted system call"
665369," ISO : An error occurred during recv TCP : Bad file number"
665373," ISO : An error occurred during recv TCP : Permission denied"
665374," ISO : An error occurred during recv TCP : Bad address"
665382," ISO : An error occurred during recv TCP : Invalid argument"
665384," ISO : An error occurred during recv TCP : Too many open files"
665395," ISO : An error occurred during recv TCP : Operation would block"
665396," ISO : An error occurred during recv TCP : Operation now in progress"
665397," ISO : An error occurred during recv TCP : Operation already in progress"
665398," ISO : An error occurred during recv TCP : Socket operation on non socket"
665399," ISO : An error occurred during recv TCP : Destination address required"
665400," ISO : An error occurred during recv TCP : Message too long"
665401," ISO : An error occurred during recv TCP : Protocol wrong type for Socket"
665402," ISO : An error occurred during recv TCP : Protocol not available"
665403," ISO : An error occurred during recv TCP : Protocol not supported"
665404," ISO : An error occurred during recv TCP : Socket not supported"
665405," ISO : An error occurred during recv TCP : Operation not supported on Socket"
665406," ISO : An error occurred during recv TCP : Protocol family not supported"
665407," ISO : An error occurred during recv TCP : Address family not supported"
665408," ISO : An error occurred during recv TCP : Address already in use"
665409," ISO : An error occurred during recv TCP : Can't assign requested address"
665410," ISO : An error occurred during recv TCP : Network is down"
665411," ISO : An error occurred during recv TCP : Network is unreachable"
665412," ISO : An error occurred during recv TCP : Network dropped connection on reset"
665413," ISO : An error occurred during recv TCP : Software caused connection abort"
665414," ISO : An error occurred during recv TCP : Connection reset by peer"
665415," ISO : An error occurred during recv TCP : No Buffer space available"
665416," ISO : An error occurred during recv TCP : Socket is already connected"
665417," ISO : An error occurred during recv TCP : Socket is not connected"
665418," ISO : An error occurred during recv TCP : Can't send after Socket shutdown"
665419," ISO : An error occurred during recv TCP : Too many references:can't splice"
665420," ISO : An error occurred during recv TCP : Connection timed out"
665421," ISO : An error occurred during recv TCP : Connection refused"
665422," ISO : An error occurred during recv TCP : Too many levels of symbolic links"
665423," ISO : An error occurred during recv TCP : File name is too long"
665424," ISO : An error occurred during recv TCP : Host is down"
665425," ISO : An error occurred during recv TCP : Unreachable peer"
665426," ISO : An error occurred during recv TCP : Directory is not empty"
665427," ISO : An error occurred during recv TCP : Too many processes"
665428," ISO : An error occurred during recv TCP : Too many users"
665429," ISO : An error occurred during recv TCP : Disk quota exceeded"
665430," ISO : An error occurred during recv TCP : Stale NFS file handle"
665431," ISO : An error occurred during recv TCP : Too many levels of remote in path"
665451," ISO : An error occurred during recv TCP : Network subsystem is unusable"
665452," ISO : An error occurred during recv TCP : Winsock DLL cannot support this application"
665453," ISO : An error occurred during recv TCP : Winsock not initialized"
665461," ISO : An error occurred during recv TCP : Disconnect"
666361," ISO : An error occurred during recv TCP : Host not found"
666362," ISO : An error occurred during recv TCP : Non authoritative - host not found"
666363," ISO : An error occurred during recv TCP : Non recoverable error"
666364," ISO : An error occurred during recv TCP : Valid name, no data record of requested type"
667361," ISO : An error occurred during recv TCP : Invalid address"
720896," ISO : Invalid connection params (wrong TSAPs)"
730900," ISO : Invalid connection params (wrong TSAPs) TCP : Interrupted system call"
730905," ISO : Invalid connection params (wrong TSAPs) TCP : Bad file number"
730909," ISO : Invalid connection params (wrong TSAPs) TCP : Permission denied"
730910," ISO : Invalid connection params (wrong TSAPs) TCP : Bad address"
730918," ISO : Invalid connection params (wrong TSAPs) TCP : Invalid argument"
730920," ISO : Invalid connection params (wrong TSAPs) TCP : Too many open files"
730931," ISO : Invalid connection params (wrong TSAPs) TCP : Operation would block"
730932," ISO : Invalid connection params (wrong TSAPs) TCP : Operation now in progress"
730933," ISO : Invalid connection params (wrong TSAPs) TCP : Operation already in progress"
730934," ISO : Invalid connection params (wrong TSAPs) TCP : Socket operation on non socket"
730935," ISO : Invalid connection params (wrong TSAPs) TCP : Destination address required"
730936," ISO : Invalid connection params (wrong TSAPs) TCP : Message too long"
730937," ISO : Invalid connection params (wrong TSAPs) TCP : Protocol wrong type for Socket"
730938," ISO : Invalid connection params (wrong TSAPs) TCP : Protocol not available"
730939," ISO : Invalid connection params (wrong TSAPs) TCP : Protocol not supported"
730940," ISO : Invalid connection params (wrong TSAPs) TCP : Socket not supported"
730941," ISO : Invalid connection params (wrong TSAPs) TCP : Operation not supported on Socket"
730942," ISO : Invalid connection params (wrong TSAPs) TCP : Protocol family not supported"
730943," ISO : Invalid connection params (wrong TSAPs) TCP : Address family not supported"
730944," ISO : Invalid connection params (wrong TSAPs) TCP : Address already in use"
730945," ISO : Invalid connection params (wrong TSAPs) TCP : Can't assign requested address"
730946," ISO : Invalid connection params (wrong TSAPs) TCP : Network is down"
730947," ISO : Invalid connection params (wrong TSAPs) TCP : Network is unreachable"
730948," ISO : Invalid connection params (wrong TSAPs) TCP : Network dropped connection on reset"
730949," ISO : Invalid connection params (wrong TSAPs) TCP : Software caused connection abort"
730950," ISO : Invalid connection params (wrong TSAPs) TCP : Connection reset by peer"
730951," ISO : Invalid connection params (wrong TSAPs) TCP : No Buffer space available"
730952," ISO : Invalid connection params (wrong TSAPs) TCP : Socket is already connected"
730953," ISO : Invalid connection params (wrong TSAPs) TCP : Socket is not connected"
730954," ISO : Invalid connection params (wrong TSAPs) TCP : Can't send after Socket shutdown"
730955," ISO : Invalid connection params (wrong TSAPs) TCP : Too many references:can't splice"
730956," ISO : Invalid connection params (wrong TSAPs) TCP : Connection timed out"
730957," ISO : Invalid connection params (wrong TSAPs) TCP : Connection refused"
730958," ISO : Invalid connection params (wrong TSAPs) TCP : Too many levels of symbolic links"
730959," ISO : Invalid connection params (wrong TSAPs) TCP : File name is too long"
730960," ISO : Invalid connection params (wrong TSAPs) TCP : Host is down"
730961," ISO : Invalid connection params (wrong TSAPs) TCP : Unreachable peer"
730962," ISO : Invalid connection params (wrong TSAPs) TCP : Directory is not empty"
730963," ISO : Invalid connection params (wrong TSAPs) TCP : Too many processes"
730964," ISO : Invalid connection params (wrong TSAPs) TCP : Too many users"
730965," ISO : Invalid connection params (wrong TSAPs) TCP : Disk quota exceeded"
730966," ISO : Invalid connection params (wrong TSAPs) TCP : Stale NFS file handle"
730967," ISO : Invalid connection params (wrong TSAPs) TCP : Too many levels of remote in path"
730987," ISO : Invalid connection params (wrong TSAPs) TCP : Network subsystem is unusable"
730988," ISO : Invalid connection params (wrong TSAPs) TCP : Winsock DLL cannot support this application"
730989," ISO : Invalid connection params (wrong TSAPs) TCP : Winsock not initialized"
730997," ISO : Invalid connection params (wrong TSAPs) TCP : Disconnect"
731897," ISO : Invalid connection params (wrong TSAPs) TCP : Host not found"
731898," ISO : Invalid connection params (wrong TSAPs) TCP : Non authoritative - host not found"
731899," ISO : Invalid connection params (wrong TSAPs) TCP : Non recoverable error"
731900," ISO : Invalid connection params (wrong TSAPs) TCP : Valid name, no data record of requested type"
732897," ISO : Invalid connection params (wrong TSAPs) TCP : Invalid address"
786432," ISO : Unknown error (0x000c0000)"
796436," ISO : Unknown error (0x000c0000) TCP : Interrupted system call"
796441," ISO : Unknown error (0x000c0000) TCP : Bad file number"
796445," ISO : Unknown error (0x000c0000) TCP : Permission denied"
796446," ISO : Unknown error (0x000c0000) TCP : Bad address"
796454," ISO : Unknown error (0x000c0000) TCP : Invalid argument"
796456," ISO : Unknown error (0x000c0000) TCP : Too many open files"
796467," ISO : Unknown error (0x000c0000) TCP : Operation would block"
796468," ISO : Unknown error (0x000c0000) TCP : Operation now in progress"
796469," ISO : Unknown error (0x000c0000) TCP : Operation already in progress"
796470," ISO : Unknown error (0x000c0000) TCP : Socket operation on non socket"
796471," ISO : Unknown error (0x000c0000) TCP : Destination address required"
796472," ISO : Unknown error (0x000c0000) TCP : Message too long"
796473," ISO : Unknown error (0x000c0000) TCP : Protocol wrong type for Socket"
796474," ISO : Unknown error (0x000c0000) TCP : Protocol not available"
796475," ISO : Unknown error (0x000c0000) TCP : Protocol not supported"
796476," ISO : Unknown error (0x000c0000) TCP : Socket not supported"
796477," ISO : Unknown error (0x000c0000) TCP : Operation not supported on Socket"
796478," ISO : Unknown error (0x000c0000) TCP : Protocol family not supported"
796479," ISO : Unknown error (0x000c0000) TCP : Address family not supported"
796480," ISO : Unknown error (0x000c0000) TCP : Address already in use"
796481," ISO : Unknown error (0x000c0000) TCP : Can't assign requested address"
796482," ISO : Unknown error (0x000c0000) TCP : Network is down"
796483," ISO : Unknown error (0x000c0000) TCP : Network is unreachable"
796484," ISO : Unknown error (0x000c0000) TCP : Network dropped connection on reset"
796485," ISO : Unknown error (0x000c0000) TCP : Software caused connection abort"
796486," ISO : Unknown error (0x000c0000) TCP : Connection reset by peer"
796487," ISO : Unknown error (0x000c0000) TCP : No Buffer space available"
796488," ISO : Unknown error (0x000c0000) TCP : Socket is already connected"
796489," ISO : Unknown error (0x000c0000) TCP : Socket is not connected"
796490," ISO : Unknown error (0x000c0000) TCP : Can't send after Socket shutdown"
796491," ISO : Unknown error (0x000c0000) TCP : Too many references:can't splice"
796492," ISO : Unknown error (0x000c0000) TCP : Connection timed out"
796493," ISO : Unknown error (0x000c0000) TCP : Connection refused"
796494," ISO : Unknown error (0x000c0000) TCP : Too many levels of symbolic links"
796495," ISO : Unknown error (0x000c0000) TCP : File name is too long"
796496," ISO : Unknown error (0x000c0000) TCP : Host is down"
796497," ISO : Unknown error (0x000c0000) TCP : Unreachable peer"
796498," ISO : Unknown error (0x000c0000) TCP : Directory is not empty"
796499," ISO : Unknown error (0x000c0000) TCP : Too many processes"
796500," ISO : Unknown error (0x000c0000) TCP : Too many users"
796501," ISO : Unknown error (0x000c0000) TCP : Disk quota exceeded"
796502," ISO : Unknown error (0x000c0000) TCP : Stale NFS file handle"
796503," ISO : Unknown error (0x000c0000) TCP : Too many levels of remote in path"
796523," ISO : Unknown error (0x000c0000) TCP : Network subsystem is unusable"
796524," ISO : Unknown error (0x000c0000) TCP : Winsock DLL cannot support this application"
796525," ISO : Unknown error (0x000c0000) TCP : Winsock not initialized"
796533," ISO : Unknown error (0x000c0000) TCP : Disconnect"
797433," ISO : Unknown error (0x000c0000) TCP : Host not found"
797434," ISO : Unknown error (0x000c0000) TCP : Non authoritative - host not found"
797435," ISO : Unknown error (0x000c0000) TCP : Non recoverable error"
797436," ISO : Unknown error (0x000c0000) TCP : Valid name, no data record of requested type"
798433," ISO : Unknown error (0x000c0000) TCP : Invalid address"
851968," ISO : Unknown error (0x000d0000)"
861972," ISO : Unknown error (0x000d0000) TCP : Interrupted system call"
861977," ISO : Unknown error (0x000d0000) TCP : Bad file number"
861981," ISO : Unknown error (0x000d0000) TCP : Permission denied"
861982," ISO : Unknown error (0x000d0000) TCP : Bad address"
861990," ISO : Unknown error (0x000d0000) TCP : Invalid argument"
861992," ISO : Unknown error (0x000d0000) TCP : Too many open files"
862003," ISO : Unknown error (0x000d0000) TCP : Operation would block"
862004," ISO : Unknown error (0x000d0000) TCP : Operation now in progress"
862005," ISO : Unknown error (0x000d0000) TCP : Operation already in progress"
862006," ISO : Unknown error (0x000d0000) TCP : Socket operation on non socket"
862007," ISO : Unknown error (0x000d0000) TCP : Destination address required"
862008," ISO : Unknown error (0x000d0000) TCP : Message too long"
862009," ISO : Unknown error (0x000d0000) TCP : Protocol wrong type for Socket"
862010," ISO : Unknown error (0x000d0000) TCP : Protocol not available"
862011," ISO : Unknown error (0x000d0000) TCP : Protocol not supported"
862012," ISO : Unknown error (0x000d0000) TCP : Socket not supported"
862013," ISO : Unknown error (0x000d0000) TCP : Operation not supported on Socket"
862014," ISO : Unknown error (0x000d0000) TCP : Protocol family not supported"
862015," ISO : Unknown error (0x000d0000) TCP : Address family not supported"
862016," ISO : Unknown error (0x000d0000) TCP : Address already in use"
862017," ISO : Unknown error (0x000d0000) TCP : Can't assign requested address"
862018," ISO : Unknown error (0x000d0000) TCP : Network is down"
862019," ISO : Unknown error (0x000d0000) TCP : Network is unreachable"
862020," ISO : Unknown error (0x000d0000) TCP : Network dropped connection on reset"
862021," ISO : Unknown error (0x000d0000) TCP : Software caused connection abort"
862022," ISO : Unknown error (0x000d0000) TCP : Connection reset by peer"
862023," ISO : Unknown error (0x000d0000) TCP : No Buffer space available"
862024," ISO : Unknown error (0x000d0000) TCP : Socket is already connected"
862025," ISO : Unknown error (0x000d0000) TCP : Socket is not connected"
862026," ISO : Unknown error (0x000d0000) TCP : Can't send after Socket shutdown"
862027," ISO : Unknown error (0x000d0000) TCP : Too many references:can't splice"
862028," ISO : Unknown error (0x000d0000) TCP : Connection timed out"
862029," ISO : Unknown error (0x000d0000) TCP : Connection refused"
862030," ISO : Unknown error (0x000d0000) TCP : Too many levels of symbolic links"
862031," ISO : Unknown error (0x000d0000) TCP : File name is too long"
862032," ISO : Unknown error (0x000d0000) TCP : Host is down"
862033," ISO : Unknown error (0x000d0000) TCP : Unreachable peer"
862034," ISO : Unknown error (0x000d0000) TCP : Directory is not empty"
862035," ISO : Unknown error (0x000d0000) TCP : Too many processes"
862036," ISO : Unknown error (0x000d0000) TCP : Too many users"
862037," ISO : Unknown error (0x000d0000) TCP : Disk quota exceeded"
862038," ISO : Unknown error (0x000d0000) TCP : Stale NFS file handle"
862039," ISO : Unknown error (0x000d0000) TCP : Too many levels of remote in path"
862059," ISO : Unknown error (0x000d0000) TCP : Network subsystem is unusable"
862060," ISO : Unknown error (0x000d0000) TCP : Winsock DLL cannot support this application"
862061," ISO : Unknown error (0x000d0000) TCP : Winsock not initialized"
862069," ISO : Unknown error (0x000d0000) TCP : Disconnect"
862969," ISO : Unknown error (0x000d0000) TCP : Host not found"
862970," ISO : Unknown error (0x000d0000) TCP : Non authoritative - host not found"
862971," ISO : Unknown error (0x000d0000) TCP : Non recoverable error"
862972," ISO : Unknown error (0x000d0000) TCP : Valid name, no data record of requested type"
863969," ISO : Unknown error (0x000d0000) TCP : Invalid address"
917504," ISO : Unknown error (0x000e0000)"
927508," ISO : Unknown error (0x000e0000) TCP : Interrupted system call"
927513," ISO : Unknown error (0x000e0000) TCP : Bad file number"
927517," ISO : Unknown error (0x000e0000) TCP : Permission denied"
927518," ISO : Unknown error (0x000e0000) TCP : Bad address"
927526," ISO : Unknown error (0x000e0000) TCP : Invalid argument"
927528," ISO : Unknown error (0x000e0000) TCP : Too many open files"
927539," ISO : Unknown error (0x000e0000) TCP : Operation would block"
927540," ISO : Unknown error (0x000e0000) TCP : Operation now in progress"
927541," ISO : Unknown error (0x000e0000) TCP : Operation already in progress"
927542," ISO : Unknown error (0x000e0000) TCP : Socket operation on non socket"
927543," ISO : Unknown error (0x000e0000) TCP : Destination address required"
927544," ISO : Unknown error (0x000e0000) TCP : Message too long"
927545," ISO : Unknown error (0x000e0000) TCP : Protocol wrong type for Socket"
927546," ISO : Unknown error (0x000e0000) TCP : Protocol not available"
927547," ISO : Unknown error (0x000e0000) TCP : Protocol not supported"
927548," ISO : Unknown error (0x000e0000) TCP : Socket not supported"
927549," ISO : Unknown error (0x000e0000) TCP : Operation not supported on Socket"
927550," ISO : Unknown error (0x000e0000) TCP : Protocol family not supported"
927551," ISO : Unknown error (0x000e0000) TCP : Address family not supported"
927552," ISO : Unknown error (0x000e0000) TCP : Address already in use"
927553," ISO : Unknown error (0x000e0000) TCP : Can't assign requested address"
927554," ISO : Unknown error (0x000e0000) TCP : Network is down"
927555," ISO : Unknown error (0x000e0000) TCP : Network is unreachable"
927556," ISO : Unknown error (0x000e0000) TCP : Network dropped connection on reset"
927557," ISO : Unknown error (0x000e0000) TCP : Software caused connection abort"
927558," ISO : Unknown error (0x000e0000) TCP : Connection reset by peer"
927559," ISO : Unknown error (0x000e0000) TCP : No Buffer space available"
927560," ISO : Unknown error (0x000e0000) TCP : Socket is already connected"
927561," ISO : Unknown error (0x000e0000) TCP : Socket is not connected"
927562," ISO : Unknown error (0x000e0000) TCP : Can't send after Socket shutdown"
927563," ISO : Unknown error (0x000e0000) TCP : Too many references:can't splice"
927564," ISO : Unknown error (0x000e0000) TCP : Connection timed out"
927565," ISO : Unknown error (0x000e0000) TCP : Connection refused"
927566," ISO : Unknown error (0x000e0000) TCP : Too many levels of symbolic links"
927567," ISO : Unknown error (0x000e0000) TCP : File name is too long"
927568," ISO : Unknown error (0x000e0000) TCP : Host is down"
927569," ISO : Unknown error (0x000e0000) TCP : Unreachable peer"
927570," ISO : Unknown error (0x000e0000) TCP : Directory is not empty"
927571," ISO : Unknown error (0x000e0000) TCP : Too many processes"
927572," ISO : Unknown error (0x000e0000) TCP : Too many users"
927573," ISO : Unknown error (0x000e0000) TCP : Disk quota exceeded"
927574," ISO : Unknown error (0x000e0000) TCP : Stale NFS file handle"
927575," ISO : Unknown error (0x000e0000) TCP : Too many levels of remote in path"
927595," ISO : Unknown error (0x000e0000) TCP : Network subsystem is unusable"
927596," ISO : Unknown error (0x000e0000) TCP : Winsock DLL cannot support this application"
927597," ISO : Unknown error (0x000e0000) TCP : Winsock not initialized"
927605," ISO : Unknown error (0x000e0000) TCP : Disconnect"
928505," ISO : Unknown error (0x000e0000) TCP : Host not found"
928506," ISO : Unknown error (0x000e0000) TCP : Non authoritative - host not found"
928507," ISO : Unknown error (0x000e0000) TCP : Non recoverable error"
928508," ISO : Unknown error (0x000e0000) TCP : Valid name, no data record of requested type"
929505," ISO : Unknown error (0x000e0000) TCP : Invalid address"
983040," ISO : Unknown error (0x000f0000)"
993044," ISO : Unknown error (0x000f0000) TCP : Interrupted system call"
993049," ISO : Unknown error (0x000f0000) TCP : Bad file number"
993053," ISO : Unknown error (0x000f0000) TCP : Permission denied"
993054," ISO : Unknown error (0x000f0000) TCP : Bad address"
993062," ISO : Unknown error (0x000f0000) TCP : Invalid argument"
993064," ISO : Unknown error (0x000f0000) TCP : Too many open files"
993075," ISO : Unknown error (0x000f0000) TCP : Operation would block"
993076," ISO : Unknown error (0x000f0000) TCP : Operation now in progress"
993077," ISO : Unknown error (0x000f0000) TCP : Operation already in progress"
993078," ISO : Unknown error (0x000f0000) TCP : Socket operation on non socket"
993079," ISO : Unknown error (0x000f0000) TCP : Destination address required"
993080," ISO : Unknown error (0x000f0000) TCP : Message too long"
993081," ISO : Unknown error (0x000f0000) TCP : Protocol wrong type for Socket"
993082," ISO : Unknown error (0x000f0000) TCP : Protocol not available"
993083," ISO : Unknown error (0x000f0000) TCP : Protocol not supported"
993084," ISO : Unknown error (0x000f0000) TCP : Socket not supported"
993085," ISO : Unknown error (0x000f0000) TCP : Operation not supported on Socket"
993086," ISO : Unknown error (0x000f0000) TCP : Protocol family not supported"
993087," ISO : Unknown error (0x000f0000) TCP : Address family not supported"
993088," ISO : Unknown error (0x000f0000) TCP : Address already in use"
993089," ISO : Unknown error (0x000f0000) TCP : Can't assign requested address"
993090," ISO : Unknown error (0x000f0000) TCP : Network is down"
993091," ISO : Unknown error (0x000f0000) TCP : Network is unreachable"
993092," ISO : Unknown error (0x000f0000) TCP : Network dropped connection on reset"
993093," ISO : Unknown error (0x000f0000) TCP : Software caused connection abort"
993094," ISO : Unknown error (0x000f0000) TCP : Connection reset by peer"
993095," ISO : Unknown error (0x000f0000) TCP : No Buffer space available"
993096," ISO : Unknown error (0x000f0000) TCP : Socket is already connected"
993097," ISO : Unknown error (0x000f0000) TCP : Socket is not connected"
993098," ISO : Unknown error (0x000f0000) TCP : Can't send after Socket shutdown"
993099," ISO : Unknown error (0x000f0000) TCP : Too many references:can't splice"
993100," ISO : Unknown error (0x000f0000) TCP : Connection timed out"
993101," ISO : Unknown error (0x000f0000) TCP : Connection refused"
993102," ISO : Unknown error (0x000f0000) TCP : Too many levels of symbolic links"
993103," ISO : Unknown error (0x000f0000) TCP : File name is too long"
993104," ISO : Unknown error (0x000f0000) TCP : Host is down"
993105," ISO : Unknown error (0x000f0000) TCP : Unreachable peer"
993106," ISO : Unknown error (0x000f0000) TCP : Directory is not empty"
993107," ISO : Unknown error (0x000f0000) TCP : Too many processes"
993108," ISO : Unknown error (0x000f0000) TCP : Too many users"
993109," ISO : Unknown error (0x000f0000) TCP : Disk quota exceeded"
993110," ISO : Unknown error (0x000f0000) TCP : Stale NFS file handle"
993111," ISO : Unknown error (0x000f0000) TCP : Too many levels of remote in path"
993131," ISO : Unknown error (0x000f0000) TCP : Network subsystem is unusable"
993132," ISO : Unknown error (0x000f0000) TCP : Winsock DLL cannot support this application"
993133," ISO : Unknown error (0x000f0000) TCP : Winsock not initialized"
993141," ISO : Unknown error (0x000f0000) TCP : Disconnect"
994041," ISO : Unknown error (0x000f0000) TCP : Host not found"
994042," ISO : Unknown error (0x000f0000) TCP : Non authoritative - host not found"
994043," ISO : Unknown error (0x000f0000) TCP : Non recoverable error"
994044," ISO : Unknown error (0x000f0000) TCP : Valid name, no data record of requested type"
995041," ISO : Unknown error (0x000f0000) TCP : Invalid address"
1048576,"CPU : Error in PDU negotiation"
1058580,"CPU : Error in PDU negotiation TCP : Interrupted system call"
1058585,"CPU : Error in PDU negotiation TCP : Bad file number"
1058589,"CPU : Error in PDU negotiation TCP : Permission denied"
1058590,"CPU : Error in PDU negotiation TCP : Bad address"
1058598,"CPU : Error in PDU negotiation TCP : Invalid argument"
1058600,"CPU : Error in PDU negotiation TCP : Too many open files"
1058611,"CPU : Error in PDU negotiation TCP : Operation would block"
1058612,"CPU : Error in PDU negotiation TCP : Operation now in progress"
1058613,"CPU : Error in PDU negotiation TCP : Operation already in progress"
1058614,"CPU : Error in PDU negotiation TCP : Socket operation on non socket"
1058615,"CPU : Error in PDU negotiation TCP : Destination address required"
1058616,"CPU : Error in PDU negotiation TCP : Message too long"
1058617,"CPU : Error in PDU negotiation TCP : Protocol wrong type for Socket"
1058618,"CPU : Error in PDU negotiation TCP : Protocol not available"
1058619,"CPU : Error in PDU negotiation TCP : Protocol not supported"
1058620,"CPU : Error in PDU negotiation TCP : Socket not supported"
1058621,"CPU : Error in PDU negotiation TCP : Operation not supported on Socket"
1058622,"CPU : Error in PDU negotiation TCP : Protocol family not supported"
1058623,"CPU : Error in PDU negotiation TCP : Address family not supported"
1058624,"CPU : Error in PDU negotiation TCP : Address already in use"
1058625,"CPU : Error in PDU negotiation TCP : Can't assign requested address"
1058626,"CPU : Error in PDU negotiation TCP : Network is down"
1058627,"CPU : Error in PDU negotiation TCP : Network is unreachable"
1058628,"CPU : Error in PDU negotiation TCP : Network dropped connection on reset"
1058629,"CPU : Error in PDU negotiation TCP : Software caused connection abort"
1058630,"CPU : Error in PDU negotiation TCP : Connection reset by peer"
1058631,"CPU : Error in PDU negotiation TCP : No Buffer space available"
1058632,"CPU : Error in PDU negotiation TCP : Socket is already connected"
1058633,"CPU : Error in PDU negotiation TCP : Socket is not connected"
1058634,"CPU : Error in PDU negotiation TCP : Can't send after Socket shutdown"
1058635,"CPU : Error in PDU negotiation TCP : Too many references:can't splice"
1058636,"CPU : Error in PDU negotiation TCP : Connection timed out"
1058637,"CPU : Error in PDU negotiation TCP : Connection refused"
1058638,"CPU : Error in PDU negotiation TCP : Too many levels of symbolic links"
1058639,"CPU : Error in PDU negotiation TCP : File name is too long"
1058640,"CPU : Error in PDU negotiation TCP : Host is down"
1058641,"CPU : Error in PDU negotiation TCP : Unreachable peer"
1058642,"CPU : Error in PDU negotiation TCP : Directory is not empty"
1058643,"CPU : Error in PDU negotiation TCP : Too many processes"
1058644,"CPU : Error in PDU negotiation TCP : Too many users"
1058645,"CPU : Error in PDU negotiation TCP : Disk quota exceeded"
1058646,"CPU : Error in PDU negotiation TCP : Stale NFS file handle"
1058647,"CPU : Error in PDU negotiation TCP : Too many levels of remote in path"
1058667,"CPU : Error in PDU negotiation TCP : Network subsystem is unusable"
1058668,"CPU : Error in PDU negotiation TCP : Winsock DLL cannot support this application"
1058669,"CPU : Error in PDU negotiation TCP : Winsock not initialized"
1058677,"CPU : Error in PDU negotiation TCP : Disconnect"
1059577,"CPU : Error in PDU negotiation TCP : Host not found"
1059578,"CPU : Error in PDU negotiation TCP : Non authoritative - host not found"
1059579,"CPU : Error in PDU negotiation TCP : Non recoverable error"
1059580,"CPU : Error in PDU negotiation TCP : Valid name, no data record of requested type"
1060577,"CPU : Error in PDU negotiation TCP : Invalid address"
1114112,"CPU : Error in PDU negotiation ISO : Connection error"
1124116,"CPU : Error in PDU negotiation ISO : Connection error TCP : Interrupted system call"
1124121,"CPU : Error in PDU negotiation ISO : Connection error TCP : Bad file number"
1124125,"CPU : Error in PDU negotiation ISO : Connection error TCP : Permission denied"
1124126,"CPU : Error in PDU negotiation ISO : Connection error TCP : Bad address"
1124134,"CPU : Error in PDU negotiation ISO : Connection error TCP : Invalid argument"
1124136,"CPU : Error in PDU negotiation ISO : Connection error TCP : Too many open files"
1124147,"CPU : Error in PDU negotiation ISO : Connection error TCP : Operation would block"
1124148,"CPU : Error in PDU negotiation ISO : Connection error TCP : Operation now in progress"
1124149,"CPU : Error in PDU negotiation ISO : Connection error TCP : Operation already in progress"
1124150,"CPU : Error in PDU negotiation ISO : Connection error TCP : Socket operation on non socket"
1124151,"CPU : Error in PDU negotiation ISO : Connection error TCP : Destination address required"
1124152,"CPU : Error in PDU negotiation ISO : Connection error TCP : Message too long"
1124153,"CPU : Error in PDU negotiation ISO : Connection error TCP : Protocol wrong type for Socket"
1124154,"CPU : Error in PDU negotiation ISO : Connection error TCP : Protocol not available"
1124155,"CPU : Error in PDU negotiation ISO : Connection error TCP : Protocol not supported"
1124156,"CPU : Error in PDU negotiation ISO : Connection error TCP : Socket not supported"
1124157,"CPU : Error in PDU negotiation ISO : Connection error TCP : Operation not supported on Socket"
1124158,"CPU : Error in PDU negotiation ISO : Connection error TCP : Protocol family not supported"
1124159,"CPU : Error in PDU negotiation ISO : Connection error TCP : Address family not supported"
1124160,"CPU : Error in PDU negotiation ISO : Connection error TCP : Address already in use"
1124161,"CPU : Error in PDU negotiation ISO : Connection error TCP : Can't assign requested address"
1124162,"CPU : Error in PDU negotiation ISO : Connection error TCP : Network is down"
1124163,"CPU : Error in PDU negotiation ISO : Connection error TCP : Network is unreachable"
1124164,"CPU : Error in PDU negotiation ISO : Connection error TCP : Network dropped connection on reset"
1124165,"CPU : Error in PDU negotiation ISO : Connection error TCP : Software caused connection abort"
1124166,"CPU : Error in PDU negotiation ISO : Connection error TCP : Connection reset by peer"
1124167,"CPU : Error in PDU negotiation ISO : Connection error TCP : No Buffer space available"
1124168,"CPU : Error in PDU negotiation ISO : Connection error TCP : Socket is already connected"
1124169,"CPU : Error in PDU negotiation ISO : Connection error TCP : Socket is not connected"
1124170,"CPU : Error in PDU negotiation ISO : Connection error TCP : Can't send after Socket shutdown"
1124171,"CPU : Error in PDU negotiation ISO : Connection error TCP : Too many references:can't splice"
1124172,"CPU : Error in PDU negotiation ISO : Connection error TCP : Connection timed out"
1124173,"CPU : Error in PDU negotiation ISO : Connection error TCP : Connection refused"
1124174,"CPU : Error in PDU negotiation ISO : Connection error TCP : Too many levels of symbolic links"
1124175,"CPU : Error in PDU negotiation ISO : Connection error TCP : File name is too long"
1124176,"CPU : Error in PDU negotiation ISO : Connection error TCP : Host is down"
1124177,"CPU : Error in PDU negotiation ISO : Connection error TCP : Unreachable peer"
1124178,"CPU : Error in PDU negotiation ISO : Connection error TCP : Directory is not empty"
1124179,"CPU : Error in PDU negotiation ISO : Connection error TCP : Too many processes"
1124180,"CPU : Error in PDU negotiation ISO : Connection error TCP : Too many users"
1124181,"CPU : Error in PDU negotiation ISO : Connection error TCP : Disk quota exceeded"
1124182,"CPU : Error in PDU negotiation ISO : Connection error TCP : Stale NFS file handle"
1124183,"CPU : Error in PDU negotiation ISO : Connection error TCP : Too many levels of remote in path"
1124203,"CPU : Error in PDU negotiation ISO : Connection error TCP : Network subsystem is unusable"
1124204,"CPU : Error in PDU negotiation ISO : Connection error TCP : Winsock DLL cannot support this application"
1124205,"CPU : Error in PDU negotiation ISO : Connection error TCP : Winsock not initialized"
1124213,"CPU : Error in PDU negotiation ISO : Connection error TCP : Disconnect"
1125113,"CPU : Error in PDU negotiation ISO : Connection error TCP : Host not found"
1125114,"CPU : Error in PDU negotiation ISO : Connection error TCP : Non authoritative - host not found"
1125115,"CPU : Error in PDU negotiation ISO : Connection error TCP : Non recoverable error"
1125116,"CPU : Error in PDU negotiation ISO : Connection error TCP : Valid name, no data record of requested type"
1126113,"CPU : Error in PDU negotiation ISO : Connection error TCP : Invalid address"
1179648,"CPU : Error in PDU negotiation ISO : Disconnect error"
1189652,"CPU : Error in PDU negotiation ISO : Disconnect error TCP : Interrupted system call"
1189657,"CPU : Error in PDU negotiation ISO : Disconnect error TCP : Bad file number"
1189661,"CPU : Error in PDU negotiation ISO : Disconnect error TCP : Permission denied"
1189662,"CPU : Error in PDU negotiation ISO : Disconnect error TCP : Bad address"
1189670,"CPU : Error in PDU negotiation ISO : Disconnect error TCP : Invalid argument"
1189672,"CPU : Error in PDU negotiation ISO : Disconnect error TCP : Too many open files"
1189683,"CPU : Error in PDU negotiation ISO : Disconnect error TCP : Operation would block"
1189684,"CPU : Error in PDU negotiation ISO : Disconnect error TCP : Operation now in progress"
1189685,"CPU : Error in PDU negotiation ISO : Disconnect error TCP : Operation already in progress"
1189686,"CPU : Error in PDU negotiation ISO : Disconnect error TCP : Socket operation on non socket"
1189687,"CPU : Error in PDU negotiation ISO : Disconnect error TCP : Destination address required"
1189688,"CPU : Error in PDU negotiation ISO : Disconnect error TCP : Message too long"
1189689,"CPU : Error in PDU negotiation ISO : Disconnect error TCP : Protocol wrong type for Socket"
1189690,"CPU : Error in PDU negotiation ISO : Disconnect error TCP : Protocol not available"
1189691,"CPU : Error in PDU negotiation ISO : Disconnect error TCP : Protocol not supported"
1189692,"CPU : Error in PDU negotiation ISO : Disconnect error TCP : Socket not supported"
1189693,"CPU : Error in PDU negotiation ISO : Disconnect error TCP : Operation not supported on Socket"
1189694,"CPU : Error in PDU negotiation ISO : Disconnect error TCP : Protocol family not supported"
1189695,"CPU : Error in PDU negotiation ISO : Disconnect error TCP : Address family not supported"
1189696,"CPU : Error in PDU negotiation ISO : Disconnect error TCP : Address already in use"
1189697,"CPU : Error in PDU negotiation ISO : Disconnect error TCP : Can't assign requested address"
1189698,"CPU : Error in PDU negotiation ISO : Disconnect error TCP : Network is down"
1189699,"CPU : Error in PDU negotiation ISO : Disconnect error TCP : Network is unreachable"
1189700,"CPU : Error in PDU negotiation ISO : Disconnect error TCP : Network dropped connection on reset"
1189701,"CPU : Error in PDU negotiation ISO : Disconnect error TCP : Software caused connection abort"
1189702,"CPU : Error in PDU negotiation ISO : Disconnect error TCP : Connection reset by peer"
1189703,"CPU : Error in PDU negotiation ISO : Disconnect error TCP : No Buffer space available"
1189704,"CPU : Error in PDU negotiation ISO : Disconnect error TCP : Socket is already connected"
1189705,"CPU : Error in PDU negotiation ISO : Disconnect error TCP : Socket is not connected"
1189706,"CPU : Error in PDU negotiation ISO : Disconnect error TCP : Can't send after Socket shutdown"
1189707,"CPU : Error in PDU negotiation ISO : Disconnect error TCP : Too many references:can't splice"
1189708,"CPU : Error in PDU negotiation ISO : Disconnect error TCP : Connection timed out"
1189709,"CPU : Error in PDU negotiation ISO : Disconnect error TCP : Connection refused"
1189710,"CPU : Error in PDU negotiation ISO : Disconnect error TCP : Too many levels of symbolic links"
1189711,"CPU : Error in PDU negotiation ISO : Disconnect error TCP : File name is too long"
1189712,"CPU : Error in PDU negotiation ISO : Disconnect error TCP : Host is down"
1189713,"CPU : Error in PDU negotiation ISO : Disconnect error TCP : Unreachable peer"
1189714,"CPU : Error in PDU negotiation ISO : Disconnect error TCP : Directory is not empty"
1189715,"CPU : Error in PDU negotiation ISO : Disconnect error TCP : Too many processes"
1189716,"CPU : Error in PDU negotiation ISO : Disconnect error TCP : Too many users"
1189717,"CPU : Error in PDU negotiation ISO : Disconnect error TCP : Disk quota exceeded"
1189718,"CPU : Error in PDU negotiation ISO : Disconnect error TCP : Stale NFS file handle"
1189719,"CPU : Error in PDU negotiation ISO : Disconnect error TCP : Too many levels of remote in path"
1189739,"CPU : Error in PDU negotiation ISO : Disconnect error TCP : Network subsystem is unusable"
1189740,"CPU : Error in PDU negotiation ISO : Disconnect error TCP : Winsock DLL cannot support this application"
1189741,"CPU : Error in PDU negotiation ISO : Disconnect error TCP : Winsock not initialized"
1189749,"CPU : Error in PDU negotiation ISO : Disconnect error TCP : Disconnect"
1190649,"CPU : Error in PDU negotiation ISO : Disconnect error TCP : Host not found"
1190650,"CPU : Error in PDU negotiation ISO : Disconnect error TCP : Non authoritative - host not found"
1190651,"CPU : Error in PDU negotiation ISO : Disconnect error TCP : Non recoverable error"
1190652,"CPU : Error in PDU negotiation ISO : Disconnect error TCP : Valid name, no data record of requested type"
1191649,"CPU : Error in PDU negotiation ISO : Disconnect error TCP : Invalid address"
1245184,"CPU : Error in PDU negotiation ISO : Bad PDU format"
1255188,"CPU : Error in PDU negotiation ISO : Bad PDU format TCP : Interrupted system call"
1255193,"CPU : Error in PDU negotiation ISO : Bad PDU format TCP : Bad file number"
1255197,"CPU : Error in PDU negotiation ISO : Bad PDU format TCP : Permission denied"
1255198,"CPU : Error in PDU negotiation ISO : Bad PDU format TCP : Bad address"
1255206,"CPU : Error in PDU negotiation ISO : Bad PDU format TCP : Invalid argument"
1255208,"CPU : Error in PDU negotiation ISO : Bad PDU format TCP : Too many open files"
1255219,"CPU : Error in PDU negotiation ISO : Bad PDU format TCP : Operation would block"
1255220,"CPU : Error in PDU negotiation ISO : Bad PDU format TCP : Operation now in progress"
1255221,"CPU : Error in PDU negotiation ISO : Bad PDU format TCP : Operation already in progress"
1255222,"CPU : Error in PDU negotiation ISO : Bad PDU format TCP : Socket operation on non socket"
1255223,"CPU : Error in PDU negotiation ISO : Bad PDU format TCP : Destination address required"
1255224,"CPU : Error in PDU negotiation ISO : Bad PDU format TCP : Message too long"
1255225,"CPU : Error in PDU negotiation ISO : Bad PDU format TCP : Protocol wrong type for Socket"
1255226,"CPU : Error in PDU negotiation ISO : Bad PDU format TCP : Protocol not available"
1255227,"CPU : Error in PDU negotiation ISO : Bad PDU format TCP : Protocol not supported"
1255228,"CPU : Error in PDU negotiation ISO : Bad PDU format TCP : Socket not supported"
1255229,"CPU : Error in PDU negotiation ISO : Bad PDU format TCP : Operation not supported on Socket"
1255230,"CPU : Error in PDU negotiation ISO : Bad PDU format TCP : Protocol family not supported"
1255231,"CPU : Error in PDU negotiation ISO : Bad PDU format TCP : Address family not supported"
1255232,"CPU : Error in PDU negotiation ISO : Bad PDU format TCP : Address already in use"
1255233,"CPU : Error in PDU negotiation ISO : Bad PDU format TCP : Can't assign requested address"
1255234,"CPU : Error in PDU negotiation ISO : Bad PDU format TCP : Network is down"
1255235,"CPU : Error in PDU negotiation ISO : Bad PDU format TCP : Network is unreachable"
1255236,"CPU : Error in PDU negotiation ISO : Bad PDU format TCP : Network dropped connection on reset"
1255237,"CPU : Error in PDU negotiation ISO : Bad PDU format TCP : Software caused connection abort"
1255238,"CPU : Error in PDU negotiation ISO : Bad PDU format TCP : Connection reset by peer"
1255239,"CPU : Error in PDU negotiation ISO : Bad PDU format TCP : No Buffer space available"
1255240,"CPU : Error in PDU negotiation ISO : Bad PDU format TCP : Socket is already connected"
1255241,"CPU : Error in PDU negotiation ISO : Bad PDU format TCP : Socket is not connected"
1255242,"CPU : Error in PDU negotiation ISO : Bad PDU format TCP : Can't send after Socket shutdown"
1255243,"CPU : Error in PDU negotiation ISO : Bad PDU format TCP : Too many references:can't splice"
1255244,"CPU : Error in PDU negotiation ISO : Bad PDU format TCP : Connection timed out"
1255245,"CPU : Error in PDU negotiation ISO : Bad PDU format TCP : Connection refused"
1255246,"CPU : Error in PDU negotiation ISO : Bad PDU format TCP : Too many levels of symbolic links"
1255247,"CPU : Error in PDU negotiation ISO : Bad PDU format TCP : File name is too long"
1255248,"CPU : Error in PDU negotiation ISO : Bad PDU format TCP : Host is down"
1255249,"CPU : Error in PDU negotiation ISO : Bad PDU format TCP : Unreachable peer"
1255250,"CPU : Error in PDU negotiation ISO : Bad PDU format TCP : Directory is not empty"
1255251,"CPU : Error in PDU negotiation ISO : Bad PDU format TCP : Too many processes"
1255252,"CPU : Error in PDU negotiation ISO : Bad PDU format TCP : Too many users"
1255253,"CPU : Error in PDU negotiation ISO : Bad PDU format TCP : Disk quota exceeded"
1255254,"CPU : Error in PDU negotiation ISO : Bad PDU format TCP : Stale NFS file handle"
1255255,"CPU : Error in PDU negotiation ISO : Bad PDU format TCP : Too many levels of remote in path"
1255275,"CPU : Error in PDU negotiation ISO : Bad PDU format TCP : Network subsystem is unusable"
1255276,"CPU : Error in PDU negotiation ISO : Bad PDU format TCP : Winsock DLL cannot support this application"
1255277,"CPU : Error in PDU negotiation ISO : Bad PDU format TCP : Winsock not initialized"
1255285,"CPU : Error in PDU negotiation ISO : Bad PDU format TCP : Disconnect"
1256185,"CPU : Error in PDU negotiation ISO : Bad PDU format TCP : Host not found"
1256186,"CPU : Error in PDU negotiation ISO : Bad PDU format TCP : Non authoritative - host not found"
1256187,"CPU : Error in PDU negotiation ISO : Bad PDU format TCP : Non recoverable error"
1256188,"CPU : Error in PDU negotiation ISO : Bad PDU format TCP : Valid name, no data record of requested type"
1257185,"CPU : Error in PDU negotiation ISO : Bad PDU format TCP : Invalid address"
1310720,"CPU : Error in PDU negotiation ISO : Datasize passed to send/recv buffer is invalid"
1320724,"CPU : Error in PDU negotiation ISO : Datasize passed to send/recv buffer is invalid TCP : Interrupted system call"
1320729,"CPU : Error in PDU negotiation ISO : Datasize passed to send/recv buffer is invalid TCP : Bad file number"
1320733,"CPU : Error in PDU negotiation ISO : Datasize passed to send/recv buffer is invalid TCP : Permission denied"
1320734,"CPU : Error in PDU negotiation ISO : Datasize passed to send/recv buffer is invalid TCP : Bad address"
1320742,"CPU : Error in PDU negotiation ISO : Datasize passed to send/recv buffer is invalid TCP : Invalid argument"
1320744,"CPU : Error in PDU negotiation ISO : Datasize passed to send/recv buffer is invalid TCP : Too many open files"
1320755,"CPU : Error in PDU negotiation ISO : Datasize passed to send/recv buffer is invalid TCP : Operation would block"
1320756,"CPU : Error in PDU negotiation ISO : Datasize passed to send/recv buffer is invalid TCP : Operation now in progress"
1320757,"CPU : Error in PDU negotiation ISO : Datasize passed to send/recv buffer is invalid TCP : Operation already in progress"
1320758,"CPU : Error in PDU negotiation ISO : Datasize passed to send/recv buffer is invalid TCP : Socket operation on non socket"
1320759,"CPU : Error in PDU negotiation ISO : Datasize passed to send/recv buffer is invalid TCP : Destination address required"
1320760,"CPU : Error in PDU negotiation ISO : Datasize passed to send/recv buffer is invalid TCP : Message too long"
1320761,"CPU : Error in PDU negotiation ISO : Datasize passed to send/recv buffer is invalid TCP : Protocol wrong type for Socket"
1320762,"CPU : Error in PDU negotiation ISO : Datasize passed to send/recv buffer is invalid TCP : Protocol not available"
1320763,"CPU : Error in PDU negotiation ISO : Datasize passed to send/recv buffer is invalid TCP : Protocol not supported"
1320764,"CPU : Error in PDU negotiation ISO : Datasize passed to send/recv buffer is invalid TCP : Socket not supported"
1320765,"CPU : Error in PDU negotiation ISO : Datasize passed to send/recv buffer is invalid TCP : Operation not supported on Socket"
1320766,"CPU : Error in PDU negotiation ISO : Datasize passed to send/recv buffer is invalid TCP : Protocol family not supported"
1320767,"CPU : Error in PDU negotiation ISO : Datasize passed to send/recv buffer is invalid TCP : Address family not supported"
1320768,"CPU : Error in PDU negotiation ISO : Datasize passed to send/recv buffer is invalid TCP : Address already in use"
1320769,"CPU : Error in PDU negotiation ISO : Datasize passed to send/recv buffer is invalid TCP : Can't assign requested address"
1320770,"CPU : Error in PDU negotiation ISO : Datasize passed to send/recv buffer is invalid TCP : Network is down"
1320771,"CPU : Error in PDU negotiation ISO : Datasize passed to send/recv buffer is invalid TCP : Network is unreachable"
1320772,"CPU : Error in PDU negotiation ISO : Datasize passed to send/recv buffer is invalid TCP : Network dropped connection on reset"
1320773,"CPU : Error in PDU negotiation ISO : Datasize passed to send/recv buffer is invalid TCP : Software caused connection abort"
1320774,"CPU : Error in PDU negotiation ISO : Datasize passed to send/recv buffer is invalid TCP : Connection reset by peer"
1320775,"CPU : Error in PDU negotiation ISO : Datasize passed to send/recv buffer is invalid TCP : No Buffer space available"
1320776,"CPU : Error in PDU negotiation ISO : Datasize passed to send/recv buffer is invalid TCP : Socket is already connected"
1320777,"CPU : Error in PDU negotiation ISO : Datasize passed to send/recv buffer is invalid TCP : Socket is not connected"
1320778,"CPU : Error in PDU negotiation ISO : Datasize passed to send/recv buffer is invalid TCP : Can't send after Socket shutdown"
1320779,"CPU : Error in PDU negotiation ISO : Datasize passed to send/recv buffer is invalid TCP : Too many references:can't splice"
1320780,"CPU : Error in PDU negotiation ISO : Datasize passed to send/recv buffer is invalid TCP : Connection timed out"
1320781,"CPU : Error in PDU negotiation ISO : Datasize passed to send/recv buffer is invalid TCP : Connection refused"
1320782,"CPU : Error in PDU negotiation ISO : Datasize passed to send/recv buffer is invalid TCP : Too many levels of symbolic links"
1320783,"CPU : Error in PDU negotiation ISO : Datasize passed to send/recv buffer is invalid TCP : File name is too long"
1320784,"CPU : Error in PDU negotiation ISO : Datasize passed to send/recv buffer is invalid TCP : Host is down"
1320785,"CPU : Error in PDU negotiation ISO : Datasize passed to send/recv buffer is invalid TCP : Unreachable peer"
1320786,"CPU : Error in PDU negotiation ISO : Datasize passed to send/recv buffer is invalid TCP : Directory is not empty"
1320787,"CPU : Error in PDU negotiation ISO : Datasize passed to send/recv buffer is invalid TCP : Too many processes"
1320788,"CPU : Error in PDU negotiation ISO : Datasize passed to send/recv buffer is invalid TCP : Too many users"
1320789,"CPU : Error in PDU negotiation ISO : Datasize passed to send/recv buffer is invalid TCP : Disk quota exceeded"
1320790,"CPU : Error in PDU negotiation ISO : Datasize passed to send/recv buffer is invalid TCP : Stale NFS file handle"
1320791,"CPU : Error in PDU negotiation ISO : Datasize passed to send/recv buffer is invalid TCP : Too many levels of remote in path"
1320811,"CPU : Error in PDU negotiation ISO : Datasize passed to send/recv buffer is invalid TCP : Network subsystem is unusable"
1320812,"CPU : Error in PDU negotiation ISO : Datasize passed to send/recv buffer is invalid TCP : Winsock DLL cannot support this application"
1320813,"CPU : Error in PDU negotiation ISO : Datasize passed to send/recv buffer is invalid TCP : Winsock not initialized"
1320821,"CPU : Error in PDU negotiation ISO : Datasize passed to send/recv buffer is invalid TCP : Disconnect"
1321721,"CPU : Error in PDU negotiation ISO : Datasize passed to send/recv buffer is invalid TCP : Host not found"
1321722,"CPU : Error in PDU negotiation ISO : Datasize passed to send/recv buffer is invalid TCP : Non authoritative - host not found"
1321723,"CPU : Error in PDU negotiation ISO : Datasize passed to send/recv buffer is invalid TCP : Non recoverable error"
1321724,"CPU : Error in PDU negotiation ISO : Datasize passed to send/recv buffer is invalid TCP : Valid name, no data record of requested type"
1322721,"CPU : Error in PDU negotiation ISO : Datasize passed to send/recv buffer is invalid TCP : Invalid address"
1376256,"CPU : Error in PDU negotiation ISO : Null passed as pointer"
1386260,"CPU : Error in PDU negotiation ISO : Null passed as pointer TCP : Interrupted system call"
1386265,"CPU : Error in PDU negotiation ISO : Null passed as pointer TCP : Bad file number"
1386269,"CPU : Error in PDU negotiation ISO : Null passed as pointer TCP : Permission denied"
1386270,"CPU : Error in PDU negotiation ISO : Null passed as pointer TCP : Bad address"
1386278,"CPU : Error in PDU negotiation ISO : Null passed as pointer TCP : Invalid argument"
1386280,"CPU : Error in PDU negotiation ISO : Null passed as pointer TCP : Too many open files"
1386291,"CPU : Error in PDU negotiation ISO : Null passed as pointer TCP : Operation would block"
1386292,"CPU : Error in PDU negotiation ISO : Null passed as pointer TCP : Operation now in progress"
1386293,"CPU : Error in PDU negotiation ISO : Null passed as pointer TCP : Operation already in progress"
1386294,"CPU : Error in PDU negotiation ISO : Null passed as pointer TCP : Socket operation on non socket"
1386295,"CPU : Error in PDU negotiation ISO : Null passed as pointer TCP : Destination address required"
1386296,"CPU : Error in PDU negotiation ISO : Null passed as pointer TCP : Message too long"
1386297,"CPU : Error in PDU negotiation ISO : Null passed as pointer TCP : Protocol wrong type for Socket"
1386298,"CPU : Error in PDU negotiation ISO : Null passed as pointer TCP : Protocol not available"
1386299,"CPU : Error in PDU negotiation ISO : Null passed as pointer TCP : Protocol not supported"
1386300,"CPU : Error in PDU negotiation ISO : Null passed as pointer TCP : Socket not supported"
1386301,"CPU : Error in PDU negotiation ISO : Null passed as pointer TCP : Operation not supported on Socket"
1386302,"CPU : Error in PDU negotiation ISO : Null passed as pointer TCP : Protocol family not supported"
1386303,"CPU : Error in PDU negotiation ISO : Null passed as pointer TCP : Address family not supported"
1386304,"CPU : Error in PDU negotiation ISO : Null passed as pointer TCP : Address already in use"
1386305,"CPU : Error in PDU negotiation ISO : Null passed as pointer TCP : Can't assign requested address"
1386306,"CPU : Error in PDU negotiation ISO : Null passed as pointer TCP : Network is down"
1386307,"CPU : Error in PDU negotiation ISO : Null passed as pointer TCP : Network is unreachable"
1386308,"CPU : Error in PDU negotiation ISO : Null passed as pointer TCP : Network dropped connection on reset"
1386309,"CPU : Error in PDU negotiation ISO : Null passed as pointer TCP : Software caused connection abort"
1386310,"CPU : Error in PDU negotiation ISO : Null passed as pointer TCP : Connection reset by peer"
1386311,"CPU : Error in PDU negotiation ISO : Null passed as pointer TCP : No Buffer space available"
1386312,"CPU : Error in PDU negotiation ISO : Null passed as pointer TCP : Socket is already connected"
1386313,"CPU : Error in PDU negotiation ISO : Null passed as pointer TCP : Socket is not connected"
1386314,"CPU : Error in PDU negotiation ISO : Null passed as pointer TCP : Can't send after Socket shutdown"
1386315,"CPU : Error in PDU negotiation ISO : Null passed as pointer TCP : Too many references:can't splice"
1386316,"CPU : Error in PDU negotiation ISO : Null passed as pointer TCP : Connection timed out"
1386317,"CPU : Error in PDU negotiation ISO : Null passed as pointer TCP : Connection refused"
1386318,"CPU : Error in PDU negotiation ISO : Null passed as pointer TCP : Too many levels of symbolic links"
1386319,"CPU : Error in PDU negotiation ISO : Null passed as pointer TCP : File name is too long"
1386320,"CPU : Error in PDU negotiation ISO : Null passed as pointer TCP : Host is down"
1386321,"CPU : Error in PDU negotiation ISO : Null passed as pointer TCP : Unreachable peer"
1386322,"CPU : Error in PDU negotiation ISO : Null passed as pointer TCP : Directory is not empty"
1386323,"CPU : Error in PDU negotiation ISO : Null passed as pointer TCP : Too many processes"
1386324,"CPU : Error in PDU negotiation ISO : Null passed as pointer TCP : Too many users"
1386325,"CPU : Error in PDU negotiation ISO : Null passed as pointer TCP : Disk quota exceeded"
1386326,"CPU : Error in PDU negotiation ISO : Null passed as pointer TCP : Stale NFS file handle"
1386327,"CPU : Error in PDU negotiation ISO : Null passed as pointer TCP : Too many levels of remote in path"
1386347,"CPU : Error in PDU negotiation ISO : Null passed as pointer TCP : Network subsystem is unusable"
1386348,"CPU : Error in PDU negotiation ISO : Null passed as pointer TCP : Winsock DLL cannot support this application"
1386349,"CPU : Error in PDU negotiation ISO : Null passed as pointer TCP : Winsock not initialized"
1386357,"CPU : Error in PDU negotiation ISO : Null passed as pointer TCP : Disconnect"
1387257,"CPU : Error in PDU negotiation ISO : Null passed as pointer TCP : Host not found"
1387258,"CPU : Error in PDU negotiation ISO : Null passed as pointer TCP : Non authoritative - host not found"
1387259,"CPU : Error in PDU negotiation ISO : Null passed as pointer TCP : Non recoverable error"
1387260,"CPU : Error in PDU negotiation ISO : Null passed as pointer TCP : Valid name, no data record of requested type"
1388257,"CPU : Error in PDU negotiation ISO : Null passed as pointer TCP : Invalid address"
1441792,"CPU : Error in PDU negotiation ISO : A short packet received"
1451796,"CPU : Error in PDU negotiation ISO : A short packet received TCP : Interrupted system call"
1451801,"CPU : Error in PDU negotiation ISO : A short packet received TCP : Bad file number"
1451805,"CPU : Error in PDU negotiation ISO : A short packet received TCP : Permission denied"
1451806,"CPU : Error in PDU negotiation ISO : A short packet received TCP : Bad address"
1451814,"CPU : Error in PDU negotiation ISO : A short packet received TCP : Invalid argument"
1451816,"CPU : Error in PDU negotiation ISO : A short packet received TCP : Too many open files"
1451827,"CPU : Error in PDU negotiation ISO : A short packet received TCP : Operation would block"
1451828,"CPU : Error in PDU negotiation ISO : A short packet received TCP : Operation now in progress"
1451829,"CPU : Error in PDU negotiation ISO : A short packet received TCP : Operation already in progress"
1451830,"CPU : Error in PDU negotiation ISO : A short packet received TCP : Socket operation on non socket"
1451831,"CPU : Error in PDU negotiation ISO : A short packet received TCP : Destination address required"
1451832,"CPU : Error in PDU negotiation ISO : A short packet received TCP : Message too long"
1451833,"CPU : Error in PDU negotiation ISO : A short packet received TCP : Protocol wrong type for Socket"
1451834,"CPU : Error in PDU negotiation ISO : A short packet received TCP : Protocol not available"
1451835,"CPU : Error in PDU negotiation ISO : A short packet received TCP : Protocol not supported"
1451836,"CPU : Error in PDU negotiation ISO : A short packet received TCP : Socket not supported"
1451837,"CPU : Error in PDU negotiation ISO : A short packet received TCP : Operation not supported on Socket"
1451838,"CPU : Error in PDU negotiation ISO : A short packet received TCP : Protocol family not supported"
1451839,"CPU : Error in PDU negotiation ISO : A short packet received TCP : Address family not supported"
1451840,"CPU : Error in PDU negotiation ISO : A short packet received TCP : Address already in use"
1451841,"CPU : Error in PDU negotiation ISO : A short packet received TCP : Can't assign requested address"
1451842,"CPU : Error in PDU negotiation ISO : A short packet received TCP : Network is down"
1451843,"CPU : Error in PDU negotiation ISO : A short packet received TCP : Network is unreachable"
1451844,"CPU : Error in PDU negotiation ISO : A short packet received TCP : Network dropped connection on reset"
1451845,"CPU : Error in PDU negotiation ISO : A short packet received TCP : Software caused connection abort"
1451846,"CPU : Error in PDU negotiation ISO : A short packet received TCP : Connection reset by peer"
1451847,"CPU : Error in PDU negotiation ISO : A short packet received TCP : No Buffer space available"
1451848,"CPU : Error in PDU negotiation ISO : A short packet received TCP : Socket is already connected"
1451849,"CPU : Error in PDU negotiation ISO : A short packet received TCP : Socket is not connected"
1451850,"CPU : Error in PDU negotiation ISO : A short packet received TCP : Can't send after Socket shutdown"
1451851,"CPU : Error in PDU negotiation ISO : A short packet received TCP : Too many references:can't splice"
1451852,"CPU : Error in PDU negotiation ISO : A short packet received TCP : Connection timed out"
1451853,"CPU : Error in PDU negotiation ISO : A short packet received TCP : Connection refused"
1451854,"CPU : Error in PDU negotiation ISO : A short packet received TCP : Too many levels of symbolic links"
1451855,"CPU : Error in PDU negotiation ISO : A short packet received TCP : File name is too long"
1451856,"CPU : Error in PDU negotiation ISO : A short packet received TCP : Host is down"
1451857,"CPU : Error in PDU negotiation ISO : A short packet received TCP : Unreachable peer"
1451858,"CPU : Error in PDU negotiation ISO : A short packet received TCP : Directory is not empty"
1451859,"CPU : Error in PDU negotiation ISO : A short packet received TCP : Too many processes"
1451860,"CPU : Error in PDU negotiation ISO : A short packet received TCP : Too many users"
1451861,"CPU : Error in PDU negotiation ISO : A short packet received TCP : Disk quota exceeded"
1451862,"CPU : Error in PDU negotiation ISO : A short packet received TCP : Stale NFS file handle"
1451863,"CPU : Error in PDU negotiation ISO : A short packet received TCP : Too many levels of remote in path"
1451883,"CPU : Error in PDU negotiation ISO : A short packet received TCP : Network subsystem is unusable"
1451884,"CPU : Error in PDU negotiation ISO : A short packet received TCP : Winsock DLL cannot support this application"
1451885,"CPU : Error in PDU negotiation ISO : A short packet received TCP : Winsock not initialized"
1451893,"CPU : Error in PDU negotiation ISO : A short packet received TCP : Disconnect"
1452793,"CPU : Error in PDU negotiation ISO : A short packet received TCP : Host not found"
1452794,"CPU : Error in PDU negotiation ISO : A short packet received TCP : Non authoritative - host not found"
1452795,"CPU : Error in PDU negotiation ISO : A short packet received TCP : Non recoverable error"
1452796,"CPU : Error in PDU negotiation ISO : A short packet received TCP : Valid name, no data record of requested type"
1453793,"CPU : Error in PDU negotiation ISO : A short packet received TCP : Invalid address"
1507328,"CPU : Error in PDU negotiation ISO : Too many packets without EoT flag"
1517332,"CPU : Error in PDU negotiation ISO : Too many packets without EoT flag TCP : Interrupted system call"
1517337,"CPU : Error in PDU negotiation ISO : Too many packets without EoT flag TCP : Bad file number"
1517341,"CPU : Error in PDU negotiation ISO : Too many packets without EoT flag TCP : Permission denied"
1517342,"CPU : Error in PDU negotiation ISO : Too many packets without EoT flag TCP : Bad address"
1517350,"CPU : Error in PDU negotiation ISO : Too many packets without EoT flag TCP : Invalid argument"
1517352,"CPU : Error in PDU negotiation ISO : Too many packets without EoT flag TCP : Too many open files"
1517363,"CPU : Error in PDU negotiation ISO : Too many packets without EoT flag TCP : Operation would block"
1517364,"CPU : Error in PDU negotiation ISO : Too many packets without EoT flag TCP : Operation now in progress"
1517365,"CPU : Error in PDU negotiation ISO : Too many packets without EoT flag TCP : Operation already in progress"
1517366,"CPU : Error in PDU negotiation ISO : Too many packets without EoT flag TCP : Socket operation on non socket"
1517367,"CPU : Error in PDU negotiation ISO : Too many packets without EoT flag TCP : Destination address required"
1517368,"CPU : Error in PDU negotiation ISO : Too many packets without EoT flag TCP : Message too long"
1517369,"CPU : Error in PDU negotiation ISO : Too many packets without EoT flag TCP : Protocol wrong type for Socket"
1517370,"CPU : Error in PDU negotiation ISO : Too many packets without EoT flag TCP : Protocol not available"
1517371,"CPU : Error in PDU negotiation ISO : Too many packets without EoT flag TCP : Protocol not supported"
1517372,"CPU : Error in PDU negotiation ISO : Too many packets without EoT flag TCP : Socket not supported"
1517373,"CPU : Error in PDU negotiation ISO : Too many packets without EoT flag TCP : Operation not supported on Socket"
1517374,"CPU : Error in PDU negotiation ISO : Too many packets without EoT flag TCP : Protocol family not supported"
1517375,"CPU : Error in PDU negotiation ISO : Too many packets without EoT flag TCP : Address family not supported"
1517376,"CPU : Error in PDU negotiation ISO : Too many packets without EoT flag TCP : Address already in use"
1517377,"CPU : Error in PDU negotiation ISO : Too many packets without EoT flag TCP : Can't assign requested address"
1517378,"CPU : Error in PDU negotiation ISO : Too many packets without EoT flag TCP : Network is down"
1517379,"CPU : Error in PDU negotiation ISO : Too many packets without EoT flag TCP : Network is unreachable"
1517380,"CPU : Error in PDU negotiation ISO : Too many packets without EoT flag TCP : Network dropped connection on reset"
1517381,"CPU : Error in PDU negotiation ISO : Too many packets without EoT flag TCP : Software caused connection abort"
1517382,"CPU : Error in PDU negotiation ISO : Too many packets without EoT flag TCP : Connection reset by peer"
1517383,"CPU : Error in PDU negotiation ISO : Too many packets without EoT flag TCP : No Buffer space available"
1517384,"CPU : Error in PDU negotiation ISO : Too many packets without EoT flag TCP : Socket is already connected"
1517385,"CPU : Error in PDU negotiation ISO : Too many packets without EoT flag TCP : Socket is not connected"
1517386,"CPU : Error in PDU negotiation ISO : Too many packets without EoT flag TCP : Can't send after Socket shutdown"
1517387,"CPU : Error in PDU negotiation ISO : Too many packets without EoT flag TCP : Too many references:can't splice"
1517388,"CPU : Error in PDU negotiation ISO : Too many packets without EoT flag TCP : Connection timed out"
1517389,"CPU : Error in PDU negotiation ISO : Too many packets without EoT flag TCP : Connection refused"
1517390,"CPU : Error in PDU negotiation ISO : Too many packets without EoT flag TCP : Too many levels of symbolic links"
1517391,"CPU : Error in PDU negotiation ISO : Too many packets without EoT flag TCP : File name is too long"
1517392,"CPU : Error in PDU negotiation ISO : Too many packets without EoT flag TCP : Host is down"
1517393,"CPU : Error in PDU negotiation ISO : Too many packets without EoT flag TCP : Unreachable peer"
1517394,"CPU : Error in PDU negotiation ISO : Too many packets without EoT flag TCP : Directory is not empty"
1517395,"CPU : Error in PDU negotiation ISO : Too many packets without EoT flag TCP : Too many processes"
1517396,"CPU : Error in PDU negotiation ISO : Too many packets without EoT flag TCP : Too many users"
1517397,"CPU : Error in PDU negotiation ISO : Too many packets without EoT flag TCP : Disk quota exceeded"
1517398,"CPU : Error in PDU negotiation ISO : Too many packets without EoT flag TCP : Stale NFS file handle"
1517399,"CPU : Error in PDU negotiation ISO : Too many packets without EoT flag TCP : Too many levels of remote in path"
1517419,"CPU : Error in PDU negotiation ISO : Too many packets without EoT flag TCP : Network subsystem is unusable"
1517420,"CPU : Error in PDU negotiation ISO : Too many packets without EoT flag TCP : Winsock DLL cannot support this application"
1517421,"CPU : Error in PDU negotiation ISO : Too many packets without EoT flag TCP : Winsock not initialized"
1517429,"CPU : Error in PDU negotiation ISO : Too many packets without EoT flag TCP : Disconnect"
1518329,"CPU : Error in PDU negotiation ISO : Too many packets without EoT flag TCP : Host not found"
1518330,"CPU : Error in PDU negotiation ISO : Too many packets without EoT flag TCP : Non authoritative - host not found"
1518331,"CPU : Error in PDU negotiation ISO : Too many packets without EoT flag TCP : Non recoverable error"
1518332,"CPU : Error in PDU negotiation ISO : Too many packets without EoT flag TCP : Valid name, no data record of requested type"
1519329,"CPU : Error in PDU negotiation ISO : Too many packets without EoT flag TCP : Invalid address"
1572864,"CPU : Error in PDU negotiation ISO : The sum of fragments data exceded maximum packet size"
1582868,"CPU : Error in PDU negotiation ISO : The sum of fragments data exceded maximum packet size TCP : Interrupted system call"
1582873,"CPU : Error in PDU negotiation ISO : The sum of fragments data exceded maximum packet size TCP : Bad file number"
1582877,"CPU : Error in PDU negotiation ISO : The sum of fragments data exceded maximum packet size TCP : Permission denied"
1582878,"CPU : Error in PDU negotiation ISO : The sum of fragments data exceded maximum packet size TCP : Bad address"
1582886,"CPU : Error in PDU negotiation ISO : The sum of fragments data exceded maximum packet size TCP : Invalid argument"
1582888,"CPU : Error in PDU negotiation ISO : The sum of fragments data exceded maximum packet size TCP : Too many open files"
1582899,"CPU : Error in PDU negotiation ISO : The sum of fragments data exceded maximum packet size TCP : Operation would block"
1582900,"CPU : Error in PDU negotiation ISO : The sum of fragments data exceded maximum packet size TCP : Operation now in progress"
1582901,"CPU : Error in PDU negotiation ISO : The sum of fragments data exceded maximum packet size TCP : Operation already in progress"
1582902,"CPU : Error in PDU negotiation ISO : The sum of fragments data exceded maximum packet size TCP : Socket operation on non socket"
1582903,"CPU : Error in PDU negotiation ISO : The sum of fragments data exceded maximum packet size TCP : Destination address required"
1582904,"CPU : Error in PDU negotiation ISO : The sum of fragments data exceded maximum packet size TCP : Message too long"
1582905,"CPU : Error in PDU negotiation ISO : The sum of fragments data exceded maximum packet size TCP : Protocol wrong type for Socket"
1582906,"CPU : Error in PDU negotiation ISO : The sum of fragments data exceded maximum packet size TCP : Protocol not available"
1582907,"CPU : Error in PDU negotiation ISO : The sum of fragments data exceded maximum packet size TCP : Protocol not supported"
1582908,"CPU : Error in PDU negotiation ISO : The sum of fragments data exceded maximum packet size TCP : Socket not supported"
1582909,"CPU : Error in PDU negotiation ISO : The sum of fragments data exceded maximum packet size TCP : Operation not supported on Socket"
1582910,"CPU : Error in PDU negotiation ISO : The sum of fragments data exceded maximum packet size TCP : Protocol family not supported"
1582911,"CPU : Error in PDU negotiation ISO : The sum of fragments data exceded maximum packet size TCP : Address family not supported"
1582912,"CPU : Error in PDU negotiation ISO : The sum of fragments data exceded maximum packet size TCP : Address already in use"
1582913,"CPU : Error in PDU negotiation ISO : The sum of fragments data exceded maximum packet size TCP : Can't assign requested address"
1582914,"CPU : Error in PDU negotiation ISO : The sum of fragments data exceded maximum packet size TCP : Network is down"
1582915,"CPU : Error in PDU negotiation ISO : The sum of fragments data exceded maximum packet size TCP : Network is unreachable"
1582916,"CPU : Error in PDU negotiation ISO : The sum of fragments data exceded maximum packet size TCP : Network dropped connection on reset"
1582917,"CPU : Error in PDU negotiation ISO : The sum of fragments data exceded maximum packet size TCP : Software caused connection abort"
1582918,"CPU : Error in PDU negotiation ISO : The sum of fragments data exceded maximum packet size TCP : Connection reset by peer"
1582919,"CPU : Error in PDU negotiation ISO : The sum of fragments data exceded maximum packet size TCP : No Buffer space available"
1582920,"CPU : Error in PDU negotiation ISO : The sum of fragments data exceded maximum packet size TCP : Socket is already connected"
1582921,"CPU : Error in PDU negotiation ISO : The sum of fragments data exceded maximum packet size TCP : Socket is not connected"
1582922,"CPU : Error in PDU negotiation ISO : The sum of fragments data exceded maximum packet size TCP : Can't send after Socket shutdown"
1582923,"CPU : Error in PDU negotiation ISO : The sum of fragments data exceded maximum packet size TCP : Too many references:can't splice"
1582924,"CPU : Error in PDU negotiation ISO : The sum of fragments data exceded maximum packet size TCP : Connection timed out"
1582925,"CPU : Error in PDU negotiation ISO : The sum of fragments data exceded maximum packet size TCP : Connection refused"
1582926,"CPU : Error in PDU negotiation ISO : The sum of fragments data exceded maximum packet size TCP : Too many levels of symbolic links"
1582927,"CPU : Error in PDU negotiation ISO : The sum of fragments data exceded maximum packet size TCP : File name is too long"
1582928,"CPU : Error in PDU negotiation ISO : The sum of fragments data exceded maximum packet size TCP : Host is down"
1582929,"CPU : Error in PDU negotiation ISO : The sum of fragments data exceded maximum packet size TCP : Unreachable peer"
1582930,"CPU : Error in PDU negotiation ISO : The sum of fragments data exceded maximum packet size TCP : Directory is not empty"
1582931,"CPU : Error in PDU negotiation ISO : The sum of fragments data exceded maximum packet size TCP : Too many processes"
1582932,"CPU : Error in PDU negotiation ISO : The sum of fragments data exceded maximum packet size TCP : Too many users"
1582933,"CPU : Error in PDU negotiation ISO : The sum of fragments data exceded maximum packet size TCP : Disk quota exceeded"
1582934,"CPU : Error in PDU negotiation ISO : The sum of fragments data exceded maximum packet size TCP : Stale NFS file handle"
1582935,"CPU : Error in PDU negotiation ISO : The sum of fragments data exceded maximum packet size TCP : Too many levels of remote in path"
1582955,"CPU : Error in PDU negotiation ISO : The sum of fragments data exceded maximum packet size TCP : Network subsystem is unusable"
1582956,"CPU : Error in PDU negotiation ISO : The sum of fragments data exceded maximum packet size TCP : Winsock DLL cannot support this application"
1582957,"CPU : Error in PDU negotiation ISO : The sum of fragments data exceded maximum packet size TCP : Winsock not initialized"
1582965,"CPU : Error in PDU negotiation ISO : The sum of fragments data exceded maximum packet size TCP : Disconnect"
1583865,"CPU : Error in PDU negotiation ISO : The sum of fragments data exceded maximum packet size TCP : Host not found"
1583866,"CPU : Error in PDU negotiation ISO : The sum of fragments data exceded maximum packet size TCP : Non authoritative - host not found"
1583867,"CPU : Error in PDU negotiation ISO : The sum of fragments data exceded maximum packet size TCP : Non recoverable error"
1583868,"CPU : Error in PDU negotiation ISO : The sum of fragments data exceded maximum packet size TCP : Valid name, no data record of requested type"
1584865,"CPU : Error in PDU negotiation ISO : The sum of fragments data exceded maximum packet size TCP : Invalid address"
1638400,"CPU : Error in PDU negotiation ISO : An error occurred during send"
1648404,"CPU : Error in PDU negotiation ISO : An error occurred during send TCP : Interrupted system call"
1648409,"CPU : Error in PDU negotiation ISO : An error occurred during send TCP : Bad file number"
1648413,"CPU : Error in PDU negotiation ISO : An error occurred during send TCP : Permission denied"
1648414,"CPU : Error in PDU negotiation ISO : An error occurred during send TCP : Bad address"
1648422,"CPU : Error in PDU negotiation ISO : An error occurred during send TCP : Invalid argument"
1648424,"CPU : Error in PDU negotiation ISO : An error occurred during send TCP : Too many open files"
1648435,"CPU : Error in PDU negotiation ISO : An error occurred during send TCP : Operation would block"
1648436,"CPU : Error in PDU negotiation ISO : An error occurred during send TCP : Operation now in progress"
1648437,"CPU : Error in PDU negotiation ISO : An error occurred during send TCP : Operation already in progress"
1648438,"CPU : Error in PDU negotiation ISO : An error occurred during send TCP : Socket operation on non socket"
1648439,"CPU : Error in PDU negotiation ISO : An error occurred during send TCP : Destination address required"
1648440,"CPU : Error in PDU negotiation ISO : An error occurred during send TCP : Message too long"
1648441,"CPU : Error in PDU negotiation ISO : An error occurred during send TCP : Protocol wrong type for Socket"
1648442,"CPU : Error in PDU negotiation ISO : An error occurred during send TCP : Protocol not available"
1648443,"CPU : Error in PDU negotiation ISO : An error occurred during send TCP : Protocol not supported"
1648444,"CPU : Error in PDU negotiation ISO : An error occurred during send TCP : Socket not supported"
1648445,"CPU : Error in PDU negotiation ISO : An error occurred during send TCP : Operation not supported on Socket"
1648446,"CPU : Error in PDU negotiation ISO : An error occurred during send TCP : Protocol family not supported"
1648447,"CPU : Error in PDU negotiation ISO : An error occurred during send TCP : Address family not supported"
1648448,"CPU : Error in PDU negotiation ISO : An error occurred during send TCP : Address already in use"
1648449,"CPU : Error in PDU negotiation ISO : An error occurred during send TCP : Can't assign requested address"
1648450,"CPU : Error in PDU negotiation ISO : An error occurred during send TCP : Network is down"
1648451,"CPU : Error in PDU negotiation ISO : An error occurred during send TCP : Network is unreachable"
1648452,"CPU : Error in PDU negotiation ISO : An error occurred during send TCP : Network dropped connection on reset"
1648453,"CPU : Error in PDU negotiation ISO : An error occurred during send TCP : Software caused connection abort"
1648454,"CPU : Error in PDU negotiation ISO : An error occurred during send TCP : Connection reset by peer"
1648455,"CPU : Error in PDU negotiation ISO : An error occurred during send TCP : No Buffer space available"
1648456,"CPU : Error in PDU negotiation ISO : An error occurred during send TCP : Socket is already connected"
1648457,"CPU : Error in PDU negotiation ISO : An error occurred during send TCP : Socket is not connected"
1648458,"CPU : Error in PDU negotiation ISO : An error occurred during send TCP : Can't send after Socket shutdown"
1648459,"CPU : Error in PDU negotiation ISO : An error occurred during send TCP : Too many references:can't splice"
1648460,"CPU : Error in PDU negotiation ISO : An error occurred during send TCP : Connection timed out"
1648461,"CPU : Error in PDU negotiation ISO : An error occurred during send TCP : Connection refused"
1648462,"CPU : Error in PDU negotiation ISO : An error occurred during send TCP : Too many levels of symbolic links"
1648463,"CPU : Error in PDU negotiation ISO : An error occurred during send TCP : File name is too long"
1648464,"CPU : Error in PDU negotiation ISO : An error occurred during send TCP : Host is down"
1648465,"CPU : Error in PDU negotiation ISO : An error occurred during send TCP : Unreachable peer"
1648466,"CPU : Error in PDU negotiation ISO : An error occurred during send TCP : Directory is not empty"
1648467,"CPU : Error in PDU negotiation ISO : An error occurred during send TCP : Too many processes"
1648468,"CPU : Error in PDU negotiation ISO : An error occurred during send TCP : Too many users"
1648469,"CPU : Error in PDU negotiation ISO : An error occurred during send TCP : Disk quota exceeded"
1648470,"CPU : Error in PDU negotiation ISO : An error occurred during send TCP : Stale NFS file handle"
1648471,"CPU : Error in PDU negotiation ISO : An error occurred during send TCP : Too many levels of remote in path"
1648491,"CPU : Error in PDU negotiation ISO : An error occurred during send TCP : Network subsystem is unusable"
1648492,"CPU : Error in PDU negotiation ISO : An error occurred during send TCP : Winsock DLL cannot support this application"
1648493,"CPU : Error in PDU negotiation ISO : An error occurred during send TCP : Winsock not initialized"
1648501,"CPU : Error in PDU negotiation ISO : An error occurred during send TCP : Disconnect"
1649401,"CPU : Error in PDU negotiation ISO : An error occurred during send TCP : Host not found"
1649402,"CPU : Error in PDU negotiation ISO : An error occurred during send TCP : Non authoritative - host not found"
1649403,"CPU : Error in PDU negotiation ISO : An error occurred during send TCP : Non recoverable error"
1649404,"CPU : Error in PDU negotiation ISO : An error occurred during send TCP : Valid name, no data record of requested type"
1650401,"CPU : Error in PDU negotiation ISO : An error occurred during send TCP : Invalid address"
1703936,"CPU : Error in PDU negotiation ISO : An error occurred during recv"
1713940,"CPU : Error in PDU negotiation ISO : An error occurred during recv TCP : Interrupted system call"
1713945,"CPU : Error in PDU negotiation ISO : An error occurred during recv TCP : Bad file number"
1713949,"CPU : Error in PDU negotiation ISO : An error occurred during recv TCP : Permission denied"
1713950,"CPU : Error in PDU negotiation ISO : An error occurred during recv TCP : Bad address"
1713958,"CPU : Error in PDU negotiation ISO : An error occurred during recv TCP : Invalid argument"
1713960,"CPU : Error in PDU negotiation ISO : An error occurred during recv TCP : Too many open files"
1713971,"CPU : Error in PDU negotiation ISO : An error occurred during recv TCP : Operation would block"
1713972,"CPU : Error in PDU negotiation ISO : An error occurred during recv TCP : Operation now in progress"
1713973,"CPU : Error in PDU negotiation ISO : An error occurred during recv TCP : Operation already in progress"
1713974,"CPU : Error in PDU negotiation ISO : An error occurred during recv TCP : Socket operation on non socket"
1713975,"CPU : Error in PDU negotiation ISO : An error occurred during recv TCP : Destination address required"
1713976,"CPU : Error in PDU negotiation ISO : An error occurred during recv TCP : Message too long"
1713977,"CPU : Error in PDU negotiation ISO : An error occurred during recv TCP : Protocol wrong type for Socket"
1713978,"CPU : Error in PDU negotiation ISO : An error occurred during recv TCP : Protocol not available"
1713979,"CPU : Error in PDU negotiation ISO : An error occurred during recv TCP : Protocol not supported"
1713980,"CPU : Error in PDU negotiation ISO : An error occurred during recv TCP : Socket not supported"
1713981,"CPU : Error in PDU negotiation ISO : An error occurred during recv TCP : Operation not supported on Socket"
1713982,"CPU : Error in PDU negotiation ISO : An error occurred during recv TCP : Protocol family not supported"
1713983,"CPU : Error in PDU negotiation ISO : An error occurred during recv TCP : Address family not supported"
1713984,"CPU : Error in PDU negotiation ISO : An error occurred during recv TCP : Address already in use"
1713985,"CPU : Error in PDU negotiation ISO : An error occurred during recv TCP : Can't assign requested address"
1713986,"CPU : Error in PDU negotiation ISO : An error occurred during recv TCP : Network is down"
1713987,"CPU : Error in PDU negotiation ISO : An error occurred during recv TCP : Network is unreachable"
1713988,"CPU : Error in PDU negotiation ISO : An error occurred during recv TCP : Network dropped connection on reset"
1713989,"CPU : Error in PDU negotiation ISO : An error occurred during recv TCP : Software caused connection abort"
1713990,"CPU : Error in PDU negotiation ISO : An error occurred during recv TCP : Connection reset by peer"
1713991,"CPU : Error in PDU negotiation ISO : An error occurred during recv TCP : No Buffer space available"
1713992,"CPU : Error in PDU negotiation ISO : An error occurred during recv TCP : Socket is already connected"
1713993,"CPU : Error in PDU negotiation ISO : An error occurred during recv TCP : Socket is not connected"
1713994,"CPU : Error in PDU negotiation ISO : An error occurred during recv TCP : Can't send after Socket shutdown"
1713995,"CPU : Error in PDU negotiation ISO : An error occurred during recv TCP : Too many references:can't splice"
1713996,"CPU : Error in PDU negotiation ISO : An error occurred during recv TCP : Connection timed out"
1713997,"CPU : Error in PDU negotiation ISO : An error occurred during recv TCP : Connection refused"
1713998,"CPU : Error in PDU negotiation ISO : An error occurred during recv TCP : Too many levels of symbolic links"
1713999,"CPU : Error in PDU negotiation ISO : An error occurred during recv TCP : File name is too long"
1714000,"CPU : Error in PDU negotiation ISO : An error occurred during recv TCP : Host is down"
1714001,"CPU : Error in PDU negotiation ISO : An error occurred during recv TCP : Unreachable peer"
1714002,"CPU : Error in PDU negotiation ISO : An error occurred during recv TCP : Directory is not empty"
1714003,"CPU : Error in PDU negotiation ISO : An error occurred during recv TCP : Too many processes"
1714004,"CPU : Error in PDU negotiation ISO : An error occurred during recv TCP : Too many users"
1714005,"CPU : Error in PDU negotiation ISO : An error occurred during recv TCP : Disk quota exceeded"
1714006,"CPU : Error in PDU negotiation ISO : An error occurred during recv TCP : Stale NFS file handle"
1714007,"CPU : Error in PDU negotiation ISO : An error occurred during recv TCP : Too many levels of remote in path"
1714027,"CPU : Error in PDU negotiation ISO : An error occurred during recv TCP : Network subsystem is unusable"
1714028,"CPU : Error in PDU negotiation ISO : An error occurred during recv TCP : Winsock DLL cannot support this application"
1714029,"CPU : Error in PDU negotiation ISO : An error occurred during recv TCP : Winsock not initialized"
1714037,"CPU : Error in PDU negotiation ISO : An error occurred during recv TCP : Disconnect"
1714937,"CPU : Error in PDU negotiation ISO : An error occurred during recv TCP : Host not found"
1714938,"CPU : Error in PDU negotiation ISO : An error occurred during recv TCP : Non authoritative - host not found"
1714939,"CPU : Error in PDU negotiation ISO : An error occurred during recv TCP : Non recoverable error"
1714940,"CPU : Error in PDU negotiation ISO : An error occurred during recv TCP : Valid name, no data record of requested type"
1715937,"CPU : Error in PDU negotiation ISO : An error occurred during recv TCP : Invalid address"
1769472,"CPU : Error in PDU negotiation ISO : Invalid connection params (wrong TSAPs)"
1779476,"CPU : Error in PDU negotiation ISO : Invalid connection params (wrong TSAPs) TCP : Interrupted system call"
1779481,"CPU : Error in PDU negotiation ISO : Invalid connection params (wrong TSAPs) TCP : Bad file number"
1779485,"CPU : Error in PDU negotiation ISO : Invalid connection params (wrong TSAPs) TCP : Permission denied"
1779486,"CPU : Error in PDU negotiation ISO : Invalid connection params (wrong TSAPs) TCP : Bad address"
1779494,"CPU : Error in PDU negotiation ISO : Invalid connection params (wrong TSAPs) TCP : Invalid argument"
1779496,"CPU : Error in PDU negotiation ISO : Invalid connection params (wrong TSAPs) TCP : Too many open files"
1779507,"CPU : Error in PDU negotiation ISO : Invalid connection params (wrong TSAPs) TCP : Operation would block"
1779508,"CPU : Error in PDU negotiation ISO : Invalid connection params (wrong TSAPs) TCP : Operation now in progress"
1779509,"CPU : Error in PDU negotiation ISO : Invalid connection params (wrong TSAPs) TCP : Operation already in progress"
1779510,"CPU : Error in PDU negotiation ISO : Invalid connection params (wrong TSAPs) TCP : Socket operation on non socket"
1779511,"CPU : Error in PDU negotiation ISO : Invalid connection params (wrong TSAPs) TCP : Destination address required"
1779512,"CPU : Error in PDU negotiation ISO : Invalid connection params (wrong TSAPs) TCP : Message too long"
1779513,"CPU : Error in PDU negotiation ISO : Invalid connection params (wrong TSAPs) TCP : Protocol wrong type for Socket"
1779514,"CPU : Error in PDU negotiation ISO : Invalid connection params (wrong TSAPs) TCP : Protocol not available"
1779515,"CPU : Error in PDU negotiation ISO : Invalid connection params (wrong TSAPs) TCP : Protocol not supported"
1779516,"CPU : Error in PDU negotiation ISO : Invalid connection params (wrong TSAPs) TCP : Socket not supported"
1779517,"CPU : Error in PDU negotiation ISO : Invalid connection params (wrong TSAPs) TCP : Operation not supported on Socket"
1779518,"CPU : Error in PDU negotiation ISO : Invalid connection params (wrong TSAPs) TCP : Protocol family not supported"
1779519,"CPU : Error in PDU negotiation ISO : Invalid connection params (wrong TSAPs) TCP : Address family not supported"
1779520,"CPU : Error in PDU negotiation ISO : Invalid connection params (wrong TSAPs) TCP : Address already in use"
1779521,"CPU : Error in PDU negotiation ISO : Invalid connection params (wrong TSAPs) TCP : Can't assign requested address"
1779522,"CPU : Error in PDU negotiation ISO : Invalid connection params (wrong TSAPs) TCP : Network is down"
1779523,"CPU : Error in PDU negotiation ISO : Invalid connection params (wrong TSAPs) TCP : Network is unreachable"
1779524,"CPU : Error in PDU negotiation ISO : Invalid connection params (wrong TSAPs) TCP : Network dropped connection on reset"
1779525,"CPU : Error in PDU negotiation ISO : Invalid connection params (wrong TSAPs) TCP : Software caused connection abort"
1779526,"CPU : Error in PDU negotiation ISO : Invalid connection params (wrong TSAPs) TCP : Connection reset by peer"
1779527,"CPU : Error in PDU negotiation ISO : Invalid connection params (wrong TSAPs) TCP : No Buffer space available"
1779528,"CPU : Error in PDU negotiation ISO : Invalid connection params (wrong TSAPs) TCP : Socket is already connected"
1779529,"CPU : Error in PDU negotiation ISO : Invalid connection params (wrong TSAPs) TCP : Socket is not connected"
1779530,"CPU : Error in PDU negotiation ISO : Invalid connection params (wrong TSAPs) TCP : Can't send after Socket shutdown"
1779531,"CPU : Error in PDU negotiation ISO : Invalid connection params (wrong TSAPs) TCP : Too many references:can't splice"
1779532,"CPU : Error in PDU negotiation ISO : Invalid connection params (wrong TSAPs) TCP : Connection timed out"
1779533,"CPU : Error in PDU negotiation ISO : Invalid connection params (wrong TSAPs) TCP : Connection refused"
1779534,"CPU : Error in PDU negotiation ISO : Invalid connection params (wrong TSAPs) TCP : Too many levels of symbolic links"
1779535,"CPU : Error in PDU negotiation ISO : Invalid connection params (wrong TSAPs) TCP : File name is too long"
1779536,"CPU : Error in PDU negotiation ISO : Invalid connection params (wrong TSAPs) TCP : Host is down"
1779537,"CPU : Error in PDU negotiation ISO : Invalid connection params (wrong TSAPs) TCP : Unreachable peer"
1779538,"CPU : Error in PDU negotiation ISO : Invalid connection params (wrong TSAPs) TCP : Directory is not empty"
1779539,"CPU : Error in PDU negotiation ISO : Invalid connection params (wrong TSAPs) TCP : Too many processes"
1779540,"CPU : Error in PDU negotiation ISO : Invalid connection params (wrong TSAPs) TCP : Too many users"
1779541,"CPU : Error in PDU negotiation ISO : Invalid connection params (wrong TSAPs) TCP : Disk quota exceeded"
1779542,"CPU : Error in PDU negotiation ISO : Invalid connection params (wrong TSAPs) TCP : Stale NFS file handle"
1779543,"CPU : Error in PDU negotiation ISO : Invalid connection params (wrong TSAPs) TCP : Too many levels of remote in path"
1779563,"CPU : Error in PDU negotiation ISO : Invalid connection params (wrong TSAPs) TCP : Network subsystem is unusable"
1779564,"CPU : Error in PDU negotiation ISO : Invalid connection params (wrong TSAPs) TCP : Winsock DLL cannot support this application"
1779565,"CPU : Error in PDU negotiation ISO : Invalid connection params (wrong TSAPs) TCP : Winsock not initialized"
1779573,"CPU : Error in PDU negotiation ISO : Invalid connection params (wrong TSAPs) TCP : Disconnect"
1780473,"CPU : Error in PDU negotiation ISO : Invalid connection params (wrong TSAPs) TCP : Host not found"
1780474,"CPU : Error in PDU negotiation ISO : Invalid connection params (wrong TSAPs) TCP : Non authoritative - host not found"
1780475,"CPU : Error in PDU negotiation ISO : Invalid connection params (wrong TSAPs) TCP : Non recoverable error"
1780476,"CPU : Error in PDU negotiation ISO : Invalid connection params (wrong TSAPs) TCP : Valid name, no data record of requested type"
1781473,"CPU : Error in PDU negotiation ISO : Invalid connection params (wrong TSAPs) TCP : Invalid address"
1835008,"CPU : Error in PDU negotiation ISO : Unknown error (0x000c0000)"
1845012,"CPU : Error in PDU negotiation ISO : Unknown error (0x000c0000) TCP : Interrupted system call"
1845017,"CPU : Error in PDU negotiation ISO : Unknown error (0x000c0000) TCP : Bad file number"
1845021,"CPU : Error in PDU negotiation ISO : Unknown error (0x000c0000) TCP : Permission denied"
1845022,"CPU : Error in PDU negotiation ISO : Unknown error (0x000c0000) TCP : Bad address"
1845030,"CPU : Error in PDU negotiation ISO : Unknown error (0x000c0000) TCP : Invalid argument"
1845032,"CPU : Error in PDU negotiation ISO : Unknown error (0x000c0000) TCP : Too many open files"
1845043,"CPU : Error in PDU negotiation ISO : Unknown error (0x000c0000) TCP : Operation would block"
1845044,"CPU : Error in PDU negotiation ISO : Unknown error (0x000c0000) TCP : Operation now in progress"
1845045,"CPU : Error in PDU negotiation ISO : Unknown error (0x000c0000) TCP : Operation already in progress"
1845046,"CPU : Error in PDU negotiation ISO : Unknown error (0x000c0000) TCP : Socket operation on non socket"
1845047,"CPU : Error in PDU negotiation ISO : Unknown error (0x000c0000) TCP : Destination address required"
1845048,"CPU : Error in PDU negotiation ISO : Unknown error (0x000c0000) TCP : Message too long"
1845049,"CPU : Error in PDU negotiation ISO : Unknown error (0x000c0000) TCP : Protocol wrong type for Socket"
1845050,"CPU : Error in PDU negotiation ISO : Unknown error (0x000c0000) TCP : Protocol not available"
1845051,"CPU : Error in PDU negotiation ISO : Unknown error (0x000c0000) TCP : Protocol not supported"
1845052,"CPU : Error in PDU negotiation ISO : Unknown error (0x000c0000) TCP : Socket not supported"
1845053,"CPU : Error in PDU negotiation ISO : Unknown error (0x000c0000) TCP : Operation not supported on Socket"
1845054,"CPU : Error in PDU negotiation ISO : Unknown error (0x000c0000) TCP : Protocol family not supported"
1845055,"CPU : Error in PDU negotiation ISO : Unknown error (0x000c0000) TCP : Address family not supported"
1845056,"CPU : Error in PDU negotiation ISO : Unknown error (0x000c0000) TCP : Address already in use"
1845057,"CPU : Error in PDU negotiation ISO : Unknown error (0x000c0000) TCP : Can't assign requested address"
1845058,"CPU : Error in PDU negotiation ISO : Unknown error (0x000c0000) TCP : Network is down"
1845059,"CPU : Error in PDU negotiation ISO : Unknown error (0x000c0000) TCP : Network is unreachable"
1845060,"CPU : Error in PDU negotiation ISO : Unknown error (0x000c0000) TCP : Network dropped connection on reset"
1845061,"CPU : Error in PDU negotiation ISO : Unknown error (0x000c0000) TCP : Software caused connection abort"
1845062,"CPU : Error in PDU negotiation ISO : Unknown error (0x000c0000) TCP : Connection reset by peer"
1845063,"CPU : Error in PDU negotiation ISO : Unknown error (0x000c0000) TCP : No Buffer space available"
1845064,"CPU : Error in PDU negotiation ISO : Unknown error (0x000c0000) TCP : Socket is already connected"
1845065,"CPU : Error in PDU negotiation ISO : Unknown error (0x000c0000) TCP : Socket is not connected"
1845066,"CPU : Error in PDU negotiation ISO : Unknown error (0x000c0000) TCP : Can't send after Socket shutdown"
1845067,"CPU : Error in PDU negotiation ISO : Unknown error (0x000c0000) TCP : Too many references:can't splice"
1845068,"CPU : Error in PDU negotiation ISO : Unknown error (0x000c0000) TCP : Connection timed out"
1845069,"CPU : Error in PDU negotiation ISO : Unknown error (0x000c0000) TCP : Connection refused"
1845070,"CPU : Error in PDU negotiation ISO : Unknown error (0x000c0000) TCP : Too many levels of symbolic links"
1845071,"CPU : Error in PDU negotiation ISO : Unknown error (0x000c0000) TCP : File name is too long"
1845072,"CPU : Error in PDU negotiation ISO : Unknown error (0x000c0000) TCP : Host is down"
1845073,"CPU : Error in PDU negotiation ISO : Unknown error (0x000c0000) TCP : Unreachable peer"
1845074,"CPU : Error in PDU negotiation ISO : Unknown error (0x000c0000) TCP : Directory is not empty"
1845075,"CPU : Error in PDU negotiation ISO : Unknown error (0x000c0000) TCP : Too many processes"
1845076,"CPU : Error in PDU negotiation ISO : Unknown error (0x000c0000) TCP : Too many users"
1845077,"CPU : Error in PDU negotiation ISO : Unknown error (0x000c0000) TCP : Disk quota exceeded"
1845078,"CPU : Error in PDU negotiation ISO : Unknown error (0x000c0000) TCP : Stale NFS file handle"
1845079,"CPU : Error in PDU negotiation ISO : Unknown error (0x000c0000) TCP : Too many levels of remote in path"
1845099,"CPU : Error in PDU negotiation ISO : Unknown error (0x000c0000) TCP : Network subsystem is unusable"
1845100,"CPU : Error in PDU negotiation ISO : Unknown error (0x000c0000) TCP : Winsock DLL cannot support this application"
1845101,"CPU : Error in PDU negotiation ISO : Unknown error (0x000c0000) TCP : Winsock not initialized"
1845109,"CPU : Error in PDU negotiation ISO : Unknown error (0x000c0000) TCP : Disconnect"
1846009,"CPU : Error in PDU negotiation ISO : Unknown error (0x000c0000) TCP : Host not found"
1846010,"CPU : Error in PDU negotiation ISO : Unknown error (0x000c0000) TCP : Non authoritative - host not found"
1846011,"CPU : Error in PDU negotiation ISO : Unknown error (0x000c0000) TCP : Non recoverable error"
1846012,"CPU : Error in PDU negotiation ISO : Unknown error (0x000c0000) TCP : Valid name, no data record of requested type"
1847009,"CPU : Error in PDU negotiation ISO : Unknown error (0x000c0000) TCP : Invalid address"
1900544,"CPU : Error in PDU negotiation ISO : Unknown error (0x000d0000)"
1910548,"CPU : Error in PDU negotiation ISO : Unknown error (0x000d0000) TCP : Interrupted system call"
1910553,"CPU : Error in PDU negotiation ISO : Unknown error (0x000d0000) TCP : Bad file number"
1910557,"CPU : Error in PDU negotiation ISO : Unknown error (0x000d0000) TCP : Permission denied"
1910558,"CPU : Error in PDU negotiation ISO : Unknown error (0x000d0000) TCP : Bad address"
1910566,"CPU : Error in PDU negotiation ISO : Unknown error (0x000d0000) TCP : Invalid argument"
1910568,"CPU : Error in PDU negotiation ISO : Unknown error (0x000d0000) TCP : Too many open files"
1910579,"CPU : Error in PDU negotiation ISO : Unknown error (0x000d0000) TCP : Operation would block"
1910580,"CPU : Error in PDU negotiation ISO : Unknown error (0x000d0000) TCP : Operation now in progress"
1910581,"CPU : Error in PDU negotiation ISO : Unknown error (0x000d0000) TCP : Operation already in progress"
1910582,"CPU : Error in PDU negotiation ISO : Unknown error (0x000d0000) TCP : Socket operation on non socket"
1910583,"CPU : Error in PDU negotiation ISO : Unknown error (0x000d0000) TCP : Destination address required"
1910584,"CPU : Error in PDU negotiation ISO : Unknown error (0x000d0000) TCP : Message too long"
1910585,"CPU : Error in PDU negotiation ISO : Unknown error (0x000d0000) TCP : Protocol wrong type for Socket"
1910586,"CPU : Error in PDU negotiation ISO : Unknown error (0x000d0000) TCP : Protocol not available"
1910587,"CPU : Error in PDU negotiation ISO : Unknown error (0x000d0000) TCP : Protocol not supported"
1910588,"CPU : Error in PDU negotiation ISO : Unknown error (0x000d0000) TCP : Socket not supported"
1910589,"CPU : Error in PDU negotiation ISO : Unknown error (0x000d0000) TCP : Operation not supported on Socket"
1910590,"CPU : Error in PDU negotiation ISO : Unknown error (0x000d0000) TCP : Protocol family not supported"
1910591,"CPU : Error in PDU negotiation ISO : Unknown error (0x000d0000) TCP : Address family not supported"
1910592,"CPU : Error in PDU negotiation ISO : Unknown error (0x000d0000) TCP : Address already in use"
1910593,"CPU : Error in PDU negotiation ISO : Unknown error (0x000d0000) TCP : Can't assign requested address"
1910594,"CPU : Error in PDU negotiation ISO : Unknown error (0x000d0000) TCP : Network is down"
1910595,"CPU : Error in PDU negotiation ISO : Unknown error (0x000d0000) TCP : Network is unreachable"
1910596,"CPU : Error in PDU negotiation ISO : Unknown error (0x000d0000) TCP : Network dropped connection on reset"
1910597,"CPU : Error in PDU negotiation ISO : Unknown error (0x000d0000) TCP : Software caused connection abort"
1910598,"CPU : Error in PDU negotiation ISO : Unknown error (0x000d0000) TCP : Connection reset by peer"
1910599,"CPU : Error in PDU negotiation ISO : Unknown error (0x000d0000) TCP : No Buffer space available"
1910600,"CPU : Error in PDU negotiation ISO : Unknown error (0x000d0000) TCP : Socket is already connected"
1910601,"CPU : Error in PDU negotiation ISO : Unknown error (0x000d0000) TCP : Socket is not connected"
1910602,"CPU : Error in PDU negotiation ISO : Unknown error (0x000d0000) TCP : Can't send after Socket shutdown"
1910603,"CPU : Error in PDU negotiation ISO : Unknown error (0x000d0000) TCP : Too many references:can't splice"
1910604,"CPU : Error in PDU negotiation ISO : Unknown error (0x000d0000) TCP : Connection timed out"
1910605,"CPU : Error in PDU negotiation ISO : Unknown error (0x000d0000) TCP : Connection refused"
1910606,"CPU : Error in PDU negotiation ISO : Unknown error (0x000d0000) TCP : Too many levels of symbolic links"
1910607,"CPU : Error in PDU negotiation ISO : Unknown error (0x000d0000) TCP : File name is too long"
1910608,"CPU : Error in PDU negotiation ISO : Unknown error (0x000d0000) TCP : Host is down"
1910609,"CPU : Error in PDU negotiation ISO : Unknown error (0x000d0000) TCP : Unreachable peer"
1910610,"CPU : Error in PDU negotiation ISO : Unknown error (0x000d0000) TCP : Directory is not empty"
1910611,"CPU : Error in PDU negotiation ISO : Unknown error (0x000d0000) TCP : Too many processes"
1910612,"CPU : Error in PDU negotiation ISO : Unknown error (0x000d0000) TCP : Too many users"
1910613,"CPU : Error in PDU negotiation ISO : Unknown error (0x000d0000) TCP : Disk quota exceeded"
1910614,"CPU : Error in PDU negotiation ISO : Unknown error (0x000d0000) TCP : Stale NFS file handle"
1910615,"CPU : Error in PDU negotiation ISO : Unknown error (0x000d0000) TCP : Too many levels of remote in path"
1910635,"CPU : Error in PDU negotiation ISO : Unknown error (0x000d0000) TCP : Network subsystem is unusable"
1910636,"CPU : Error in PDU negotiation ISO : Unknown error (0x000d0000) TCP : Winsock DLL cannot support this application"
1910637,"CPU : Error in PDU negotiation ISO : Unknown error (0x000d0000) TCP : Winsock not initialized"
1910645,"CPU : Error in PDU negotiation ISO : Unknown error (0x000d0000) TCP : Disconnect"
1911545,"CPU : Error in PDU negotiation ISO : Unknown error (0x000d0000) TCP : Host not found"
1911546,"CPU : Error in PDU negotiation ISO : Unknown error (0x000d0000) TCP : Non authoritative - host not found"
1911547,"CPU : Error in PDU negotiation ISO : Unknown error (0x000d0000) TCP : Non recoverable error"
1911548,"CPU : Error in PDU negotiation ISO : Unknown error (0x000d0000) TCP : Valid name, no data record of requested type"
1912545,"CPU : Error in PDU negotiation ISO : Unknown error (0x000d0000) TCP : Invalid address"
1966080,"CPU : Error in PDU negotiation ISO : Unknown error (0x000e0000)"
1976084,"CPU : Error in PDU negotiation ISO : Unknown error (0x000e0000) TCP : Interrupted system call"
1976089,"CPU : Error in PDU negotiation ISO : Unknown error (0x000e0000) TCP : Bad file number"
1976093,"CPU : Error in PDU negotiation ISO : Unknown error (0x000e0000) TCP : Permission denied"
1976094,"CPU : Error in PDU negotiation ISO : Unknown error (0x000e0000) TCP : Bad address"
1976102,"CPU : Error in PDU negotiation ISO : Unknown error (0x000e0000) TCP : Invalid argument"
1976104,"CPU : Error in PDU negotiation ISO : Unknown error (0x000e0000) TCP : Too many open files"
1976115,"CPU : Error in PDU negotiation ISO : Unknown error (0x000e0000) TCP : Operation would block"
1976116,"CPU : Error in PDU negotiation ISO : Unknown error (0x000e0000) TCP : Operation now in progress"
1976117,"CPU : Error in PDU negotiation ISO : Unknown error (0x000e0000) TCP : Operation already in progress"
1976118,"CPU : Error in PDU negotiation ISO : Unknown error (0x000e0000) TCP : Socket operation on non socket"
1976119,"CPU : Error in PDU negotiation ISO : Unknown error (0x000e0000) TCP : Destination address required"
1976120,"CPU : Error in PDU negotiation ISO : Unknown error (0x000e0000) TCP : Message too long"
1976121,"CPU : Error in PDU negotiation ISO : Unknown error (0x000e0000) TCP : Protocol wrong type for Socket"
1976122,"CPU : Error in PDU negotiation ISO : Unknown error (0x000e0000) TCP : Protocol not available"
1976123,"CPU : Error in PDU negotiation ISO : Unknown error (0x000e0000) TCP : Protocol not supported"
1976124,"CPU : Error in PDU negotiation ISO : Unknown error (0x000e0000) TCP : Socket not supported"
1976125,"CPU : Error in PDU negotiation ISO : Unknown error (0x000e0000) TCP : Operation not supported on Socket"
1976126,"CPU : Error in PDU negotiation ISO : Unknown error (0x000e0000) TCP : Protocol family not supported"
1976127,"CPU : Error in PDU negotiation ISO : Unknown error (0x000e0000) TCP : Address family not supported"
1976128,"CPU : Error in PDU negotiation ISO : Unknown error (0x000e0000) TCP : Address already in use"
1976129,"CPU : Error in PDU negotiation ISO : Unknown error (0x000e0000) TCP : Can't assign requested address"
1976130,"CPU : Error in PDU negotiation ISO : Unknown error (0x000e0000) TCP : Network is down"
1976131,"CPU : Error in PDU negotiation ISO : Unknown error (0x000e0000) TCP : Network is unreachable"
1976132,"CPU : Error in PDU negotiation ISO : Unknown error (0x000e0000) TCP : Network dropped connection on reset"
1976133,"CPU : Error in PDU negotiation ISO : Unknown error (0x000e0000) TCP : Software caused connection abort"
1976134,"CPU : Error in PDU negotiation ISO : Unknown error (0x000e0000) TCP : Connection reset by peer"
1976135,"CPU : Error in PDU negotiation ISO : Unknown error (0x000e0000) TCP : No Buffer space available"
1976136,"CPU : Error in PDU negotiation ISO : Unknown error (0x000e0000) TCP : Socket is already connected"
1976137,"CPU : Error in PDU negotiation ISO : Unknown error (0x000e0000) TCP : Socket is not connected"
1976138,"CPU : Error in PDU negotiation ISO : Unknown error (0x000e0000) TCP : Can't send after Socket shutdown"
1976139,"CPU : Error in PDU negotiation ISO : Unknown error (0x000e0000) TCP : Too many references:can't splice"
1976140,"CPU : Error in PDU negotiation ISO : Unknown error (0x000e0000) TCP : Connection timed out"
1976141,"CPU : Error in PDU negotiation ISO : Unknown error (0x000e0000) TCP : Connection refused"
1976142,"CPU : Error in PDU negotiation ISO : Unknown error (0x000e0000) TCP : Too many levels of symbolic links"
1976143,"CPU : Error in PDU negotiation ISO : Unknown error (0x000e0000) TCP : File name is too long"
1976144,"CPU : Error in PDU negotiation ISO : Unknown error (0x000e0000) TCP : Host is down"
1976145,"CPU : Error in PDU negotiation ISO : Unknown error (0x000e0000) TCP : Unreachable peer"
1976146,"CPU : Error in PDU negotiation ISO : Unknown error (0x000e0000) TCP : Directory is not empty"
1976147,"CPU : Error in PDU negotiation ISO : Unknown error (0x000e0000) TCP : Too many processes"
1976148,"CPU : Error in PDU negotiation ISO : Unknown error (0x000e0000) TCP : Too many users"
1976149,"CPU : Error in PDU negotiation ISO : Unknown error (0x000e0000) TCP : Disk quota exceeded"
1976150,"CPU : Error in PDU negotiation ISO : Unknown error (0x000e0000) TCP : Stale NFS file handle"
1976151,"CPU : Error in PDU negotiation ISO : Unknown error (0x000e0000) TCP : Too many levels of remote in path"
1976171,"CPU : Error in PDU negotiation ISO : Unknown error (0x000e0000) TCP : Network subsystem is unusable"
1976172,"CPU : Error in PDU negotiation ISO : Unknown error (0x000e0000) TCP : Winsock DLL cannot support this application"
1976173,"CPU : Error in PDU negotiation ISO : Unknown error (0x000e0000) TCP : Winsock not initialized"
1976181,"CPU : Error in PDU negotiation ISO : Unknown error (0x000e0000) TCP : Disconnect"
1977081,"CPU : Error in PDU negotiation ISO : Unknown error (0x000e0000) TCP : Host not found"
1977082,"CPU : Error in PDU negotiation ISO : Unknown error (0x000e0000) TCP : Non authoritative - host not found"
1977083,"CPU : Error in PDU negotiation ISO : Unknown error (0x000e0000) TCP : Non recoverable error"
1977084,"CPU : Error in PDU negotiation ISO : Unknown error (0x000e0000) TCP : Valid name, no data record of requested type"
1978081,"CPU : Error in PDU negotiation ISO : Unknown error (0x000e0000) TCP : Invalid address"
2031616,"CPU : Error in PDU negotiation ISO : Unknown error (0x000f0000)"
2041620,"CPU : Error in PDU negotiation ISO : Unknown error (0x000f0000) TCP : Interrupted system call"
2041625,"CPU : Error in PDU negotiation ISO : Unknown error (0x000f0000) TCP : Bad file number"
2041629,"CPU : Error in PDU negotiation ISO : Unknown error (0x000f0000) TCP : Permission denied"
2041630,"CPU : Error in PDU negotiation ISO : Unknown error (0x000f0000) TCP : Bad address"
2041638,"CPU : Error in PDU negotiation ISO : Unknown error (0x000f0000) TCP : Invalid argument"
2041640,"CPU : Error in PDU negotiation ISO : Unknown error (0x000f0000) TCP : Too many open files"
2041651,"CPU : Error in PDU negotiation ISO : Unknown error (0x000f0000) TCP : Operation would block"
2041652,"CPU : Error in PDU negotiation ISO : Unknown error (0x000f0000) TCP : Operation now in progress"
2041653,"CPU : Error in PDU negotiation ISO : Unknown error (0x000f0000) TCP : Operation already in progress"
2041654,"CPU : Error in PDU negotiation ISO : Unknown error (0x000f0000) TCP : Socket operation on non socket"
2041655,"CPU : Error in PDU negotiation ISO : Unknown error (0x000f0000) TCP : Destination address required"
2041656,"CPU : Error in PDU negotiation ISO : Unknown error (0x000f0000) TCP : Message too long"
2041657,"CPU : Error in PDU negotiation ISO : Unknown error (0x000f0000) TCP : Protocol wrong type for Socket"
2041658,"CPU : Error in PDU negotiation ISO : Unknown error (0x000f0000) TCP : Protocol not available"
2041659,"CPU : Error in PDU negotiation ISO : Unknown error (0x000f0000) TCP : Protocol not supported"
2041660,"CPU : Error in PDU negotiation ISO : Unknown error (0x000f0000) TCP : Socket not supported"
2041661,"CPU : Error in PDU negotiation ISO : Unknown error (0x000f0000) TCP : Operation not supported on Socket"
2041662,"CPU : Error in PDU negotiation ISO : Unknown error (0x000f0000) TCP : Protocol family not supported"
2041663,"CPU : Error in PDU negotiation ISO : Unknown error (0x000f0000) TCP : Address family not supported"
2041664,"CPU : Error in PDU negotiation ISO : Unknown error (0x000f0000) TCP : Address already in use"
2041665,"CPU : Error in PDU negotiation ISO : Unknown error (0x000f0000) TCP : Can't assign requested address"
2041666,"CPU : Error in PDU negotiation ISO : Unknown error (0x000f0000) TCP : Network is down"
2041667,"CPU : Error in PDU negotiation ISO : Unknown error (0x000f0000) TCP : Network is unreachable"
2041668,"CPU : Error in PDU negotiation ISO : Unknown error (0x000f0000) TCP : Network dropped connection on reset"
2041669,"CPU : Error in PDU negotiation ISO : Unknown error (0x000f0000) TCP : Software caused connection abort"
2041670,"CPU : Error in PDU negotiation ISO : Unknown error (0x000f0000) TCP : Connection reset by peer"
2041671,"CPU : Error in PDU negotiation ISO : Unknown error (0x000f0000) TCP : No Buffer space available"
2041672,"CPU : Error in PDU negotiation ISO : Unknown error (0x000f0000) TCP : Socket is already connected"
2041673,"CPU : Error in PDU negotiation ISO : Unknown error (0x000f0000) TCP : Socket is not connected"
2041674,"CPU : Error in PDU negotiation ISO : Unknown error (0x000f0000) TCP : Can't send after Socket shutdown"
2041675,"CPU : Error in PDU negotiation ISO : Unknown error (0x000f0000) TCP : Too many references:can't splice"
2041676,"CPU : Error in PDU negotiation ISO : Unknown error (0x000f0000) TCP : Connection timed out"
2041677,"CPU : Error in PDU negotiation ISO : Unknown error (0x000f0000) TCP : Connection refused"
2041678,"CPU : Error in PDU negotiation ISO : Unknown error (0x000f0000) TCP : Too many levels of symbolic links"
2041679,"CPU : Error in PDU negotiation ISO : Unknown error (0x000f0000) TCP : File name is too long"
2041680,"CPU : Error in PDU negotiation ISO : Unknown error (0x000f0000) TCP : Host is down"
2041681,"CPU : Error in PDU negotiation ISO : Unknown error (0x000f0000) TCP : Unreachable peer"
2041682,"CPU : Error in PDU negotiation ISO : Unknown error (0x000f0000) TCP : Directory is not empty"
2041683,"CPU : Error in PDU negotiation ISO : Unknown error (0x000f0000) TCP : Too many processes"
2041684,"CPU : Error in PDU negotiation ISO : Unknown error (0x000f0000) TCP : Too many users"
2041685,"CPU : Error in PDU negotiation ISO : Unknown error (0x000f0000) TCP : Disk quota exceeded"
2041686,"CPU : Error in PDU negotiation ISO : Unknown error (0x000f0000) TCP : Stale NFS file handle"
2041687,"CPU : Error in PDU negotiation ISO : Unknown error (0x000f0000) TCP : Too many levels of remote in path"
2041707,"CPU : Error in PDU negotiation ISO : Unknown error (0x000f0000) TCP : Network subsystem is unusable"
2041708,"CPU : Error in PDU negotiation ISO : Unknown error (0x000f0000) TCP : Winsock DLL cannot support this application"
2041709,"CPU : Error in PDU negotiation ISO : Unknown error (0x000f0000) TCP : Winsock not initialized"
2041717,"CPU : Error in PDU negotiation ISO : Unknown error (0x000f0000) TCP : Disconnect"
2042617,"CPU : Error in PDU negotiation ISO : Unknown error (0x000f0000) TCP : Host not found"
2042618,"CPU : Error in PDU negotiation ISO : Unknown error (0x000f0000) TCP : Non authoritative - host not found"
2042619,"CPU : Error in PDU negotiation ISO : Unknown error (0x000f0000) TCP : Non recoverable error"
2042620,"CPU : Error in PDU negotiation ISO : Unknown error (0x000f0000) TCP : Valid name, no data record of requested type"
2043617,"CPU : Error in PDU negotiation ISO : Unknown error (0x000f0000) TCP : Invalid address"
2097152,"CLI : invalid param(s) supplied"
2107156,"CLI : invalid param(s) supplied TCP : Interrupted system call"
2107161,"CLI : invalid param(s) supplied TCP : Bad file number"
2107165,"CLI : invalid param(s) supplied TCP : Permission denied"
2107166,"CLI : invalid param(s) supplied TCP : Bad address"
2107174,"CLI : invalid param(s) supplied TCP : Invalid argument"
2107176,"CLI : invalid param(s) supplied TCP : Too many open files"
2107187,"CLI : invalid param(s) supplied TCP : Operation would block"
2107188,"CLI : invalid param(s) supplied TCP : Operation now in progress"
2107189,"CLI : invalid param(s) supplied TCP : Operation already in progress"
2107190,"CLI : invalid param(s) supplied TCP : Socket operation on non socket"
2107191,"CLI : invalid param(s) supplied TCP : Destination address required"
2107192,"CLI : invalid param(s) supplied TCP : Message too long"
2107193,"CLI : invalid param(s) supplied TCP : Protocol wrong type for Socket"
2107194,"CLI : invalid param(s) supplied TCP : Protocol not available"
2107195,"CLI : invalid param(s) supplied TCP : Protocol not supported"
2107196,"CLI : invalid param(s) supplied TCP : Socket not supported"
2107197,"CLI : invalid param(s) supplied TCP : Operation not supported on Socket"
2107198,"CLI : invalid param(s) supplied TCP : Protocol family not supported"
2107199,"CLI : invalid param(s) supplied TCP : Address family not supported"
2107200,"CLI : invalid param(s) supplied TCP : Address already in use"
2107201,"CLI : invalid param(s) supplied TCP : Can't assign requested address"
2107202,"CLI : invalid param(s) supplied TCP : Network is down"
2107203,"CLI : invalid param(s) supplied TCP : Network is unreachable"
2107204,"CLI : invalid param(s) supplied TCP : Network dropped connection on reset"
2107205,"CLI : invalid param(s) supplied TCP : Software caused connection abort"
2107206,"CLI : invalid param(s) supplied TCP : Connection reset by peer"
2107207,"CLI : invalid param(s) supplied TCP : No Buffer space available"
2107208,"CLI : invalid param(s) supplied TCP : Socket is already connected"
2107209,"CLI : invalid param(s) supplied TCP : Socket is not connected"
2107210,"CLI : invalid param(s) supplied TCP : Can't send after Socket shutdown"
2107211,"CLI : invalid param(s) supplied TCP : Too many references:can't splice"
2107212,"CLI : invalid param(s) supplied TCP : Connection timed out"
2107213,"CLI : invalid param(s) supplied TCP : Connection refused"
2107214,"CLI : invalid param(s) supplied TCP : Too many levels of symbolic links"
2107215,"CLI : invalid param(s) supplied TCP : File name is too long"
2107216,"CLI : invalid param(s) supplied TCP : Host is down"
2107217,"CLI : invalid param(s) supplied TCP : Unreachable peer"
2107218,"CLI : invalid param(s) supplied TCP : Directory is not empty"
2107219,"CLI : invalid param(s) supplied TCP : Too many processes"
2107220,"CLI : invalid param(s) supplied TCP : Too many users"
2107221,"CLI : invalid param(s) supplied TCP : Disk quota exceeded"
2107222,"CLI : invalid param(s) supplied TCP : Stale NFS file handle"
2107223,"CLI : invalid param(s) supplied TCP : Too many levels of remote in path"
2107243,"CLI : invalid param(s) supplied TCP : Network subsystem is unusable"
2107244,"CLI : invalid param(s) supplied TCP : Winsock DLL cannot support this application"
2107245,"CLI : invalid param(s) supplied TCP : Winsock not initialized"
2107253,"CLI : invalid param(s) supplied TCP : Disconnect"
2108153,"CLI : invalid param(s) supplied TCP : Host not found"
2108154,"CLI : invalid param(s) supplied TCP : Non authoritative - host not found"
2108155,"CLI : invalid param(s) supplied TCP : Non recoverable error"
2108156,"CLI : invalid param(s) supplied TCP : Valid name, no data record of requested type"
2109153,"CLI : invalid param(s) supplied TCP : Invalid address"
2162688,"CLI : invalid param(s) supplied ISO : Connection error"
2172692,"CLI : invalid param(s) supplied ISO : Connection error TCP : Interrupted system call"
2172697,"CLI : invalid param(s) supplied ISO : Connection error TCP : Bad file number"
2172701,"CLI : invalid param(s) supplied ISO : Connection error TCP : Permission denied"
2172702,"CLI : invalid param(s) supplied ISO : Connection error TCP : Bad address"
2172710,"CLI : invalid param(s) supplied ISO : Connection error TCP : Invalid argument"
2172712,"CLI : invalid param(s) supplied ISO : Connection error TCP : Too many open files"
2172723,"CLI : invalid param(s) supplied ISO : Connection error TCP : Operation would block"
2172724,"CLI : invalid param(s) supplied ISO : Connection error TCP : Operation now in progress"
2172725,"CLI : invalid param(s) supplied ISO : Connection error TCP : Operation already in progress"
2172726,"CLI : invalid param(s) supplied ISO : Connection error TCP : Socket operation on non socket"
2172727,"CLI : invalid param(s) supplied ISO : Connection error TCP : Destination address required"
2172728,"CLI : invalid param(s) supplied ISO : Connection error TCP : Message too long"
2172729,"CLI : invalid param(s) supplied ISO : Connection error TCP : Protocol wrong type for Socket"
2172730,"CLI : invalid param(s) supplied ISO : Connection error TCP : Protocol not available"
2172731,"CLI : invalid param(s) supplied ISO : Connection error TCP : Protocol not supported"
2172732,"CLI : invalid param(s) supplied ISO : Connection error TCP : Socket not supported"
2172733,"CLI : invalid param(s) supplied ISO : Connection error TCP : Operation not supported on Socket"
2172734,"CLI : invalid param(s) supplied ISO : Connection error TCP : Protocol family not supported"
2172735,"CLI : invalid param(s) supplied ISO : Connection error TCP : Address family not supported"
2172736,"CLI : invalid param(s) supplied ISO : Connection error TCP : Address already in use"
2172737,"CLI : invalid param(s) supplied ISO : Connection error TCP : Can't assign requested address"
2172738,"CLI : invalid param(s) supplied ISO : Connection error TCP : Network is down"
2172739,"CLI : invalid param(s) supplied ISO : Connection error TCP : Network is unreachable"
2172740,"CLI : invalid param(s) supplied ISO : Connection error TCP : Network dropped connection on reset"
2172741,"CLI : invalid param(s) supplied ISO : Connection error TCP : Software caused connection abort"
2172742,"CLI : invalid param(s) supplied ISO : Connection error TCP : Connection reset by peer"
2172743,"CLI : invalid param(s) supplied ISO : Connection error TCP : No Buffer space available"
2172744,"CLI : invalid param(s) supplied ISO : Connection error TCP : Socket is already connected"
2172745,"CLI : invalid param(s) supplied ISO : Connection error TCP : Socket is not connected"
2172746,"CLI : invalid param(s) supplied ISO : Connection error TCP : Can't send after Socket shutdown"
2172747,"CLI : invalid param(s) supplied ISO : Connection error TCP : Too many references:can't splice"
2172748,"CLI : invalid param(s) supplied ISO : Connection error TCP : Connection timed out"
2172749,"CLI : invalid param(s) supplied ISO : Connection error TCP : Connection refused"
2172750,"CLI : invalid param(s) supplied ISO : Connection error TCP : Too many levels of symbolic links"
2172751,"CLI : invalid param(s) supplied ISO : Connection error TCP : File name is too long"
2172752,"CLI : invalid param(s) supplied ISO : Connection error TCP : Host is down"
2172753,"CLI : invalid param(s) supplied ISO : Connection error TCP : Unreachable peer"
2172754,"CLI : invalid param(s) supplied ISO : Connection error TCP : Directory is not empty"
2172755,"CLI : invalid param(s) supplied ISO : Connection error TCP : Too many processes"
2172756,"CLI : invalid param(s) supplied ISO : Connection error TCP : Too many users"
2172757,"CLI : invalid param(s) supplied ISO : Connection error TCP : Disk quota exceeded"
2172758,"CLI : invalid param(s) supplied ISO : Connection error TCP : Stale NFS file handle"
2172759,"CLI : invalid param(s) supplied ISO : Connection error TCP : Too many levels of remote in path"
2172779,"CLI : invalid param(s) supplied ISO : Connection error TCP : Network subsystem is unusable"
2172780,"CLI : invalid param(s) supplied ISO : Connection error TCP : Winsock DLL cannot support this application"
2172781,"CLI : invalid param(s) supplied ISO : Connection error TCP : Winsock not initialized"
2172789,"CLI : invalid param(s) supplied ISO : Connection error TCP : Disconnect"
2173689,"CLI : invalid param(s) supplied ISO : Connection error TCP : Host not found"
2173690,"CLI : invalid param(s) supplied ISO : Connection error TCP : Non authoritative - host not found"
2173691,"CLI : invalid param(s) supplied ISO : Connection error TCP : Non recoverable error"
2173692,"CLI : invalid param(s) supplied ISO : Connection error TCP : Valid name, no data record of requested type"
2174689,"CLI : invalid param(s) supplied ISO : Connection error TCP : Invalid address"
2228224,"CLI : invalid param(s) supplied ISO : Disconnect error"
2238228,"CLI : invalid param(s) supplied ISO : Disconnect error TCP : Interrupted system call"
2238233,"CLI : invalid param(s) supplied ISO : Disconnect error TCP : Bad file number"
2238237,"CLI : invalid param(s) supplied ISO : Disconnect error TCP : Permission denied"
2238238,"CLI : invalid param(s) supplied ISO : Disconnect error TCP : Bad address"
2238246,"CLI : invalid param(s) supplied ISO : Disconnect error TCP : Invalid argument"
2238248,"CLI : invalid param(s) supplied ISO : Disconnect error TCP : Too many open files"
2238259,"CLI : invalid param(s) supplied ISO : Disconnect error TCP : Operation would block"
2238260,"CLI : invalid param(s) supplied ISO : Disconnect error TCP : Operation now in progress"
2238261,"CLI : invalid param(s) supplied ISO : Disconnect error TCP : Operation already in progress"
2238262,"CLI : invalid param(s) supplied ISO : Disconnect error TCP : Socket operation on non socket"
2238263,"CLI : invalid param(s) supplied ISO : Disconnect error TCP : Destination address required"
2238264,"CLI : invalid param(s) supplied ISO : Disconnect error TCP : Message too long"
2238265,"CLI : invalid param(s) supplied ISO : Disconnect error TCP : Protocol wrong type for Socket"
2238266,"CLI : invalid param(s) supplied ISO : Disconnect error TCP : Protocol not available"
2238267,"CLI : invalid param(s) supplied ISO : Disconnect error TCP : Protocol not supported"
2238268,"CLI : invalid param(s) supplied ISO : Disconnect error TCP : Socket not supported"
2238269,"CLI : invalid param(s) supplied ISO : Disconnect error TCP : Operation not supported on Socket"
2238270,"CLI : invalid param(s) supplied ISO : Disconnect error TCP : Protocol family not supported"
2238271,"CLI : invalid param(s) supplied ISO : Disconnect error TCP : Address family not supported"
2238272,"CLI : invalid param(s) supplied ISO : Disconnect error TCP : Address already in use"
2238273,"CLI : invalid param(s) supplied ISO : Disconnect error TCP : Can't assign requested address"
2238274,"CLI : invalid param(s) supplied ISO : Disconnect error TCP : Network is down"
2238275,"CLI : invalid param(s) supplied ISO : Disconnect error TCP : Network is unreachable"
2238276,"CLI : invalid param(s) supplied ISO : Disconnect error TCP : Network dropped connection on reset"
2238277,"CLI : invalid param(s) supplied ISO : Disconnect error TCP : Software caused connection abort"
2238278,"CLI : invalid param(s) supplied ISO : Disconnect error TCP : Connection reset by peer"
2238279,"CLI : invalid param(s) supplied ISO : Disconnect error TCP : No Buffer space available"
2238280,"CLI : invalid param(s) supplied ISO : Disconnect error TCP : Socket is already connected"
2238281,"CLI : invalid param(s) supplied ISO : Disconnect error TCP : Socket is not connected"
2238282,"CLI : invalid param(s) supplied ISO : Disconnect error TCP : Can't send after Socket shutdown"
2238283,"CLI : invalid param(s) supplied ISO : Disconnect error TCP : Too many references:can't splice"
2238284,"CLI : invalid param(s) supplied ISO : Disconnect error TCP : Connection timed out"
2238285,"CLI : invalid param(s) supplied ISO : Disconnect error TCP : Connection refused"
2238286,"CLI : invalid param(s) supplied ISO : Disconnect error TCP : Too many levels of symbolic links"
2238287,"CLI : invalid param(s) supplied ISO : Disconnect error TCP : File name is too long"
2238288,"CLI : invalid param(s) supplied ISO : Disconnect error TCP : Host is down"
2238289,"CLI : invalid param(s) supplied ISO : Disconnect error TCP : Unreachable peer"
2238290,"CLI : invalid param(s) supplied ISO : Disconnect error TCP : Directory is not empty"
2238291,"CLI : invalid param(s) supplied ISO : Disconnect error TCP : Too many processes"
2238292,"CLI : invalid param(s) supplied ISO : Disconnect error TCP : Too many users"
2238293,"CLI : invalid param(s) supplied ISO : Disconnect error TCP : Disk quota exceeded"
2238294,"CLI : invalid param(s) supplied ISO : Disconnect error TCP : Stale NFS file handle"
2238295,"CLI : invalid param(s) supplied ISO : Disconnect error TCP : Too many levels of remote in path"
2238315,"CLI : invalid param(s) supplied ISO : Disconnect error TCP : Network subsystem is unusable"
2238316,"CLI : invalid param(s) supplied ISO : Disconnect error TCP : Winsock DLL cannot support this application"
2238317,"CLI : invalid param(s) supplied ISO : Disconnect error TCP : Winsock not initialized"
2238325,"CLI : invalid param(s) supplied ISO : Disconnect error TCP : Disconnect"
2239225,"CLI : invalid param(s) supplied ISO : Disconnect error TCP : Host not found"
2239226,"CLI : invalid param(s) supplied ISO : Disconnect error TCP : Non authoritative - host not found"
2239227,"CLI : invalid param(s) supplied ISO : Disconnect error TCP : Non recoverable error"
2239228,"CLI : invalid param(s) supplied ISO : Disconnect error TCP : Valid name, no data record of requested type"
2240225,"CLI : invalid param(s) supplied ISO : Disconnect error TCP : Invalid address"
2293760,"CLI : invalid param(s) supplied ISO : Bad PDU format"
2303764,"CLI : invalid param(s) supplied ISO : Bad PDU format TCP : Interrupted system call"
2303769,"CLI : invalid param(s) supplied ISO : Bad PDU format TCP : Bad file number"
2303773,"CLI : invalid param(s) supplied ISO : Bad PDU format TCP : Permission denied"
2303774,"CLI : invalid param(s) supplied ISO : Bad PDU format TCP : Bad address"
2303782,"CLI : invalid param(s) supplied ISO : Bad PDU format TCP : Invalid argument"
2303784,"CLI : invalid param(s) supplied ISO : Bad PDU format TCP : Too many open files"
2303795,"CLI : invalid param(s) supplied ISO : Bad PDU format TCP : Operation would block"
2303796,"CLI : invalid param(s) supplied ISO : Bad PDU format TCP : Operation now in progress"
2303797,"CLI : invalid param(s) supplied ISO : Bad PDU format TCP : Operation already in progress"
2303798,"CLI : invalid param(s) supplied ISO : Bad PDU format TCP : Socket operation on non socket"
2303799,"CLI : invalid param(s) supplied ISO : Bad PDU format TCP : Destination address required"
2303800,"CLI : invalid param(s) supplied ISO : Bad PDU format TCP : Message too long"
2303801,"CLI : invalid param(s) supplied ISO : Bad PDU format TCP : Protocol wrong type for Socket"
2303802,"CLI : invalid param(s) supplied ISO : Bad PDU format TCP : Protocol not available"
2303803,"CLI : invalid param(s) supplied ISO : Bad PDU format TCP : Protocol not supported"
2303804,"CLI : invalid param(s) supplied ISO : Bad PDU format TCP : Socket not supported"
2303805,"CLI : invalid param(s) supplied ISO : Bad PDU format TCP : Operation not supported on Socket"
2303806,"CLI : invalid param(s) supplied ISO : Bad PDU format TCP : Protocol family not supported"
2303807,"CLI : invalid param(s) supplied ISO : Bad PDU format TCP : Address family not supported"
2303808,"CLI : invalid param(s) supplied ISO : Bad PDU format TCP : Address already in use"
2303809,"CLI : invalid param(s) supplied ISO : Bad PDU format TCP : Can't assign requested address"
2303810,"CLI : invalid param(s) supplied ISO : Bad PDU format TCP : Network is down"
2303811,"CLI : invalid param(s) supplied ISO : Bad PDU format TCP : Network is unreachable"
2303812,"CLI : invalid param(s) supplied ISO : Bad PDU format TCP : Network dropped connection on reset"
2303813,"CLI : invalid param(s) supplied ISO : Bad PDU format TCP : Software caused connection abort"
2303814,"CLI : invalid param(s) supplied ISO : Bad PDU format TCP : Connection reset by peer"
2303815,"CLI : invalid param(s) supplied ISO : Bad PDU format TCP : No Buffer space available"
2303816,"CLI : invalid param(s) supplied ISO : Bad PDU format TCP : Socket is already connected"
2303817,"CLI : invalid param(s) supplied ISO : Bad PDU format TCP : Socket is not connected"
2303818,"CLI : invalid param(s) supplied ISO : Bad PDU format TCP : Can't send after Socket shutdown"
2303819,"CLI : invalid param(s) supplied ISO : Bad PDU format TCP : Too many references:can't splice"
2303820,"CLI : invalid param(s) supplied ISO : Bad PDU format TCP : Connection timed out"
2303821,"CLI : invalid param(s) supplied ISO : Bad PDU format TCP : Connection refused"
2303822,"CLI : invalid param(s) supplied ISO : Bad PDU format TCP : Too many levels of symbolic links"
2303823,"CLI : invalid param(s) supplied ISO : Bad PDU format TCP : File name is too long"
2303824,"CLI : invalid param(s) supplied ISO : Bad PDU format TCP : Host is down"
2303825,"CLI : invalid param(s) supplied ISO : Bad PDU format TCP : Unreachable peer"
2303826,"CLI : invalid param(s) supplied ISO : Bad PDU format TCP : Directory is not empty"
2303827,"CLI : invalid param(s) supplied ISO : Bad PDU format TCP : Too many processes"
2303828,"CLI : invalid param(s) supplied ISO : Bad PDU format TCP : Too many users"
2303829,"CLI : invalid param(s) supplied ISO : Bad PDU format TCP : Disk quota exceeded"
2303830,"CLI : invalid param(s) supplied ISO : Bad PDU format TCP : Stale NFS file handle"
2303831,"CLI : invalid param(s) supplied ISO : Bad PDU format TCP : Too many levels of remote in path"
2303851,"CLI : invalid param(s) supplied ISO : Bad PDU format TCP : Network subsystem is unusable"
2303852,"CLI : invalid param(s) supplied ISO : Bad PDU format TCP : Winsock DLL cannot support this application"
2303853,"CLI : invalid param(s) supplied ISO : Bad PDU format TCP : Winsock not initialized"
2303861,"CLI : invalid param(s) supplied ISO : Bad PDU format TCP : Disconnect"
2304761,"CLI : invalid param(s) supplied ISO : Bad PDU format TCP : Host not found"
2304762,"CLI : invalid param(s) supplied ISO : Bad PDU format TCP : Non authoritative - host not found"
2304763,"CLI : invalid param(s) supplied ISO : Bad PDU format TCP : Non recoverable error"
2304764,"CLI : invalid param(s) supplied ISO : Bad PDU format TCP : Valid name, no data record of requested type"
2305761,"CLI : invalid param(s) supplied ISO : Bad PDU format TCP : Invalid address"
2359296,"CLI : invalid param(s) supplied ISO : Datasize passed to send/recv buffer is invalid"
2369300,"CLI : invalid param(s) supplied ISO : Datasize passed to send/recv buffer is invalid TCP : Interrupted system call"
2369305,"CLI : invalid param(s) supplied ISO : Datasize passed to send/recv buffer is invalid TCP : Bad file number"
2369309,"CLI : invalid param(s) supplied ISO : Datasize passed to send/recv buffer is invalid TCP : Permission denied"
2369310,"CLI : invalid param(s) supplied ISO : Datasize passed to send/recv buffer is invalid TCP : Bad address"
2369318,"CLI : invalid param(s) supplied ISO : Datasize passed to send/recv buffer is invalid TCP : Invalid argument"
2369320,"CLI : invalid param(s) supplied ISO : Datasize passed to send/recv buffer is invalid TCP : Too many open files"
2369331,"CLI : invalid param(s) supplied ISO : Datasize passed to send/recv buffer is invalid TCP : Operation would block"
2369332,"CLI : invalid param(s) supplied ISO : Datasize passed to send/recv buffer is invalid TCP : Operation now in progress"
2369333,"CLI : invalid param(s) supplied ISO : Datasize passed to send/recv buffer is invalid TCP : Operation already in progress"
2369334,"CLI : invalid param(s) supplied ISO : Datasize passed to send/recv buffer is invalid TCP : Socket operation on non socket"
2369335,"CLI : invalid param(s) supplied ISO : Datasize passed to send/recv buffer is invalid TCP : Destination address required"
2369336,"CLI : invalid param(s) supplied ISO : Datasize passed to send/recv buffer is invalid TCP : Message too long"
2369337,"CLI : invalid param(s) supplied ISO : Datasize passed to send/recv buffer is invalid TCP : Protocol wrong type for Socket"
2369338,"CLI : invalid param(s) supplied ISO : Datasize passed to send/recv buffer is invalid TCP : Protocol not available"
2369339,"CLI : invalid param(s) supplied ISO : Datasize passed to send/recv buffer is invalid TCP : Protocol not supported"
2369340,"CLI : invalid param(s) supplied ISO : Datasize passed to send/recv buffer is invalid TCP : Socket not supported"
2369341,"CLI : invalid param(s) supplied ISO : Datasize passed to send/recv buffer is invalid TCP : Operation not supported on Socket"
2369342,"CLI : invalid param(s) supplied ISO : Datasize passed to send/recv buffer is invalid TCP : Protocol family not supported"
2369343,"CLI : invalid param(s) supplied ISO : Datasize passed to send/recv buffer is invalid TCP : Address family not supported"
2369344,"CLI : invalid param(s) supplied ISO : Datasize passed to send/recv buffer is invalid TCP : Address already in use"
2369345,"CLI : invalid param(s) supplied ISO : Datasize passed to send/recv buffer is invalid TCP : Can't assign requested address"
2369346,"CLI : invalid param(s) supplied ISO : Datasize passed to send/recv buffer is invalid TCP : Network is down"
2369347,"CLI : invalid param(s) supplied ISO : Datasize passed to send/recv buffer is invalid TCP : Network is unreachable"
2369348,"CLI : invalid param(s) supplied ISO : Datasize passed to send/recv buffer is invalid TCP : Network dropped connection on reset"
2369349,"CLI : invalid param(s) supplied ISO : Datasize passed to send/recv buffer is invalid TCP : Software caused connection abort"
2369350,"CLI : invalid param(s) supplied ISO : Datasize passed to send/recv buffer is invalid TCP : Connection reset by peer"
2369351,"CLI : invalid param(s) supplied ISO : Datasize passed to send/recv buffer is invalid TCP : No Buffer space available"
2369352,"CLI : invalid param(s) supplied ISO : Datasize passed to send/recv buffer is invalid TCP : Socket is already connected"
2369353,"CLI : invalid param(s) supplied ISO : Datasize passed to send/recv buffer is invalid TCP : Socket is not connected"
2369354,"CLI : invalid param(s) supplied ISO : Datasize passed to send/recv buffer is invalid TCP : Can't send after Socket shutdown"
2369355,"CLI : invalid param(s) supplied ISO : Datasize passed to send/recv buffer is invalid TCP : Too many references:can't splice"
2369356,"CLI : invalid param(s) supplied ISO : Datasize passed to send/recv buffer is invalid TCP : Connection timed out"
2369357,"CLI : invalid param(s) supplied ISO : Datasize passed to send/recv buffer is invalid TCP : Connection refused"
2369358,"CLI : invalid param(s) supplied ISO : Datasize passed to send/recv buffer is invalid TCP : Too many levels of symbolic links"
2369359,"CLI : invalid param(s) supplied ISO : Datasize passed to send/recv buffer is invalid TCP : File name is too long"
2369360,"CLI : invalid param(s) supplied ISO : Datasize passed to send/recv buffer is invalid TCP : Host is down"
2369361,"CLI : invalid param(s) supplied ISO : Datasize passed to send/recv buffer is invalid TCP : Unreachable peer"
2369362,"CLI : invalid param(s) supplied ISO : Datasize passed to send/recv buffer is invalid TCP : Directory is not empty"
2369363,"CLI : invalid param(s) supplied ISO : Datasize passed to send/recv buffer is invalid TCP : Too many processes"
2369364,"CLI : invalid param(s) supplied ISO : Datasize passed to send/recv buffer is invalid TCP : Too many users"
2369365,"CLI : invalid param(s) supplied ISO : Datasize passed to send/recv buffer is invalid TCP : Disk quota exceeded"
2369366,"CLI : invalid param(s) supplied ISO : Datasize passed to send/recv buffer is invalid TCP : Stale NFS file handle"
2369367,"CLI : invalid param(s) supplied ISO : Datasize passed to send/recv buffer is invalid TCP : Too many levels of remote in path"
2369387,"CLI : invalid param(s) supplied ISO : Datasize passed to send/recv buffer is invalid TCP : Network subsystem is unusable"
2369388,"CLI : invalid param(s) supplied ISO : Datasize passed to send/recv buffer is invalid TCP : Winsock DLL cannot support this application"
2369389,"CLI : invalid param(s) supplied ISO : Datasize passed to send/recv buffer is invalid TCP : Winsock not initialized"
2369397,"CLI : invalid param(s) supplied ISO : Datasize passed to send/recv buffer is invalid TCP : Disconnect"
2370297,"CLI : invalid param(s) supplied ISO : Datasize passed to send/recv buffer is invalid TCP : Host not found"
2370298,"CLI : invalid param(s) supplied ISO : Datasize passed to send/recv buffer is invalid TCP : Non authoritative - host not found"
2370299,"CLI : invalid param(s) supplied ISO : Datasize passed to send/recv buffer is invalid TCP : Non recoverable error"
2370300,"CLI : invalid param(s) supplied ISO : Datasize passed to send/recv buffer is invalid TCP : Valid name, no data record of requested type"
2371297,"CLI : invalid param(s) supplied ISO : Datasize passed to send/recv buffer is invalid TCP : Invalid address"
2424832,"CLI : invalid param(s) supplied ISO : Null passed as pointer"
2434836,"CLI : invalid param(s) supplied ISO : Null passed as pointer TCP : Interrupted system call"
2434841,"CLI : invalid param(s) supplied ISO : Null passed as pointer TCP : Bad file number"
2434845,"CLI : invalid param(s) supplied ISO : Null passed as pointer TCP : Permission denied"
2434846,"CLI : invalid param(s) supplied ISO : Null passed as pointer TCP : Bad address"
2434854,"CLI : invalid param(s) supplied ISO : Null passed as pointer TCP : Invalid argument"
2434856,"CLI : invalid param(s) supplied ISO : Null passed as pointer TCP : Too many open files"
2434867,"CLI : invalid param(s) supplied ISO : Null passed as pointer TCP : Operation would block"
2434868,"CLI : invalid param(s) supplied ISO : Null passed as pointer TCP : Operation now in progress"
2434869,"CLI : invalid param(s) supplied ISO : Null passed as pointer TCP : Operation already in progress"
2434870,"CLI : invalid param(s) supplied ISO : Null passed as pointer TCP : Socket operation on non socket"
2434871,"CLI : invalid param(s) supplied ISO : Null passed as pointer TCP : Destination address required"
2434872,"CLI : invalid param(s) supplied ISO : Null passed as pointer TCP : Message too long"
2434873,"CLI : invalid param(s) supplied ISO : Null passed as pointer TCP : Protocol wrong type for Socket"
2434874,"CLI : invalid param(s) supplied ISO : Null passed as pointer TCP : Protocol not available"
2434875,"CLI : invalid param(s) supplied ISO : Null passed as pointer TCP : Protocol not supported"
2434876,"CLI : invalid param(s) supplied ISO : Null passed as pointer TCP : Socket not supported"
2434877,"CLI : invalid param(s) supplied ISO : Null passed as pointer TCP : Operation not supported on Socket"
2434878,"CLI : invalid param(s) supplied ISO : Null passed as pointer TCP : Protocol family not supported"
2434879,"CLI : invalid param(s) supplied ISO : Null passed as pointer TCP : Address family not supported"
2434880,"CLI : invalid param(s) supplied ISO : Null passed as pointer TCP : Address already in use"
2434881,"CLI : invalid param(s) supplied ISO : Null passed as pointer TCP : Can't assign requested address"
2434882,"CLI : invalid param(s) supplied ISO : Null passed as pointer TCP : Network is down"
2434883,"CLI : invalid param(s) supplied ISO : Null passed as pointer TCP : Network is unreachable"
2434884,"CLI : invalid param(s) supplied ISO : Null passed as pointer TCP : Network dropped connection on reset"
2434885,"CLI : invalid param(s) supplied ISO : Null passed as pointer TCP : Software caused connection abort"
2434886,"CLI : invalid param(s) supplied ISO : Null passed as pointer TCP : Connection reset by peer"
2434887,"CLI : invalid param(s) supplied ISO : Null passed as pointer TCP : No Buffer space available"
2434888,"CLI : invalid param(s) supplied ISO : Null passed as pointer TCP : Socket is already connected"
2434889,"CLI : invalid param(s) supplied ISO : Null passed as pointer TCP : Socket is not connected"
2434890,"CLI : invalid param(s) supplied ISO : Null passed as pointer TCP : Can't send after Socket shutdown"
2434891,"CLI : invalid param(s) supplied ISO : Null passed as pointer TCP : Too many references:can't splice"
2434892,"CLI : invalid param(s) supplied ISO : Null passed as pointer TCP : Connection timed out"
2434893,"CLI : invalid param(s) supplied ISO : Null passed as pointer TCP : Connection refused"
2434894,"CLI : invalid param(s) supplied ISO : Null passed as pointer TCP : Too many levels of symbolic links"
2434895,"CLI : invalid param(s) supplied ISO : Null passed as pointer TCP : File name is too long"
2434896,"CLI : invalid param(s) supplied ISO : Null passed as pointer TCP : Host is down"
2434897,"CLI : invalid param(s) supplied ISO : Null passed as pointer TCP : Unreachable peer"
2434898,"CLI : invalid param(s) supplied ISO : Null passed as pointer TCP : Directory is not empty"
2434899,"CLI : invalid param(s) supplied ISO : Null passed as pointer TCP : Too many processes"
2434900,"CLI : invalid param(s) supplied ISO : Null passed as pointer TCP : Too many users"
2434901,"CLI : invalid param(s) supplied ISO : Null passed as pointer TCP : Disk quota exceeded"
2434902,"CLI : invalid param(s) supplied ISO : Null passed as pointer TCP : Stale NFS file handle"
2434903,"CLI : invalid param(s) supplied ISO : Null passed as pointer TCP : Too many levels of remote in path"
2434923,"CLI : invalid param(s) supplied ISO : Null passed as pointer TCP : Network subsystem is unusable"
2434924,"CLI : invalid param(s) supplied ISO : Null passed as pointer TCP : Winsock DLL cannot support this application"
2434925,"CLI : invalid param(s) supplied ISO : Null passed as pointer TCP : Winsock not initialized"
2434933,"CLI : invalid param(s) supplied ISO : Null passed as pointer TCP : Disconnect"
2435833,"CLI : invalid param(s) supplied ISO : Null passed as pointer TCP : Host not found"
2435834,"CLI : invalid param(s) supplied ISO : Null passed as pointer TCP : Non authoritative - host not found"
2435835,"CLI : invalid param(s) supplied ISO : Null passed as pointer TCP : Non recoverable error"
2435836,"CLI : invalid param(s) supplied ISO : Null passed as pointer TCP : Valid name, no data record of requested type"
2436833,"CLI : invalid param(s) supplied ISO : Null passed as pointer TCP : Invalid address"
2490368,"CLI : invalid param(s) supplied ISO : A short packet received"
2500372,"CLI : invalid param(s) supplied ISO : A short packet received TCP : Interrupted system call"
2500377,"CLI : invalid param(s) supplied ISO : A short packet received TCP : Bad file number"
2500381,"CLI : invalid param(s) supplied ISO : A short packet received TCP : Permission denied"
2500382,"CLI : invalid param(s) supplied ISO : A short packet received TCP : Bad address"
2500390,"CLI : invalid param(s) supplied ISO : A short packet received TCP : Invalid argument"
2500392,"CLI : invalid param(s) supplied ISO : A short packet received TCP : Too many open files"
2500403,"CLI : invalid param(s) supplied ISO : A short packet received TCP : Operation would block"
2500404,"CLI : invalid param(s) supplied ISO : A short packet received TCP : Operation now in progress"
2500405,"CLI : invalid param(s) supplied ISO : A short packet received TCP : Operation already in progress"
2500406,"CLI : invalid param(s) supplied ISO : A short packet received TCP : Socket operation on non socket"
2500407,"CLI : invalid param(s) supplied ISO : A short packet received TCP : Destination address required"
2500408,"CLI : invalid param(s) supplied ISO : A short packet received TCP : Message too long"
2500409,"CLI : invalid param(s) supplied ISO : A short packet received TCP : Protocol wrong type for Socket"
2500410,"CLI : invalid param(s) supplied ISO : A short packet received TCP : Protocol not available"
2500411,"CLI : invalid param(s) supplied ISO : A short packet received TCP : Protocol not supported"
2500412,"CLI : invalid param(s) supplied ISO : A short packet received TCP : Socket not supported"
2500413,"CLI : invalid param(s) supplied ISO : A short packet received TCP : Operation not supported on Socket"
2500414,"CLI : invalid param(s) supplied ISO : A short packet received TCP : Protocol family not supported"
2500415,"CLI : invalid param(s) supplied ISO : A short packet received TCP : Address family not supported"
2500416,"CLI : invalid param(s) supplied ISO : A short packet received TCP : Address already in use"
2500417,"CLI : invalid param(s) supplied ISO : A short packet received TCP : Can't assign requested address"
2500418,"CLI : invalid param(s) supplied ISO : A short packet received TCP : Network is down"
2500419,"CLI : invalid param(s) supplied ISO : A short packet received TCP : Network is unreachable"
2500420,"CLI : invalid param(s) supplied ISO : A short packet received TCP : Network dropped connection on reset"
2500421,"CLI : invalid param(s) supplied ISO : A short packet received TCP : Software caused connection abort"
2500422,"CLI : invalid param(s) supplied ISO : A short packet received TCP : Connection reset by peer"
2500423,"CLI : invalid param(s) supplied ISO : A short packet received TCP : No Buffer space available"
2500424,"CLI : invalid param(s) supplied ISO : A short packet received TCP : Socket is already connected"
2500425,"CLI : invalid param(s) supplied ISO : A short packet received TCP : Socket is not connected"
2500426,"CLI : invalid param(s) supplied ISO : A short packet received TCP : Can't send after Socket shutdown"
2500427,"CLI : invalid param(s) supplied ISO : A short packet received TCP : Too many references:can't splice"
2500428,"CLI : invalid param(s) supplied ISO : A short packet received TCP : Connection timed out"
2500429,"CLI : invalid param(s) supplied ISO : A short packet received TCP : Connection refused"
2500430,"CLI : invalid param(s) supplied ISO : A short packet received TCP : Too many levels of symbolic links"
2500431,"CLI : invalid param(s) supplied ISO : A short packet received TCP : File name is too long"
2500432,"CLI : invalid param(s) supplied ISO : A short packet received TCP : Host is down"
2500433,"CLI : invalid param(s) supplied ISO : A short packet received TCP : Unreachable peer"
2500434,"CLI : invalid param(s) supplied ISO : A short packet received TCP : Directory is not empty"
2500435,"CLI : invalid param(s) supplied ISO : A short packet received TCP : Too many processes"
2500436,"CLI : invalid param(s) supplied ISO : A short packet received TCP : Too many users"
2500437,"CLI : invalid param(s) supplied ISO : A short packet received TCP : Disk quota exceeded"
2500438,"CLI : invalid param(s) supplied ISO : A short packet received TCP : Stale NFS file handle"
2500439,"CLI : invalid param(s) supplied ISO : A short packet received TCP : Too many levels of remote in path"
2500459,"CLI : invalid param(s) supplied ISO : A short packet received TCP : Network subsystem is unusable"
2500460,"CLI : invalid param(s) supplied ISO : A short packet received TCP : Winsock DLL cannot support this application"
2500461,"CLI : invalid param(s) supplied ISO : A short packet received TCP : Winsock not initialized"
2500469,"CLI : invalid param(s) supplied ISO : A short packet received TCP : Disconnect"
2501369,"CLI : invalid param(s) supplied ISO : A short packet received TCP : Host not found"
2501370,"CLI : invalid param(s) supplied ISO : A short packet received TCP : Non authoritative - host not found"
2501371,"CLI : invalid param(s) supplied ISO : A short packet received TCP : Non recoverable error"
2501372,"CLI : invalid param(s) supplied ISO : A short packet received TCP : Valid name, no data record of requested type"
2502369,"CLI : invalid param(s) supplied ISO : A short packet received TCP : Invalid address"
2555904,"CLI : invalid param(s) supplied ISO : Too many packets without EoT flag"
2565908,"CLI : invalid param(s) supplied ISO : Too many packets without EoT flag TCP : Interrupted system call"
2565913,"CLI : invalid param(s) supplied ISO : Too many packets without EoT flag TCP : Bad file number"
2565917,"CLI : invalid param(s) supplied ISO : Too many packets without EoT flag TCP : Permission denied"
2565918,"CLI : invalid param(s) supplied ISO : Too many packets without EoT flag TCP : Bad address"
2565926,"CLI : invalid param(s) supplied ISO : Too many packets without EoT flag TCP : Invalid argument"
2565928,"CLI : invalid param(s) supplied ISO : Too many packets without EoT flag TCP : Too many open files"
2565939,"CLI : invalid param(s) supplied ISO : Too many packets without EoT flag TCP : Operation would block"
2565940,"CLI : invalid param(s) supplied ISO : Too many packets without EoT flag TCP : Operation now in progress"
2565941,"CLI : invalid param(s) supplied ISO : Too many packets without EoT flag TCP : Operation already in progress"
2565942,"CLI : invalid param(s) supplied ISO : Too many packets without EoT flag TCP : Socket operation on non socket"
2565943,"CLI : invalid param(s) supplied ISO : Too many packets without EoT flag TCP : Destination address required"
2565944,"CLI : invalid param(s) supplied ISO : Too many packets without EoT flag TCP : Message too long"
2565945,"CLI : invalid param(s) supplied ISO : Too many packets without EoT flag TCP : Protocol wrong type for Socket"
2565946,"CLI : invalid param(s) supplied ISO : Too many packets without EoT flag TCP : Protocol not available"
2565947,"CLI : invalid param(s) supplied ISO : Too many packets without EoT flag TCP : Protocol not supported"
2565948,"CLI : invalid param(s) supplied ISO : Too many packets without EoT flag TCP : Socket not supported"
2565949,"CLI : invalid param(s) supplied ISO : Too many packets without EoT flag TCP : Operation not supported on Socket"
2565950,"CLI : invalid param(s) supplied ISO : Too many packets without EoT flag TCP : Protocol family not supported"
2565951,"CLI : invalid param(s) supplied ISO : Too many packets without EoT flag TCP : Address family not supported"
2565952,"CLI : invalid param(s) supplied ISO : Too many packets without EoT flag TCP : Address already in use"
2565953,"CLI : invalid param(s) supplied ISO : Too many packets without EoT flag TCP : Can't assign requested address"
2565954,"CLI : invalid param(s) supplied ISO : Too many packets without EoT flag TCP : Network is down"
2565955,"CLI : invalid param(s) supplied ISO : Too many packets without EoT flag TCP : Network is unreachable"
2565956,"CLI : invalid param(s) supplied ISO : Too many packets without EoT flag TCP : Network dropped connection on reset"
2565957,"CLI : invalid param(s) supplied ISO : Too many packets without EoT flag TCP : Software caused connection abort"
2565958,"CLI : invalid param(s) supplied ISO : Too many packets without EoT flag TCP : Connection reset by peer"
2565959,"CLI : invalid param(s) supplied ISO : Too many packets without EoT flag TCP : No Buffer space available"
2565960,"CLI : invalid param(s) supplied ISO : Too many packets without EoT flag TCP : Socket is already connected"
2565961,"CLI : invalid param(s) supplied ISO : Too many packets without EoT flag TCP : Socket is not connected"
2565962,"CLI : invalid param(s) supplied ISO : Too many packets without EoT flag TCP : Can't send after Socket shutdown"
2565963,"CLI : invalid param(s) supplied ISO : Too many packets without EoT flag TCP : Too many references:can't splice"
2565964,"CLI : invalid param(s) supplied ISO : Too many packets without EoT flag TCP : Connection timed out"
2565965,"CLI : invalid param(s) supplied ISO : Too many packets without EoT flag TCP : Connection refused"
2565966,"CLI : invalid param(s) supplied ISO : Too many packets without EoT flag TCP : Too many levels of symbolic links"
2565967,"CLI : invalid param(s) supplied ISO : Too many packets without EoT flag TCP : File name is too long"
2565968,"CLI : invalid param(s) supplied ISO : Too many packets without EoT flag TCP : Host is down"
2565969,"CLI : invalid param(s) supplied ISO : Too many packets without EoT flag TCP : Unreachable peer"
2565970,"CLI : invalid param(s) supplied ISO : Too many packets without EoT flag TCP : Directory is not empty"
2565971,"CLI : invalid param(s) supplied ISO : Too many packets without EoT flag TCP : Too many processes"
2565972,"CLI : invalid param(s) supplied ISO : Too many packets without EoT flag TCP : Too many users"
2565973,"CLI : invalid param(s) supplied ISO : Too many packets without EoT flag TCP : Disk quota exceeded"
2565974,"CLI : invalid param(s) supplied ISO : Too many packets without EoT flag TCP : Stale NFS file handle"
2565975,"CLI : invalid param(s) supplied ISO : Too many packets without EoT flag TCP : Too many levels of remote in path"
2565995,"CLI : invalid param(s) supplied ISO : Too many packets without EoT flag TCP : Network subsystem is unusable"
2565996,"CLI : invalid param(s) supplied ISO : Too many packets without EoT flag TCP : Winsock DLL cannot support this application"
2565997,"CLI : invalid param(s) supplied ISO : Too many packets without EoT flag TCP : Winsock not initialized"
2566005,"CLI : invalid param(s) supplied ISO : Too many packets without EoT flag TCP : Disconnect"
2566905,"CLI : invalid param(s) supplied ISO : Too many packets without EoT flag TCP : Host not found"
2566906,"CLI : invalid param(s) supplied ISO : Too many packets without EoT flag TCP : Non authoritative - host not found"
2566907,"CLI : invalid param(s) supplied ISO : Too many packets without EoT flag TCP : Non recoverable error"
2566908,"CLI : invalid param(s) supplied ISO : Too many packets without EoT flag TCP : Valid name, no data record of requested type"
2567905,"CLI : invalid param(s) supplied ISO : Too many packets without EoT flag TCP : Invalid address"
2621440,"CLI : invalid param(s) supplied ISO : The sum of fragments data exceded maximum packet size"
2631444,"CLI : invalid param(s) supplied ISO : The sum of fragments data exceded maximum packet size TCP : Interrupted system call"
2631449,"CLI : invalid param(s) supplied ISO : The sum of fragments data exceded maximum packet size TCP : Bad file number"
2631453,"CLI : invalid param(s) supplied ISO : The sum of fragments data exceded maximum packet size TCP : Permission denied"
2631454,"CLI : invalid param(s) supplied ISO : The sum of fragments data exceded maximum packet size TCP : Bad address"
2631462,"CLI : invalid param(s) supplied ISO : The sum of fragments data exceded maximum packet size TCP : Invalid argument"
2631464,"CLI : invalid param(s) supplied ISO : The sum of fragments data exceded maximum packet size TCP : Too many open files"
2631475,"CLI : invalid param(s) supplied ISO : The sum of fragments data exceded maximum packet size TCP : Operation would block"
2631476,"CLI : invalid param(s) supplied ISO : The sum of fragments data exceded maximum packet size TCP : Operation now in progress"
2631477,"CLI : invalid param(s) supplied ISO : The sum of fragments data exceded maximum packet size TCP : Operation already in progress"
2631478,"CLI : invalid param(s) supplied ISO : The sum of fragments data exceded maximum packet size TCP : Socket operation on non socket"
2631479,"CLI : invalid param(s) supplied ISO : The sum of fragments data exceded maximum packet size TCP : Destination address required"
2631480,"CLI : invalid param(s) supplied ISO : The sum of fragments data exceded maximum packet size TCP : Message too long"
2631481,"CLI : invalid param(s) supplied ISO : The sum of fragments data exceded maximum packet size TCP : Protocol wrong type for Socket"
2631482,"CLI : invalid param(s) supplied ISO : The sum of fragments data exceded maximum packet size TCP : Protocol not available"
2631483,"CLI : invalid param(s) supplied ISO : The sum of fragments data exceded maximum packet size TCP : Protocol not supported"
2631484,"CLI : invalid param(s) supplied ISO : The sum of fragments data exceded maximum packet size TCP : Socket not supported"
2631485,"CLI : invalid param(s) supplied ISO : The sum of fragments data exceded maximum packet size TCP : Operation not supported on Socket"
2631486,"CLI : invalid param(s) supplied ISO : The sum of fragments data exceded maximum packet size TCP : Protocol family not supported"
2631487,"CLI : invalid param(s) supplied ISO : The sum of fragments data exceded maximum packet size TCP : Address family not supported"
2631488,"CLI : invalid param(s) supplied ISO : The sum of fragments data exceded maximum packet size TCP : Address already in use"
2631489,"CLI : invalid param(s) supplied ISO : The sum of fragments data exceded maximum packet size TCP : Can't assign requested address"
2631490,"CLI : invalid param(s) supplied ISO : The sum of fragments data exceded maximum packet size TCP : Network is down"
2631491,"CLI : invalid param(s) supplied ISO : The sum of fragments data exceded maximum packet size TCP : Network is unreachable"
2631492,"CLI : invalid param(s) supplied ISO : The sum of fragments data exceded maximum packet size TCP : Network dropped connection on reset"
2631493,"CLI : invalid param(s) supplied ISO : The sum of fragments data exceded maximum packet size TCP : Software caused connection abort"
2631494,"CLI : invalid param(s) supplied ISO : The sum of fragments data exceded maximum packet size TCP : Connection reset by peer"
2631495,"CLI : invalid param(s) supplied ISO : The sum of fragments data exceded maximum packet size TCP : No Buffer space available"
2631496,"CLI : invalid param(s) supplied ISO : The sum of fragments data exceded maximum packet size TCP : Socket is already connected"
2631497,"CLI : invalid param(s) supplied ISO : The sum of fragments data exceded maximum packet size TCP : Socket is not connected"
2631498,"CLI : invalid param(s) supplied ISO : The sum of fragments data exceded maximum packet size TCP : Can't send after Socket shutdown"
2631499,"CLI : invalid param(s) supplied ISO : The sum of fragments data exceded maximum packet size TCP : Too many references:can't splice"
2631500,"CLI : invalid param(s) supplied ISO : The sum of fragments data exceded maximum packet size TCP : Connection timed out"
2631501,"CLI : invalid param(s) supplied ISO : The sum of fragments data exceded maximum packet size TCP : Connection refused"
2631502,"CLI : invalid param(s) supplied ISO : The sum of fragments data exceded maximum packet size TCP : Too many levels of symbolic links"
2631503,"CLI : invalid param(s) supplied ISO : The sum of fragments data exceded maximum packet size TCP : File name is too long"
2631504,"CLI : invalid param(s) supplied ISO : The sum of fragments data exceded maximum packet size TCP : Host is down"
2631505,"CLI : invalid param(s) supplied ISO : The sum of fragments data exceded maximum packet size TCP : Unreachable peer"
2631506,"CLI : invalid param(s) supplied ISO : The sum of fragments data exceded maximum packet size TCP : Directory is not empty"
2631507,"CLI : invalid param(s) supplied ISO : The sum of fragments data exceded maximum packet size TCP : Too many processes"
2631508,"CLI : invalid param(s) supplied ISO : The sum of fragments data exceded maximum packet size TCP : Too many users"
2631509,"CLI : invalid param(s) supplied ISO : The sum of fragments data exceded maximum packet size TCP : Disk quota exceeded"
2631510,"CLI : invalid param(s) supplied ISO : The sum of fragments data exceded maximum packet size TCP : Stale NFS file handle"
2631511,"CLI : invalid param(s) supplied ISO : The sum of fragments data exceded maximum packet size TCP : Too many levels of remote in path"
2631531,"CLI : invalid param(s) supplied ISO : The sum of fragments data exceded maximum packet size TCP : Network subsystem is unusable"
2631532,"CLI : invalid param(s) supplied ISO : The sum of fragments data exceded maximum packet size TCP : Winsock DLL cannot support this application"
2631533,"CLI : invalid param(s) supplied ISO : The sum of fragments data exceded maximum packet size TCP : Winsock not initialized"
2631541,"CLI : invalid param(s) supplied ISO : The sum of fragments data exceded maximum packet size TCP : Disconnect"
2632441,"CLI : invalid param(s) supplied ISO : The sum of fragments data exceded maximum packet size TCP : Host not found"
2632442,"CLI : invalid param(s) supplied ISO : The sum of fragments data exceded maximum packet size TCP : Non authoritative - host not found"
2632443,"CLI : invalid param(s) supplied ISO : The sum of fragments data exceded maximum packet size TCP : Non recoverable error"
2632444,"CLI : invalid param(s) supplied ISO : The sum of fragments data exceded maximum packet size TCP : Valid name, no data record of requested type"
2633441,"CLI : invalid param(s) supplied ISO : The sum of fragments data exceded maximum packet size TCP : Invalid address"
2686976,"CLI : invalid param(s) supplied ISO : An error occurred during send"
2696980,"CLI : invalid param(s) supplied ISO : An error occurred during send TCP : Interrupted system call"
2696985,"CLI : invalid param(s) supplied ISO : An error occurred during send TCP : Bad file number"
2696989,"CLI : invalid param(s) supplied ISO : An error occurred during send TCP : Permission denied"
2696990,"CLI : invalid param(s) supplied ISO : An error occurred during send TCP : Bad address"
2696998,"CLI : invalid param(s) supplied ISO : An error occurred during send TCP : Invalid argument"
2697000,"CLI : invalid param(s) supplied ISO : An error occurred during send TCP : Too many open files"
2697011,"CLI : invalid param(s) supplied ISO : An error occurred during send TCP : Operation would block"
2697012,"CLI : invalid param(s) supplied ISO : An error occurred during send TCP : Operation now in progress"
2697013,"CLI : invalid param(s) supplied ISO : An error occurred during send TCP : Operation already in progress"
2697014,"CLI : invalid param(s) supplied ISO : An error occurred during send TCP : Socket operation on non socket"
2697015,"CLI : invalid param(s) supplied ISO : An error occurred during send TCP : Destination address required"
2697016,"CLI : invalid param(s) supplied ISO : An error occurred during send TCP : Message too long"
2697017,"CLI : invalid param(s) supplied ISO : An error occurred during send TCP : Protocol wrong type for Socket"
2697018,"CLI : invalid param(s) supplied ISO : An error occurred during send TCP : Protocol not available"
2697019,"CLI : invalid param(s) supplied ISO : An error occurred during send TCP : Protocol not supported"
2697020,"CLI : invalid param(s) supplied ISO : An error occurred during send TCP : Socket not supported"
2697021,"CLI : invalid param(s) supplied ISO : An error occurred during send TCP : Operation not supported on Socket"
2697022,"CLI : invalid param(s) supplied ISO : An error occurred during send TCP : Protocol family not supported"
2697023,"CLI : invalid param(s) supplied ISO : An error occurred during send TCP : Address family not supported"
2697024,"CLI : invalid param(s) supplied ISO : An error occurred during send TCP : Address already in use"
2697025,"CLI : invalid param(s) supplied ISO : An error occurred during send TCP : Can't assign requested address"
2697026,"CLI : invalid param(s) supplied ISO : An error occurred during send TCP : Network is down"
2697027,"CLI : invalid param(s) supplied ISO : An error occurred during send TCP : Network is unreachable"
2697028,"CLI : invalid param(s) supplied ISO : An error occurred during send TCP : Network dropped connection on reset"
2697029,"CLI : invalid param(s) supplied ISO : An error occurred during send TCP : Software caused connection abort"
2697030,"CLI : invalid param(s) supplied ISO : An error occurred during send TCP : Connection reset by peer"
2697031,"CLI : invalid param(s) supplied ISO : An error occurred during send TCP : No Buffer space available"
2697032,"CLI : invalid param(s) supplied ISO : An error occurred during send TCP : Socket is already connected"
2697033,"CLI : invalid param(s) supplied ISO : An error occurred during send TCP : Socket is not connected"
2697034,"CLI : invalid param(s) supplied ISO : An error occurred during send TCP : Can't send after Socket shutdown"
2697035,"CLI : invalid param(s) supplied ISO : An error occurred during send TCP : Too many references:can't splice"
2697036,"CLI : invalid param(s) supplied ISO : An error occurred during send TCP : Connection timed out"
2697037,"CLI : invalid param(s) supplied ISO : An error occurred during send TCP : Connection refused"
2697038,"CLI : invalid param(s) supplied ISO : An error occurred during send TCP : Too many levels of symbolic links"
2697039,"CLI : invalid param(s) supplied ISO : An error occurred during send TCP : File name is too long"
2697040,"CLI : invalid param(s) supplied ISO : An error occurred during send TCP : Host is down"
2697041,"CLI : invalid param(s) supplied ISO : An error occurred during send TCP : Unreachable peer"
2697042,"CLI : invalid param(s) supplied ISO : An error occurred during send TCP : Directory is not empty"
2697043,"CLI : invalid param(s) supplied ISO : An error occurred during send TCP : Too many processes"
2697044,"CLI : invalid param(s) supplied ISO : An error occurred during send TCP : Too many users"
2697045,"CLI : invalid param(s) supplied ISO : An error occurred during send TCP : Disk quota exceeded"
2697046,"CLI : invalid param(s) supplied ISO : An error occurred during send TCP : Stale NFS file handle"
2697047,"CLI : invalid param(s) supplied ISO : An error occurred during send TCP : Too many levels of remote in path"
2697067,"CLI : invalid param(s) supplied ISO : An error occurred during send TCP : Network subsystem is unusable"
2697068,"CLI : invalid param(s) supplied ISO : An error occurred during send TCP : Winsock DLL cannot support this application"
2697069,"CLI : invalid param(s) supplied ISO : An error occurred during send TCP : Winsock not initialized"
2697077,"CLI : invalid param(s) supplied ISO : An error occurred during send TCP : Disconnect"
2697977,"CLI : invalid param(s) supplied ISO : An error occurred during send TCP : Host not found"
2697978,"CLI : invalid param(s) supplied ISO : An error occurred during send TCP : Non authoritative - host not found"
2697979,"CLI : invalid param(s) supplied ISO : An error occurred during send TCP : Non recoverable error"
2697980,"CLI : invalid param(s) supplied ISO : An error occurred during send TCP : Valid name, no data record of requested type"
2698977,"CLI : invalid param(s) supplied ISO : An error occurred during send TCP : Invalid address"
2752512,"CLI : invalid param(s) supplied ISO : An error occurred during recv"
2762516,"CLI : invalid param(s) supplied ISO : An error occurred during recv TCP : Interrupted system call"
2762521,"CLI : invalid param(s) supplied ISO : An error occurred during recv TCP : Bad file number"
2762525,"CLI : invalid param(s) supplied ISO : An error occurred during recv TCP : Permission denied"
2762526,"CLI : invalid param(s) supplied ISO : An error occurred during recv TCP : Bad address"
2762534,"CLI : invalid param(s) supplied ISO : An error occurred during recv TCP : Invalid argument"
2762536,"CLI : invalid param(s) supplied ISO : An error occurred during recv TCP : Too many open files"
2762547,"CLI : invalid param(s) supplied ISO : An error occurred during recv TCP : Operation would block"
2762548,"CLI : invalid param(s) supplied ISO : An error occurred during recv TCP : Operation now in progress"
2762549,"CLI : invalid param(s) supplied ISO : An error occurred during recv TCP : Operation already in progress"
2762550,"CLI : invalid param(s) supplied ISO : An error occurred during recv TCP : Socket operation on non socket"
2762551,"CLI : invalid param(s) supplied ISO : An error occurred during recv TCP : Destination address required"
2762552,"CLI : invalid param(s) supplied ISO : An error occurred during recv TCP : Message too long"
2762553,"CLI : invalid param(s) supplied ISO : An error occurred during recv TCP : Protocol wrong type for Socket"
2762554,"CLI : invalid param(s) supplied ISO : An error occurred during recv TCP : Protocol not available"
2762555,"CLI : invalid param(s) supplied ISO : An error occurred during recv TCP : Protocol not supported"
2762556,"CLI : invalid param(s) supplied ISO : An error occurred during recv TCP : Socket not supported"
2762557,"CLI : invalid param(s) supplied ISO : An error occurred during recv TCP : Operation not supported on Socket"
2762558,"CLI : invalid param(s) supplied ISO : An error occurred during recv TCP : Protocol family not supported"
2762559,"CLI : invalid param(s) supplied ISO : An error occurred during recv TCP : Address family not supported"
2762560,"CLI : invalid param(s) supplied ISO : An error occurred during recv TCP : Address already in use"
2762561,"CLI : invalid param(s) supplied ISO : An error occurred during recv TCP : Can't assign requested address"
2762562,"CLI : invalid param(s) supplied ISO : An error occurred during recv TCP : Network is down"
2762563,"CLI : invalid param(s) supplied ISO : An error occurred during recv TCP : Network is unreachable"
2762564,"CLI : invalid param(s) supplied ISO : An error occurred during recv TCP : Network dropped connection on reset"
2762565,"CLI : invalid param(s) supplied ISO : An error occurred during recv TCP : Software caused connection abort"
2762566,"CLI : invalid param(s) supplied ISO : An error occurred during recv TCP : Connection reset by peer"
2762567,"CLI : invalid param(s) supplied ISO : An error occurred during recv TCP : No Buffer space available"
2762568,"CLI : invalid param(s) supplied ISO : An error occurred during recv TCP : Socket is already connected"
2762569,"CLI : invalid param(s) supplied ISO : An error occurred during recv TCP : Socket is not connected"
2762570,"CLI : invalid param(s) supplied ISO : An error occurred during recv TCP : Can't send after Socket shutdown"
2762571,"CLI : invalid param(s) supplied ISO : An error occurred during recv TCP : Too many references:can't splice"
2762572,"CLI : invalid param(s) supplied ISO : An error occurred during recv TCP : Connection timed out"
2762573,"CLI : invalid param(s) supplied ISO : An error occurred during recv TCP : Connection refused"
2762574,"CLI : invalid param(s) supplied ISO : An error occurred during recv TCP : Too many levels of symbolic links"
2762575,"CLI : invalid param(s) supplied ISO : An error occurred during recv TCP : File name is too long"
2762576,"CLI : invalid param(s) supplied ISO : An error occurred during recv TCP : Host is down"
2762577,"CLI : invalid param(s) supplied ISO : An error occurred during recv TCP : Unreachable peer"
2762578,"CLI : invalid param(s) supplied ISO : An error occurred during recv TCP : Directory is not empty"
2762579,"CLI : invalid param(s) supplied ISO : An error occurred during recv TCP : Too many processes"
2762580,"CLI : invalid param(s) supplied ISO : An error occurred during recv TCP : Too many users"
2762581,"CLI : invalid param(s) supplied ISO : An error occurred during recv TCP : Disk quota exceeded"
2762582,"CLI : invalid param(s) supplied ISO : An error occurred during recv TCP : Stale NFS file handle"
2762583,"CLI : invalid param(s) supplied ISO : An error occurred during recv TCP : Too many levels of remote in path"
2762603,"CLI : invalid param(s) supplied ISO : An error occurred during recv TCP : Network subsystem is unusable"
2762604,"CLI : invalid param(s) supplied ISO : An error occurred during recv TCP : Winsock DLL cannot support this application"
2762605,"CLI : invalid param(s) supplied ISO : An error occurred during recv TCP : Winsock not initialized"
2762613,"CLI : invalid param(s) supplied ISO : An error occurred during recv TCP : Disconnect"
2763513,"CLI : invalid param(s) supplied ISO : An error occurred during recv TCP : Host not found"
2763514,"CLI : invalid param(s) supplied ISO : An error occurred during recv TCP : Non authoritative - host not found"
2763515,"CLI : invalid param(s) supplied ISO : An error occurred during recv TCP : Non recoverable error"
2763516,"CLI : invalid param(s) supplied ISO : An error occurred during recv TCP : Valid name, no data record of requested type"
2764513,"CLI : invalid param(s) supplied ISO : An error occurred during recv TCP : Invalid address"
2818048,"CLI : invalid param(s) supplied ISO : Invalid connection params (wrong TSAPs)"
2828052,"CLI : invalid param(s) supplied ISO : Invalid connection params (wrong TSAPs) TCP : Interrupted system call"
2828057,"CLI : invalid param(s) supplied ISO : Invalid connection params (wrong TSAPs) TCP : Bad file number"
2828061,"CLI : invalid param(s) supplied ISO : Invalid connection params (wrong TSAPs) TCP : Permission denied"
2828062,"CLI : invalid param(s) supplied ISO : Invalid connection params (wrong TSAPs) TCP : Bad address"
2828070,"CLI : invalid param(s) supplied ISO : Invalid connection params (wrong TSAPs) TCP : Invalid argument"
2828072,"CLI : invalid param(s) supplied ISO : Invalid connection params (wrong TSAPs) TCP : Too many open files"
2828083,"CLI : invalid param(s) supplied ISO : Invalid connection params (wrong TSAPs) TCP : Operation would block"
2828084,"CLI : invalid param(s) supplied ISO : Invalid connection params (wrong TSAPs) TCP : Operation now in progress"
2828085,"CLI : invalid param(s) supplied ISO : Invalid connection params (wrong TSAPs) TCP : Operation already in progress"
2828086,"CLI : invalid param(s) supplied ISO : Invalid connection params (wrong TSAPs) TCP : Socket operation on non socket"
2828087,"CLI : invalid param(s) supplied ISO : Invalid connection params (wrong TSAPs) TCP : Destination address required"
2828088,"CLI : invalid param(s) supplied ISO : Invalid connection params (wrong TSAPs) TCP : Message too long"
2828089,"CLI : invalid param(s) supplied ISO : Invalid connection params (wrong TSAPs) TCP : Protocol wrong type for Socket"
2828090,"CLI : invalid param(s) supplied ISO : Invalid connection params (wrong TSAPs) TCP : Protocol not available"
2828091,"CLI : invalid param(s) supplied ISO : Invalid connection params (wrong TSAPs) TCP : Protocol not supported"
2828092,"CLI : invalid param(s) supplied ISO : Invalid connection params (wrong TSAPs) TCP : Socket not supported"
2828093,"CLI : invalid param(s) supplied ISO : Invalid connection params (wrong TSAPs) TCP : Operation not supported on Socket"
2828094,"CLI : invalid param(s) supplied ISO : Invalid connection params (wrong TSAPs) TCP : Protocol family not supported"
2828095,"CLI : invalid param(s) supplied ISO : Invalid connection params (wrong TSAPs) TCP : Address family not supported"
2828096,"CLI : invalid param(s) supplied ISO : Invalid connection params (wrong TSAPs) TCP : Address already in use"
2828097,"CLI : invalid param(s) supplied ISO : Invalid connection params (wrong TSAPs) TCP : Can't assign requested address"
2828098,"CLI : invalid param(s) supplied ISO : Invalid connection params (wrong TSAPs) TCP : Network is down"
2828099,"CLI : invalid param(s) supplied ISO : Invalid connection params (wrong TSAPs) TCP : Network is unreachable"
2828100,"CLI : invalid param(s) supplied ISO : Invalid connection params (wrong TSAPs) TCP : Network dropped connection on reset"
2828101,"CLI : invalid param(s) supplied ISO : Invalid connection params (wrong TSAPs) TCP : Software caused connection abort"
2828102,"CLI : invalid param(s) supplied ISO : Invalid connection params (wrong TSAPs) TCP : Connection reset by peer"
2828103,"CLI : invalid param(s) supplied ISO : Invalid connection params (wrong TSAPs) TCP : No Buffer space available"
2828104,"CLI : invalid param(s) supplied ISO : Invalid connection params (wrong TSAPs) TCP : Socket is already connected"
2828105,"CLI : invalid param(s) supplied ISO : Invalid connection params (wrong TSAPs) TCP : Socket is not connected"
2828106,"CLI : invalid param(s) supplied ISO : Invalid connection params (wrong TSAPs) TCP : Can't send after Socket shutdown"
2828107,"CLI : invalid param(s) supplied ISO : Invalid connection params (wrong TSAPs) TCP : Too many references:can't splice"
2828108,"CLI : invalid param(s) supplied ISO : Invalid connection params (wrong TSAPs) TCP : Connection timed out"
2828109,"CLI : invalid param(s) supplied ISO : Invalid connection params (wrong TSAPs) TCP : Connection refused"
2828110,"CLI : invalid param(s) supplied ISO : Invalid connection params (wrong TSAPs) TCP : Too many levels of symbolic links"
2828111,"CLI : invalid param(s) supplied ISO : Invalid connection params (wrong TSAPs) TCP : File name is too long"
2828112,"CLI : invalid param(s) supplied ISO : Invalid connection params (wrong TSAPs) TCP : Host is down"
2828113,"CLI : invalid param(s) supplied ISO : Invalid connection params (wrong TSAPs) TCP : Unreachable peer"
2828114,"CLI : invalid param(s) supplied ISO : Invalid connection params (wrong TSAPs) TCP : Directory is not empty"
2828115,"CLI : invalid param(s) supplied ISO : Invalid connection params (wrong TSAPs) TCP : Too many processes"
2828116,"CLI : invalid param(s) supplied ISO : Invalid connection params (wrong TSAPs) TCP : Too many users"
2828117,"CLI : invalid param(s) supplied ISO : Invalid connection params (wrong TSAPs) TCP : Disk quota exceeded"
2828118,"CLI : invalid param(s) supplied ISO : Invalid connection params (wrong TSAPs) TCP : Stale NFS file handle"
2828119,"CLI : invalid param(s) supplied ISO : Invalid connection params (wrong TSAPs) TCP : Too many levels of remote in path"
2828139,"CLI : invalid param(s) supplied ISO : Invalid connection params (wrong TSAPs) TCP : Network subsystem is unusable"
2828140,"CLI : invalid param(s) supplied ISO : Invalid connection params (wrong TSAPs) TCP : Winsock DLL cannot support this application"
2828141,"CLI : invalid param(s) supplied ISO : Invalid connection params (wrong TSAPs) TCP : Winsock not initialized"
2828149,"CLI : invalid param(s) supplied ISO : Invalid connection params (wrong TSAPs) TCP : Disconnect"
2829049,"CLI : invalid param(s) supplied ISO : Invalid connection params (wrong TSAPs) TCP : Host not found"
2829050,"CLI : invalid param(s) supplied ISO : Invalid connection params (wrong TSAPs) TCP : Non authoritative - host not found"
2829051,"CLI : invalid param(s) supplied ISO : Invalid connection params (wrong TSAPs) TCP : Non recoverable error"
2829052,"CLI : invalid param(s) supplied ISO : Invalid connection params (wrong TSAPs) TCP : Valid name, no data record of requested type"
2830049,"CLI : invalid param(s) supplied ISO : Invalid connection params (wrong TSAPs) TCP : Invalid address"
2883584,"CLI : invalid param(s) supplied ISO : Unknown error (0x000c0000)"
2893588,"CLI : invalid param(s) supplied ISO : Unknown error (0x000c0000) TCP : Interrupted system call"
2893593,"CLI : invalid param(s) supplied ISO : Unknown error (0x000c0000) TCP : Bad file number"
2893597,"CLI : invalid param(s) supplied ISO : Unknown error (0x000c0000) TCP : Permission denied"
2893598,"CLI : invalid param(s) supplied ISO : Unknown error (0x000c0000) TCP : Bad address"
2893606,"CLI : invalid param(s) supplied ISO : Unknown error (0x000c0000) TCP : Invalid argument"
2893608,"CLI : invalid param(s) supplied ISO : Unknown error (0x000c0000) TCP : Too many open files"
2893619,"CLI : invalid param(s) supplied ISO : Unknown error (0x000c0000) TCP : Operation would block"
2893620,"CLI : invalid param(s) supplied ISO : Unknown error (0x000c0000) TCP : Operation now in progress"
2893621,"CLI : invalid param(s) supplied ISO : Unknown error (0x000c0000) TCP : Operation already in progress"
2893622,"CLI : invalid param(s) supplied ISO : Unknown error (0x000c0000) TCP : Socket operation on non socket"
2893623,"CLI : invalid param(s) supplied ISO : Unknown error (0x000c0000) TCP : Destination address required"
2893624,"CLI : invalid param(s) supplied ISO : Unknown error (0x000c0000) TCP : Message too long"
2893625,"CLI : invalid param(s) supplied ISO : Unknown error (0x000c0000) TCP : Protocol wrong type for Socket"
2893626,"CLI : invalid param(s) supplied ISO : Unknown error (0x000c0000) TCP : Protocol not available"
2893627,"CLI : invalid param(s) supplied ISO : Unknown error (0x000c0000) TCP : Protocol not supported"
2893628,"CLI : invalid param(s) supplied ISO : Unknown error (0x000c0000) TCP : Socket not supported"
2893629,"CLI : invalid param(s) supplied ISO : Unknown error (0x000c0000) TCP : Operation not supported on Socket"
2893630,"CLI : invalid param(s) supplied ISO : Unknown error (0x000c0000) TCP : Protocol family not supported"
2893631,"CLI : invalid param(s) supplied ISO : Unknown error (0x000c0000) TCP : Address family not supported"
2893632,"CLI : invalid param(s) supplied ISO : Unknown error (0x000c0000) TCP : Address already in use"
2893633,"CLI : invalid param(s) supplied ISO : Unknown error (0x000c0000) TCP : Can't assign requested address"
2893634,"CLI : invalid param(s) supplied ISO : Unknown error (0x000c0000) TCP : Network is down"
2893635,"CLI : invalid param(s) supplied ISO : Unknown error (0x000c0000) TCP : Network is unreachable"
2893636,"CLI : invalid param(s) supplied ISO : Unknown error (0x000c0000) TCP : Network dropped connection on reset"
2893637,"CLI : invalid param(s) supplied ISO : Unknown error (0x000c0000) TCP : Software caused connection abort"
2893638,"CLI : invalid param(s) supplied ISO : Unknown error (0x000c0000) TCP : Connection reset by peer"
2893639,"CLI : invalid param(s) supplied ISO : Unknown error (0x000c0000) TCP : No Buffer space available"
2893640,"CLI : invalid param(s) supplied ISO : Unknown error (0x000c0000) TCP : Socket is already connected"
2893641,"CLI : invalid param(s) supplied ISO : Unknown error (0x000c0000) TCP : Socket is not connected"
2893642,"CLI : invalid param(s) supplied ISO : Unknown error (0x000c0000) TCP : Can't send after Socket shutdown"
2893643,"CLI : invalid param(s) supplied ISO : Unknown error (0x000c0000) TCP : Too many references:can't splice"
2893644,"CLI : invalid param(s) supplied ISO : Unknown error (0x000c0000) TCP : Connection timed out"
2893645,"CLI : invalid param(s) supplied ISO : Unknown error (0x000c0000) TCP : Connection refused"
2893646,"CLI : invalid param(s) supplied ISO : Unknown error (0x000c0000) TCP : Too many levels of symbolic links"
2893647,"CLI : invalid param(s) supplied ISO : Unknown error (0x000c0000) TCP : File name is too long"
2893648,"CLI : invalid param(s) supplied ISO : Unknown error (0x000c0000) TCP : Host is down"
2893649,"CLI : invalid param(s) supplied ISO : Unknown error (0x000c0000) TCP : Unreachable peer"
2893650,"CLI : invalid param(s) supplied ISO : Unknown error (0x000c0000) TCP : Directory is not empty"
2893651,"CLI : invalid param(s) supplied ISO : Unknown error (0x000c0000) TCP : Too many processes"
2893652,"CLI : invalid param(s) supplied ISO : Unknown error (0x000c0000) TCP : Too many users"
2893653,"CLI : invalid param(s) supplied ISO : Unknown error (0x000c0000) TCP : Disk quota exceeded"
2893654,"CLI : invalid param(s) supplied ISO : Unknown error (0x000c0000) TCP : Stale NFS file handle"
2893655,"CLI : invalid param(s) supplied ISO : Unknown error (0x000c0000) TCP : Too many levels of remote in path"
2893675,"CLI : invalid param(s) supplied ISO : Unknown error (0x000c0000) TCP : Network subsystem is unusable"
2893676,"CLI : invalid param(s) supplied ISO : Unknown error (0x000c0000) TCP : Winsock DLL cannot support this application"
2893677,"CLI : invalid param(s) supplied ISO : Unknown error (0x000c0000) TCP : Winsock not initialized"
2893685,"CLI : invalid param(s) supplied ISO : Unknown error (0x000c0000) TCP : Disconnect"
2894585,"CLI : invalid param(s) supplied ISO : Unknown error (0x000c0000) TCP : Host not found"
2894586,"CLI : invalid param(s) supplied ISO : Unknown error (0x000c0000) TCP : Non authoritative - host not found"
2894587,"CLI : invalid param(s) supplied ISO : Unknown error (0x000c0000) TCP : Non recoverable error"
2894588,"CLI : invalid param(s) supplied ISO : Unknown error (0x000c0000) TCP : Valid name, no data record of requested type"
2895585,"CLI : invalid param(s) supplied ISO : Unknown error (0x000c0000) TCP : Invalid address"
2949120,"CLI : invalid param(s) supplied ISO : Unknown error (0x000d0000)"
2959124,"CLI : invalid param(s) supplied ISO : Unknown error (0x000d0000) TCP : Interrupted system call"
2959129,"CLI : invalid param(s) supplied ISO : Unknown error (0x000d0000) TCP : Bad file number"
2959133,"CLI : invalid param(s) supplied ISO : Unknown error (0x000d0000) TCP : Permission denied"
2959134,"CLI : invalid param(s) supplied ISO : Unknown error (0x000d0000) TCP : Bad address"
2959142,"CLI : invalid param(s) supplied ISO : Unknown error (0x000d0000) TCP : Invalid argument"
2959144,"CLI : invalid param(s) supplied ISO : Unknown error (0x000d0000) TCP : Too many open files"
2959155,"CLI : invalid param(s) supplied ISO : Unknown error (0x000d0000) TCP : Operation would block"
2959156,"CLI : invalid param(s) supplied ISO : Unknown error (0x000d0000) TCP : Operation now in progress"
2959157,"CLI : invalid param(s) supplied ISO : Unknown error (0x000d0000) TCP : Operation already in progress"
2959158,"CLI : invalid param(s) supplied ISO : Unknown error (0x000d0000) TCP : Socket operation on non socket"
2959159,"CLI : invalid param(s) supplied ISO : Unknown error (0x000d0000) TCP : Destination address required"
2959160,"CLI : invalid param(s) supplied ISO : Unknown error (0x000d0000) TCP : Message too long"
2959161,"CLI : invalid param(s) supplied ISO : Unknown error (0x000d0000) TCP : Protocol wrong type for Socket"
2959162,"CLI : invalid param(s) supplied ISO : Unknown error (0x000d0000) TCP : Protocol not available"
2959163,"CLI : invalid param(s) supplied ISO : Unknown error (0x000d0000) TCP : Protocol not supported"
2959164,"CLI : invalid param(s) supplied ISO : Unknown error (0x000d0000) TCP : Socket not supported"
2959165,"CLI : invalid param(s) supplied ISO : Unknown error (0x000d0000) TCP : Operation not supported on Socket"
2959166,"CLI : invalid param(s) supplied ISO : Unknown error (0x000d0000) TCP : Protocol family not supported"
2959167,"CLI : invalid param(s) supplied ISO : Unknown error (0x000d0000) TCP : Address family not supported"
2959168,"CLI : invalid param(s) supplied ISO : Unknown error (0x000d0000) TCP : Address already in use"
2959169,"CLI : invalid param(s) supplied ISO : Unknown error (0x000d0000) TCP : Can't assign requested address"
2959170,"CLI : invalid param(s) supplied ISO : Unknown error (0x000d0000) TCP : Network is down"
2959171,"CLI : invalid param(s) supplied ISO : Unknown error (0x000d0000) TCP : Network is unreachable"
2959172,"CLI : invalid param(s) supplied ISO : Unknown error (0x000d0000) TCP : Network dropped connection on reset"
2959173,"CLI : invalid param(s) supplied ISO : Unknown error (0x000d0000) TCP : Software caused connection abort"
2959174,"CLI : invalid param(s) supplied ISO : Unknown error (0x000d0000) TCP : Connection reset by peer"
2959175,"CLI : invalid param(s) supplied ISO : Unknown error (0x000d0000) TCP : No Buffer space available"
2959176,"CLI : invalid param(s) supplied ISO : Unknown error (0x000d0000) TCP : Socket is already connected"
2959177,"CLI : invalid param(s) supplied ISO : Unknown error (0x000d0000) TCP : Socket is not connected"
2959178,"CLI : invalid param(s) supplied ISO : Unknown error (0x000d0000) TCP : Can't send after Socket shutdown"
2959179,"CLI : invalid param(s) supplied ISO : Unknown error (0x000d0000) TCP : Too many references:can't splice"
2959180,"CLI : invalid param(s) supplied ISO : Unknown error (0x000d0000) TCP : Connection timed out"
2959181,"CLI : invalid param(s) supplied ISO : Unknown error (0x000d0000) TCP : Connection refused"
2959182,"CLI : invalid param(s) supplied ISO : Unknown error (0x000d0000) TCP : Too many levels of symbolic links"
2959183,"CLI : invalid param(s) supplied ISO : Unknown error (0x000d0000) TCP : File name is too long"
2959184,"CLI : invalid param(s) supplied ISO : Unknown error (0x000d0000) TCP : Host is down"
2959185,"CLI : invalid param(s) supplied ISO : Unknown error (0x000d0000) TCP : Unreachable peer"
2959186,"CLI : invalid param(s) supplied ISO : Unknown error (0x000d0000) TCP : Directory is not empty"
2959187,"CLI : invalid param(s) supplied ISO : Unknown error (0x000d0000) TCP : Too many processes"
2959188,"CLI : invalid param(s) supplied ISO : Unknown error (0x000d0000) TCP : Too many users"
2959189,"CLI : invalid param(s) supplied ISO : Unknown error (0x000d0000) TCP : Disk quota exceeded"
2959190,"CLI : invalid param(s) supplied ISO : Unknown error (0x000d0000) TCP : Stale NFS file handle"
2959191,"CLI : invalid param(s) supplied ISO : Unknown error (0x000d0000) TCP : Too many levels of remote in path"
2959211,"CLI : invalid param(s) supplied ISO : Unknown error (0x000d0000) TCP : Network subsystem is unusable"
2959212,"CLI : invalid param(s) supplied ISO : Unknown error (0x000d0000) TCP : Winsock DLL cannot support this application"
2959213,"CLI : invalid param(s) supplied ISO : Unknown error (0x000d0000) TCP : Winsock not initialized"
2959221,"CLI : invalid param(s) supplied ISO : Unknown error (0x000d0000) TCP : Disconnect"
2960121,"CLI : invalid param(s) supplied ISO : Unknown error (0x000d0000) TCP : Host not found"
2960122,"CLI : invalid param(s) supplied ISO : Unknown error (0x000d0000) TCP : Non authoritative - host not found"
2960123,"CLI : invalid param(s) supplied ISO : Unknown error (0x000d0000) TCP : Non recoverable error"
2960124,"CLI : invalid param(s) supplied ISO : Unknown error (0x000d0000) TCP : Valid name, no data record of requested type"
2961121,"CLI : invalid param(s) supplied ISO : Unknown error (0x000d0000) TCP : Invalid address"
3014656,"CLI : invalid param(s) supplied ISO : Unknown error (0x000e0000)"
3024660,"CLI : invalid param(s) supplied ISO : Unknown error (0x000e0000) TCP : Interrupted system call"
3024665,"CLI : invalid param(s) supplied ISO : Unknown error (0x000e0000) TCP : Bad file number"
3024669,"CLI : invalid param(s) supplied ISO : Unknown error (0x000e0000) TCP : Permission denied"
3024670,"CLI : invalid param(s) supplied ISO : Unknown error (0x000e0000) TCP : Bad address"
3024678,"CLI : invalid param(s) supplied ISO : Unknown error (0x000e0000) TCP : Invalid argument"
3024680,"CLI : invalid param(s) supplied ISO : Unknown error (0x000e0000) TCP : Too many open files"
3024691,"CLI : invalid param(s) supplied ISO : Unknown error (0x000e0000) TCP : Operation would block"
3024692,"CLI : invalid param(s) supplied ISO : Unknown error (0x000e0000) TCP : Operation now in progress"
3024693,"CLI : invalid param(s) supplied ISO : Unknown error (0x000e0000) TCP : Operation already in progress"
3024694,"CLI : invalid param(s) supplied ISO : Unknown error (0x000e0000) TCP : Socket operation on non socket"
3024695,"CLI : invalid param(s) supplied ISO : Unknown error (0x000e0000) TCP : Destination address required"
3024696,"CLI : invalid param(s) supplied ISO : Unknown error (0x000e0000) TCP : Message too long"
3024697,"CLI : invalid param(s) supplied ISO : Unknown error (0x000e0000) TCP : Protocol wrong type for Socket"
3024698,"CLI : invalid param(s) supplied ISO : Unknown error (0x000e0000) TCP : Protocol not available"
3024699,"CLI : invalid param(s) supplied ISO : Unknown error (0x000e0000) TCP : Protocol not supported"
3024700,"CLI : invalid param(s) supplied ISO : Unknown error (0x000e0000) TCP : Socket not supported"
3024701,"CLI : invalid param(s) supplied ISO : Unknown error (0x000e0000) TCP : Operation not supported on Socket"
3024702,"CLI : invalid param(s) supplied ISO : Unknown error (0x000e0000) TCP : Protocol family not supported"
3024703,"CLI : invalid param(s) supplied ISO : Unknown error (0x000e0000) TCP : Address family not supported"
3024704,"CLI : invalid param(s) supplied ISO : Unknown error (0x000e0000) TCP : Address already in use"
3024705,"CLI : invalid param(s) supplied ISO : Unknown error (0x000e0000) TCP : Can't assign requested address"
3024706,"CLI : invalid param(s) supplied ISO : Unknown error (0x000e0000) TCP : Network is down"
3024707,"CLI : invalid param(s) supplied ISO : Unknown error (0x000e0000) TCP : Network is unreachable"
3024708,"CLI : invalid param(s) supplied ISO : Unknown error (0x000e0000) TCP : Network dropped connection on reset"
3024709,"CLI : invalid param(s) supplied ISO : Unknown error (0x000e0000) TCP : Software caused connection abort"
3024710,"CLI : invalid param(s) supplied ISO : Unknown error (0x000e0000) TCP : Connection reset by peer"
3024711,"CLI : invalid param(s) supplied ISO : Unknown error (0x000e0000) TCP : No Buffer space available"
3024712,"CLI : invalid param(s) supplied ISO : Unknown error (0x000e0000) TCP : Socket is already connected"
3024713,"CLI : invalid param(s) supplied ISO : Unknown error (0x000e0000) TCP : Socket is not connected"
3024714,"CLI : invalid param(s) supplied ISO : Unknown error (0x000e0000) TCP : Can't send after Socket shutdown"
3024715,"CLI : invalid param(s) supplied ISO : Unknown error (0x000e0000) TCP : Too many references:can't splice"
3024716,"CLI : invalid param(s) supplied ISO : Unknown error (0x000e0000) TCP : Connection timed out"
3024717,"CLI : invalid param(s) supplied ISO : Unknown error (0x000e0000) TCP : Connection refused"
3024718,"CLI : invalid param(s) supplied ISO : Unknown error (0x000e0000) TCP : Too many levels of symbolic links"
3024719,"CLI : invalid param(s) supplied ISO : Unknown error (0x000e0000) TCP : File name is too long"
3024720,"CLI : invalid param(s) supplied ISO : Unknown error (0x000e0000) TCP : Host is down"
3024721,"CLI : invalid param(s) supplied ISO : Unknown error (0x000e0000) TCP : Unreachable peer"
3024722,"CLI : invalid param(s) supplied ISO : Unknown error (0x000e0000) TCP : Directory is not empty"
3024723,"CLI : invalid param(s) supplied ISO : Unknown error (0x000e0000) TCP : Too many processes"
3024724,"CLI : invalid param(s) supplied ISO : Unknown error (0x000e0000) TCP : Too many users"
3024725,"CLI : invalid param(s) supplied ISO : Unknown error (0x000e0000) TCP : Disk quota exceeded"
3024726,"CLI : invalid param(s) supplied ISO : Unknown error (0x000e0000) TCP : Stale NFS file handle"
3024727,"CLI : invalid param(s) supplied ISO : Unknown error (0x000e0000) TCP : Too many levels of remote in path"
3024747,"CLI : invalid param(s) supplied ISO : Unknown error (0x000e0000) TCP : Network subsystem is unusable"
3024748,"CLI : invalid param(s) supplied ISO : Unknown error (0x000e0000) TCP : Winsock DLL cannot support this application"
3024749,"CLI : invalid param(s) supplied ISO : Unknown error (0x000e0000) TCP : Winsock not initialized"
3024757,"CLI : invalid param(s) supplied ISO : Unknown error (0x000e0000) TCP : Disconnect"
3025657,"CLI : invalid param(s) supplied ISO : Unknown error (0x000e0000) TCP : Host not found"
3025658,"CLI : invalid param(s) supplied ISO : Unknown error (0x000e0000) TCP : Non authoritative - host not found"
3025659,"CLI : invalid param(s) supplied ISO : Unknown error (0x000e0000) TCP : Non recoverable error"
3025660,"CLI : invalid param(s) supplied ISO : Unknown error (0x000e0000) TCP : Valid name, no data record of requested type"
3026657,"CLI : invalid param(s) supplied ISO : Unknown error (0x000e0000) TCP : Invalid address"
3080192,"CLI : invalid param(s) supplied ISO : Unknown error (0x000f0000)"
3090196,"CLI : invalid param(s) supplied ISO : Unknown error (0x000f0000) TCP : Interrupted system call"
3090201,"CLI : invalid param(s) supplied ISO : Unknown error (0x000f0000) TCP : Bad file number"
3090205,"CLI : invalid param(s) supplied ISO : Unknown error (0x000f0000) TCP : Permission denied"
3090206,"CLI : invalid param(s) supplied ISO : Unknown error (0x000f0000) TCP : Bad address"
3090214,"CLI : invalid param(s) supplied ISO : Unknown error (0x000f0000) TCP : Invalid argument"
3090216,"CLI : invalid param(s) supplied ISO : Unknown error (0x000f0000) TCP : Too many open files"
3090227,"CLI : invalid param(s) supplied ISO : Unknown error (0x000f0000) TCP : Operation would block"
3090228,"CLI : invalid param(s) supplied ISO : Unknown error (0x000f0000) TCP : Operation now in progress"
3090229,"CLI : invalid param(s) supplied ISO : Unknown error (0x000f0000) TCP : Operation already in progress"
3090230,"CLI : invalid param(s) supplied ISO : Unknown error (0x000f0000) TCP : Socket operation on non socket"
3090231,"CLI : invalid param(s) supplied ISO : Unknown error (0x000f0000) TCP : Destination address required"
3090232,"CLI : invalid param(s) supplied ISO : Unknown error (0x000f0000) TCP : Message too long"
3090233,"CLI : invalid param(s) supplied ISO : Unknown error (0x000f0000) TCP : Protocol wrong type for Socket"
3090234,"CLI : invalid param(s) supplied ISO : Unknown error (0x000f0000) TCP : Protocol not available"
3090235,"CLI : invalid param(s) supplied ISO : Unknown error (0x000f0000) TCP : Protocol not supported"
3090236,"CLI : invalid param(s) supplied ISO : Unknown error (0x000f0000) TCP : Socket not supported"
3090237,"CLI : invalid param(s) supplied ISO : Unknown error (0x000f0000) TCP : Operation not supported on Socket"
3090238,"CLI : invalid param(s) supplied ISO : Unknown error (0x000f0000) TCP : Protocol family not supported"
3090239,"CLI : invalid param(s) supplied ISO : Unknown error (0x000f0000) TCP : Address family not supported"
3090240,"CLI : invalid param(s) supplied ISO : Unknown error (0x000f0000) TCP : Address already in use"
3090241,"CLI : invalid param(s) supplied ISO : Unknown error (0x000f0000) TCP : Can't assign requested address"
3090242,"CLI : invalid param(s) supplied ISO : Unknown error (0x000f0000) TCP : Network is down"
3090243,"CLI : invalid param(s) supplied ISO : Unknown error (0x000f0000) TCP : Network is unreachable"
3090244,"CLI : invalid param(s) supplied ISO : Unknown error (0x000f0000) TCP : Network dropped connection on reset"
3090245,"CLI : invalid param(s) supplied ISO : Unknown error (0x000f0000) TCP : Software caused connection abort"
3090246,"CLI : invalid param(s) supplied ISO : Unknown error (0x000f0000) TCP : Connection reset by peer"
3090247,"CLI : invalid param(s) supplied ISO : Unknown error (0x000f0000) TCP : No Buffer space available"
3090248,"CLI : invalid param(s) supplied ISO : Unknown error (0x000f0000) TCP : Socket is already connected"
3090249,"CLI : invalid param(s) supplied ISO : Unknown error (0x000f0000) TCP : Socket is not connected"
3090250,"CLI : invalid param(s) supplied ISO : Unknown error (0x000f0000) TCP : Can't send after Socket shutdown"
3090251,"CLI : invalid param(s) supplied ISO : Unknown error (0x000f0000) TCP : Too many references:can't splice"
3090252,"CLI : invalid param(s) supplied ISO : Unknown error (0x000f0000) TCP : Connection timed out"
3090253,"CLI : invalid param(s) supplied ISO : Unknown error (0x000f0000) TCP : Connection refused"
3090254,"CLI : invalid param(s) supplied ISO : Unknown error (0x000f0000) TCP : Too many levels of symbolic links"
3090255,"CLI : invalid param(s) supplied ISO : Unknown error (0x000f0000) TCP : File name is too long"
3090256,"CLI : invalid param(s) supplied ISO : Unknown error (0x000f0000) TCP : Host is down"
3090257,"CLI : invalid param(s) supplied ISO : Unknown error (0x000f0000) TCP : Unreachable peer"
3090258,"CLI : invalid param(s) supplied ISO : Unknown error (0x000f0000) TCP : Directory is not empty"
3090259,"CLI : invalid param(s) supplied ISO : Unknown error (0x000f0000) TCP : Too many processes"
3090260,"CLI : invalid param(s) supplied ISO : Unknown error (0x000f0000) TCP : Too many users"
3090261,"CLI : invalid param(s) supplied ISO : Unknown error (0x000f0000) TCP : Disk quota exceeded"
3090262,"CLI : invalid param(s) supplied ISO : Unknown error (0x000f0000) TCP : Stale NFS file handle"
3090263,"CLI : invalid param(s) supplied ISO : Unknown error (0x000f0000) TCP : Too many levels of remote in path"
3090283,"CLI : invalid param(s) supplied ISO : Unknown error (0x000f0000) TCP : Network subsystem is unusable"
3090284,"CLI : invalid param(s) supplied ISO : Unknown error (0x000f0000) TCP : Winsock DLL cannot support this application"
3090285,"CLI : invalid param(s) supplied ISO : Unknown error (0x000f0000) TCP : Winsock not initialized"
3090293,"CLI : invalid param(s) supplied ISO : Unknown error (0x000f0000) TCP : Disconnect"
3091193,"CLI : invalid param(s) supplied ISO : Unknown error (0x000f0000) TCP : Host not found"
3091194,"CLI : invalid param(s) supplied ISO : Unknown error (0x000f0000) TCP : Non authoritative - host not found"
3091195,"CLI : invalid param(s) supplied ISO : Unknown error (0x000f0000) TCP : Non recoverable error"
3091196,"CLI : invalid param(s) supplied ISO : Unknown error (0x000f0000) TCP : Valid name, no data record of requested type"
3092193,"CLI : invalid param(s) supplied ISO : Unknown error (0x000f0000) TCP : Invalid address"
3145728,"CLI : Job pending"
3155732,"CLI : Job pending TCP : Interrupted system call"
3155737,"CLI : Job pending TCP : Bad file number"
3155741,"CLI : Job pending TCP : Permission denied"
3155742,"CLI : Job pending TCP : Bad address"
3155750,"CLI : Job pending TCP : Invalid argument"
3155752,"CLI : Job pending TCP : Too many open files"
3155763,"CLI : Job pending TCP : Operation would block"
3155764,"CLI : Job pending TCP : Operation now in progress"
3155765,"CLI : Job pending TCP : Operation already in progress"
3155766,"CLI : Job pending TCP : Socket operation on non socket"
3155767,"CLI : Job pending TCP : Destination address required"
3155768,"CLI : Job pending TCP : Message too long"
3155769,"CLI : Job pending TCP : Protocol wrong type for Socket"
3155770,"CLI : Job pending TCP : Protocol not available"
3155771,"CLI : Job pending TCP : Protocol not supported"
3155772,"CLI : Job pending TCP : Socket not supported"
3155773,"CLI : Job pending TCP : Operation not supported on Socket"
3155774,"CLI : Job pending TCP : Protocol family not supported"
3155775,"CLI : Job pending TCP : Address family not supported"
3155776,"CLI : Job pending TCP : Address already in use"
3155777,"CLI : Job pending TCP : Can't assign requested address"
3155778,"CLI : Job pending TCP : Network is down"
3155779,"CLI : Job pending TCP : Network is unreachable"
3155780,"CLI : Job pending TCP : Network dropped connection on reset"
3155781,"CLI : Job pending TCP : Software caused connection abort"
3155782,"CLI : Job pending TCP : Connection reset by peer"
3155783,"CLI : Job pending TCP : No Buffer space available"
3155784,"CLI : Job pending TCP : Socket is already connected"
3155785,"CLI : Job pending TCP : Socket is not connected"
3155786,"CLI : Job pending TCP : Can't send after Socket shutdown"
3155787,"CLI : Job pending TCP : Too many references:can't splice"
3155788,"CLI : Job pending TCP : Connection timed out"
3155789,"CLI : Job pending TCP : Connection refused"
3155790,"CLI : Job pending TCP : Too many levels of symbolic links"
3155791,"CLI : Job pending TCP : File name is too long"
3155792,"CLI : Job pending TCP : Host is down"
3155793,"CLI : Job pending TCP : Unreachable peer"
3155794,"CLI : Job pending TCP : Directory is not empty"
3155795,"CLI : Job pending TCP : Too many processes"
3155796,"CLI : Job pending TCP : Too many users"
3155797,"CLI : Job pending TCP : Disk quota exceeded"
3155798,"CLI : Job pending TCP : Stale NFS file handle"
3155799,"CLI : Job pending TCP : Too many levels of remote in path"
3155819,"CLI : Job pending TCP : Network subsystem is unusable"
3155820,"CLI : Job pending TCP : Winsock DLL cannot support this application"
3155821,"CLI : Job pending TCP : Winsock not initialized"
3155829,"CLI : Job pending TCP : Disconnect"
3156729,"CLI : Job pending TCP : Host not found"
3156730,"CLI : Job pending TCP : Non authoritative - host not found"
3156731,"CLI : Job pending TCP : Non recoverable error"
3156732,"CLI : Job pending TCP : Valid name, no data record of requested type"
3157729,"CLI : Job pending TCP : Invalid address"
3211264,"CLI : Job pending ISO : Connection error"
3221268,"CLI : Job pending ISO : Connection error TCP : Interrupted system call"
3221273,"CLI : Job pending ISO : Connection error TCP : Bad file number"
3221277,"CLI : Job pending ISO : Connection error TCP : Permission denied"
3221278,"CLI : Job pending ISO : Connection error TCP : Bad address"
3221286,"CLI : Job pending ISO : Connection error TCP : Invalid argument"
3221288,"CLI : Job pending ISO : Connection error TCP : Too many open files"
3221299,"CLI : Job pending ISO : Connection error TCP : Operation would block"
3221300,"CLI : Job pending ISO : Connection error TCP : Operation now in progress"
3221301,"CLI : Job pending ISO : Connection error TCP : Operation already in progress"
3221302,"CLI : Job pending ISO : Connection error TCP : Socket operation on non socket"
3221303,"CLI : Job pending ISO : Connection error TCP : Destination address required"
3221304,"CLI : Job pending ISO : Connection error TCP : Message too long"
3221305,"CLI : Job pending ISO : Connection error TCP : Protocol wrong type for Socket"
3221306,"CLI : Job pending ISO : Connection error TCP : Protocol not available"
3221307,"CLI : Job pending ISO : Connection error TCP : Protocol not supported"
3221308,"CLI : Job pending ISO : Connection error TCP : Socket not supported"
3221309,"CLI : Job pending ISO : Connection error TCP : Operation not supported on Socket"
3221310,"CLI : Job pending ISO : Connection error TCP : Protocol family not supported"
3221311,"CLI : Job pending ISO : Connection error TCP : Address family not supported"
3221312,"CLI : Job pending ISO : Connection error TCP : Address already in use"
3221313,"CLI : Job pending ISO : Connection error TCP : Can't assign requested address"
3221314,"CLI : Job pending ISO : Connection error TCP : Network is down"
3221315,"CLI : Job pending ISO : Connection error TCP : Network is unreachable"
3221316,"CLI : Job pending ISO : Connection error TCP : Network dropped connection on reset"
3221317,"CLI : Job pending ISO : Connection error TCP : Software caused connection abort"
3221318,"CLI : Job pending ISO : Connection error TCP : Connection reset by peer"
3221319,"CLI : Job pending ISO : Connection error TCP : No Buffer space available"
3221320,"CLI : Job pending ISO : Connection error TCP : Socket is already connected"
3221321,"CLI : Job pending ISO : Connection error TCP : Socket is not connected"
3221322,"CLI : Job pending ISO : Connection error TCP : Can't send after Socket shutdown"
3221323,"CLI : Job pending ISO : Connection error TCP : Too many references:can't splice"
3221324,"CLI : Job pending ISO : Connection error TCP : Connection timed out"
3221325,"CLI : Job pending ISO : Connection error TCP : Connection refused"
3221326,"CLI : Job pending ISO : Connection error TCP : Too many levels of symbolic links"
3221327,"CLI : Job pending ISO : Connection error TCP : File name is too long"
3221328,"CLI : Job pending ISO : Connection error TCP : Host is down"
3221329,"CLI : Job pending ISO : Connection error TCP : Unreachable peer"
3221330,"CLI : Job pending ISO : Connection error TCP : Directory is not empty"
3221331,"CLI : Job pending ISO : Connection error TCP : Too many processes"
3221332,"CLI : Job pending ISO : Connection error TCP : Too many users"
3221333,"CLI : Job pending ISO : Connection error TCP : Disk quota exceeded"
3221334,"CLI : Job pending ISO : Connection error TCP : Stale NFS file handle"
3221335,"CLI : Job pending ISO : Connection error TCP : Too many levels of remote in path"
3221355,"CLI : Job pending ISO : Connection error TCP : Network subsystem is unusable"
3221356,"CLI : Job pending ISO : Connection error TCP : Winsock DLL cannot support this application"
3221357,"CLI : Job pending ISO : Connection error TCP : Winsock not initialized"
3221365,"CLI : Job pending ISO : Connection error TCP : Disconnect"
3222265,"CLI : Job pending ISO : Connection error TCP : Host not found"
3222266,"CLI : Job pending ISO : Connection error TCP : Non authoritative - host not found"
3222267,"CLI : Job pending ISO : Connection error TCP : Non recoverable error"
3222268,"CLI : Job pending ISO : Connection error TCP : Valid name, no data record of requested type"
3223265,"CLI : Job pending ISO : Connection error TCP : Invalid address"
3276800,"CLI : Job pending ISO : Disconnect error"
3286804,"CLI : Job pending ISO : Disconnect error TCP : Interrupted system call"
3286809,"CLI : Job pending ISO : Disconnect error TCP : Bad file number"
3286813,"CLI : Job pending ISO : Disconnect error TCP : Permission denied"
3286814,"CLI : Job pending ISO : Disconnect error TCP : Bad address"
3286822,"CLI : Job pending ISO : Disconnect error TCP : Invalid argument"
3286824,"CLI : Job pending ISO : Disconnect error TCP : Too many open files"
3286835,"CLI : Job pending ISO : Disconnect error TCP : Operation would block"
3286836,"CLI : Job pending ISO : Disconnect error TCP : Operation now in progress"
3286837,"CLI : Job pending ISO : Disconnect error TCP : Operation already in progress"
3286838,"CLI : Job pending ISO : Disconnect error TCP : Socket operation on non socket"
3286839,"CLI : Job pending ISO : Disconnect error TCP : Destination address required"
3286840,"CLI : Job pending ISO : Disconnect error TCP : Message too long"
3286841,"CLI : Job pending ISO : Disconnect error TCP : Protocol wrong type for Socket"
3286842,"CLI : Job pending ISO : Disconnect error TCP : Protocol not available"
3286843,"CLI : Job pending ISO : Disconnect error TCP : Protocol not supported"
3286844,"CLI : Job pending ISO : Disconnect error TCP : Socket not supported"
3286845,"CLI : Job pending ISO : Disconnect error TCP : Operation not supported on Socket"
3286846,"CLI : Job pending ISO : Disconnect error TCP : Protocol family not supported"
3286847,"CLI : Job pending ISO : Disconnect error TCP : Address family not supported"
3286848,"CLI : Job pending ISO : Disconnect error TCP : Address already in use"
3286849,"CLI : Job pending ISO : Disconnect error TCP : Can't assign requested address"
3286850,"CLI : Job pending ISO : Disconnect error TCP : Network is down"
3286851,"CLI : Job pending ISO : Disconnect error TCP : Network is unreachable"
3286852,"CLI : Job pending ISO : Disconnect error TCP : Network dropped connection on reset"
3286853,"CLI : Job pending ISO : Disconnect error TCP : Software caused connection abort"
3286854,"CLI : Job pending ISO : Disconnect error TCP : Connection reset by peer"
3286855,"CLI : Job pending ISO : Disconnect error TCP : No Buffer space available"
3286856,"CLI : Job pending ISO : Disconnect error TCP : Socket is already connected"
3286857,"CLI : Job pending ISO : Disconnect error TCP : Socket is not connected"
3286858,"CLI : Job pending ISO : Disconnect error TCP : Can't send after Socket shutdown"
3286859,"CLI : Job pending ISO : Disconnect error TCP : Too many references:can't splice"
3286860,"CLI : Job pending ISO : Disconnect error TCP : Connection timed out"
3286861,"CLI : Job pending ISO : Disconnect error TCP : Connection refused"
3286862,"CLI : Job pending ISO : Disconnect error TCP : Too many levels of symbolic links"
3286863,"CLI : Job pending ISO : Disconnect error TCP : File name is too long"
3286864,"CLI : Job pending ISO : Disconnect error TCP : Host is down"
3286865,"CLI : Job pending ISO : Disconnect error TCP : Unreachable peer"
3286866,"CLI : Job pending ISO : Disconnect error TCP : Directory is not empty"
3286867,"CLI : Job pending ISO : Disconnect error TCP : Too many processes"
3286868,"CLI : Job pending ISO : Disconnect error TCP : Too many users"
3286869,"CLI : Job pending ISO : Disconnect error TCP : Disk quota exceeded"
3286870,"CLI : Job pending ISO : Disconnect error TCP : Stale NFS file handle"
3286871,"CLI : Job pending ISO : Disconnect error TCP : Too many levels of remote in path"
3286891,"CLI : Job pending ISO : Disconnect error TCP : Network subsystem is unusable"
3286892,"CLI : Job pending ISO : Disconnect error TCP : Winsock DLL cannot support this application"
3286893,"CLI : Job pending ISO : Disconnect error TCP : Winsock not initialized"
3286901,"CLI : Job pending ISO : Disconnect error TCP : Disconnect"
3287801,"CLI : Job pending ISO : Disconnect error TCP : Host not found"
3287802,"CLI : Job pending ISO : Disconnect error TCP : Non authoritative - host not found"
3287803,"CLI : Job pending ISO : Disconnect error TCP : Non recoverable error"
3287804,"CLI : Job pending ISO : Disconnect error TCP : Valid name, no data record of requested type"
3288801,"CLI : Job pending ISO : Disconnect error TCP : Invalid address"
3342336,"CLI : Job pending ISO : Bad PDU format"
3352340,"CLI : Job pending ISO : Bad PDU format TCP : Interrupted system call"
3352345,"CLI : Job pending ISO : Bad PDU format TCP : Bad file number"
3352349,"CLI : Job pending ISO : Bad PDU format TCP : Permission denied"
3352350,"CLI : Job pending ISO : Bad PDU format TCP : Bad address"
3352358,"CLI : Job pending ISO : Bad PDU format TCP : Invalid argument"
3352360,"CLI : Job pending ISO : Bad PDU format TCP : Too many open files"
3352371,"CLI : Job pending ISO : Bad PDU format TCP : Operation would block"
3352372,"CLI : Job pending ISO : Bad PDU format TCP : Operation now in progress"
3352373,"CLI : Job pending ISO : Bad PDU format TCP : Operation already in progress"
3352374,"CLI : Job pending ISO : Bad PDU format TCP : Socket operation on non socket"
3352375,"CLI : Job pending ISO : Bad PDU format TCP : Destination address required"
3352376,"CLI : Job pending ISO : Bad PDU format TCP : Message too long"
3352377,"CLI : Job pending ISO : Bad PDU format TCP : Protocol wrong type for Socket"
3352378,"CLI : Job pending ISO : Bad PDU format TCP : Protocol not available"
3352379,"CLI : Job pending ISO : Bad PDU format TCP : Protocol not supported"
3352380,"CLI : Job pending ISO : Bad PDU format TCP : Socket not supported"
3352381,"CLI : Job pending ISO : Bad PDU format TCP : Operation not supported on Socket"
3352382,"CLI : Job pending ISO : Bad PDU format TCP : Protocol family not supported"
3352383,"CLI : Job pending ISO : Bad PDU format TCP : Address family not supported"
3352384,"CLI : Job pending ISO : Bad PDU format TCP : Address already in use"
3352385,"CLI : Job pending ISO : Bad PDU format TCP : Can't assign requested address"
3352386,"CLI : Job pending ISO : Bad PDU format TCP : Network is down"
3352387,"CLI : Job pending ISO : Bad PDU format TCP : Network is unreachable"
3352388,"CLI : Job pending ISO : Bad PDU format TCP : Network dropped connection on reset"
3352389,"CLI : Job pending ISO : Bad PDU format TCP : Software caused connection abort"
3352390,"CLI : Job pending ISO : Bad PDU format TCP : Connection reset by peer"
3352391,"CLI : Job pending ISO : Bad PDU format TCP : No Buffer space available"
3352392,"CLI : Job pending ISO : Bad PDU format TCP : Socket is already connected"
3352393,"CLI : Job pending ISO : Bad PDU format TCP : Socket is not connected"
3352394,"CLI : Job pending ISO : Bad PDU format TCP : Can't send after Socket shutdown"
3352395,"CLI : Job pending ISO : Bad PDU format TCP : Too many references:can't splice"
3352396,"CLI : Job pending ISO : Bad PDU format TCP : Connection timed out"
3352397,"CLI : Job pending ISO : Bad PDU format TCP : Connection refused"
3352398,"CLI : Job pending ISO : Bad PDU format TCP : Too many levels of symbolic links"
3352399,"CLI : Job pending ISO : Bad PDU format TCP : File name is too long"
3352400,"CLI : Job pending ISO : Bad PDU format TCP : Host is down"
3352401,"CLI : Job pending ISO : Bad PDU format TCP : Unreachable peer"
3352402,"CLI : Job pending ISO : Bad PDU format TCP : Directory is not empty"
3352403,"CLI : Job pending ISO : Bad PDU format TCP : Too many processes"
3352404,"CLI : Job pending ISO : Bad PDU format TCP : Too many users"
3352405,"CLI : Job pending ISO : Bad PDU format TCP : Disk quota exceeded"
3352406,"CLI : Job pending ISO : Bad PDU format TCP : Stale NFS file handle"
3352407,"CLI : Job pending ISO : Bad PDU format TCP : Too many levels of remote in path"
3352427,"CLI : Job pending ISO : Bad PDU format TCP : Network subsystem is unusable"
3352428,"CLI : Job pending ISO : Bad PDU format TCP : Winsock DLL cannot support this application"
3352429,"CLI : Job pending ISO : Bad PDU format TCP : Winsock not initialized"
3352437,"CLI : Job pending ISO : Bad PDU format TCP : Disconnect"
3353337,"CLI : Job pending ISO : Bad PDU format TCP : Host not found"
3353338,"CLI : Job pending ISO : Bad PDU format TCP : Non authoritative - host not found"
3353339,"CLI : Job pending ISO : Bad PDU format TCP : Non recoverable error"
3353340,"CLI : Job pending ISO : Bad PDU format TCP : Valid name, no data record of requested type"
3354337,"CLI : Job pending ISO : Bad PDU format TCP : Invalid address"
3407872,"CLI : Job pending ISO : Datasize passed to send/recv buffer is invalid"
3417876,"CLI : Job pending ISO : Datasize passed to send/recv buffer is invalid TCP : Interrupted system call"
3417881,"CLI : Job pending ISO : Datasize passed to send/recv buffer is invalid TCP : Bad file number"
3417885,"CLI : Job pending ISO : Datasize passed to send/recv buffer is invalid TCP : Permission denied"
3417886,"CLI : Job pending ISO : Datasize passed to send/recv buffer is invalid TCP : Bad address"
3417894,"CLI : Job pending ISO : Datasize passed to send/recv buffer is invalid TCP : Invalid argument"
3417896,"CLI : Job pending ISO : Datasize passed to send/recv buffer is invalid TCP : Too many open files"
3417907,"CLI : Job pending ISO : Datasize passed to send/recv buffer is invalid TCP : Operation would block"
3417908,"CLI : Job pending ISO : Datasize passed to send/recv buffer is invalid TCP : Operation now in progress"
3417909,"CLI : Job pending ISO : Datasize passed to send/recv buffer is invalid TCP : Operation already in progress"
3417910,"CLI : Job pending ISO : Datasize passed to send/recv buffer is invalid TCP : Socket operation on non socket"
3417911,"CLI : Job pending ISO : Datasize passed to send/recv buffer is invalid TCP : Destination address required"
3417912,"CLI : Job pending ISO : Datasize passed to send/recv buffer is invalid TCP : Message too long"
3417913,"CLI : Job pending ISO : Datasize passed to send/recv buffer is invalid TCP : Protocol wrong type for Socket"
3417914,"CLI : Job pending ISO : Datasize passed to send/recv buffer is invalid TCP : Protocol not available"
3417915,"CLI : Job pending ISO : Datasize passed to send/recv buffer is invalid TCP : Protocol not supported"
3417916,"CLI : Job pending ISO : Datasize passed to send/recv buffer is invalid TCP : Socket not supported"
3417917,"CLI : Job pending ISO : Datasize passed to send/recv buffer is invalid TCP : Operation not supported on Socket"
3417918,"CLI : Job pending ISO : Datasize passed to send/recv buffer is invalid TCP : Protocol family not supported"
3417919,"CLI : Job pending ISO : Datasize passed to send/recv buffer is invalid TCP : Address family not supported"
3417920,"CLI : Job pending ISO : Datasize passed to send/recv buffer is invalid TCP : Address already in use"
3417921,"CLI : Job pending ISO : Datasize passed to send/recv buffer is invalid TCP : Can't assign requested address"
3417922,"CLI : Job pending ISO : Datasize passed to send/recv buffer is invalid TCP : Network is down"
3417923,"CLI : Job pending ISO : Datasize passed to send/recv buffer is invalid TCP : Network is unreachable"
3417924,"CLI : Job pending ISO : Datasize passed to send/recv buffer is invalid TCP : Network dropped connection on reset"
3417925,"CLI : Job pending ISO : Datasize passed to send/recv buffer is invalid TCP : Software caused connection abort"
3417926,"CLI : Job pending ISO : Datasize passed to send/recv buffer is invalid TCP : Connection reset by peer"
3417927,"CLI : Job pending ISO : Datasize passed to send/recv buffer is invalid TCP : No Buffer space available"
3417928,"CLI : Job pending ISO : Datasize passed to send/recv buffer is invalid TCP : Socket is already connected"
3417929,"CLI : Job pending ISO : Datasize passed to send/recv buffer is invalid TCP : Socket is not connected"
3417930,"CLI : Job pending ISO : Datasize passed to send/recv buffer is invalid TCP : Can't send after Socket shutdown"
3417931,"CLI : Job pending ISO : Datasize passed to send/recv buffer is invalid TCP : Too many references:can't splice"
3417932,"CLI : Job pending ISO : Datasize passed to send/recv buffer is invalid TCP : Connection timed out"
3417933,"CLI : Job pending ISO : Datasize passed to send/recv buffer is invalid TCP : Connection refused"
3417934,"CLI : Job pending ISO : Datasize passed to send/recv buffer is invalid TCP : Too many levels of symbolic links"
3417935,"CLI : Job pending ISO : Datasize passed to send/recv buffer is invalid TCP : File name is too long"
3417936,"CLI : Job pending ISO : Datasize passed to send/recv buffer is invalid TCP : Host is down"
3417937,"CLI : Job pending ISO : Datasize passed to send/recv buffer is invalid TCP : Unreachable peer"
3417938,"CLI : Job pending ISO : Datasize passed to send/recv buffer is invalid TCP : Directory is not empty"
3417939,"CLI : Job pending ISO : Datasize passed to send/recv buffer is invalid TCP : Too many processes"
3417940,"CLI : Job pending ISO : Datasize passed to send/recv buffer is invalid TCP : Too many users"
3417941,"CLI : Job pending ISO : Datasize passed to send/recv buffer is invalid TCP : Disk quota exceeded"
3417942,"CLI : Job pending ISO : Datasize passed to send/recv buffer is invalid TCP : Stale NFS file handle"
3417943,"CLI : Job pending ISO : Datasize passed to send/recv buffer is invalid TCP : Too many levels of remote in path"
3417963,"CLI : Job pending ISO : Datasize passed to send/recv buffer is invalid TCP : Network subsystem is unusable"
3417964,"CLI : Job pending ISO : Datasize passed to send/recv buffer is invalid TCP : Winsock DLL cannot support this application"
3417965,"CLI : Job pending ISO : Datasize passed to send/recv buffer is invalid TCP : Winsock not initialized"
3417973,"CLI : Job pending ISO : Datasize passed to send/recv buffer is invalid TCP : Disconnect"
3418873,"CLI : Job pending ISO : Datasize passed to send/recv buffer is invalid TCP : Host not found"
3418874,"CLI : Job pending ISO : Datasize passed to send/recv buffer is invalid TCP : Non authoritative - host not found"
3418875,"CLI : Job pending ISO : Datasize passed to send/recv buffer is invalid TCP : Non recoverable error"
3418876,"CLI : Job pending ISO : Datasize passed to send/recv buffer is invalid TCP : Valid name, no data record of requested type"
3419873,"CLI : Job pending ISO : Datasize passed to send/recv buffer is invalid TCP : Invalid address"
3473408,"CLI : Job pending ISO : Null passed as pointer"
3483412,"CLI : Job pending ISO : Null passed as pointer TCP : Interrupted system call"
3483417,"CLI : Job pending ISO : Null passed as pointer TCP : Bad file number"
3483421,"CLI : Job pending ISO : Null passed as pointer TCP : Permission denied"
3483422,"CLI : Job pending ISO : Null passed as pointer TCP : Bad address"
3483430,"CLI : Job pending ISO : Null passed as pointer TCP : Invalid argument"
3483432,"CLI : Job pending ISO : Null passed as pointer TCP : Too many open files"
3483443,"CLI : Job pending ISO : Null passed as pointer TCP : Operation would block"
3483444,"CLI : Job pending ISO : Null passed as pointer TCP : Operation now in progress"
3483445,"CLI : Job pending ISO : Null passed as pointer TCP : Operation already in progress"
3483446,"CLI : Job pending ISO : Null passed as pointer TCP : Socket operation on non socket"
3483447,"CLI : Job pending ISO : Null passed as pointer TCP : Destination address required"
3483448,"CLI : Job pending ISO : Null passed as pointer TCP : Message too long"
3483449,"CLI : Job pending ISO : Null passed as pointer TCP : Protocol wrong type for Socket"
3483450,"CLI : Job pending ISO : Null passed as pointer TCP : Protocol not available"
3483451,"CLI : Job pending ISO : Null passed as pointer TCP : Protocol not supported"
3483452,"CLI : Job pending ISO : Null passed as pointer TCP : Socket not supported"
3483453,"CLI : Job pending ISO : Null passed as pointer TCP : Operation not supported on Socket"
3483454,"CLI : Job pending ISO : Null passed as pointer TCP : Protocol family not supported"
3483455,"CLI : Job pending ISO : Null passed as pointer TCP : Address family not supported"
3483456,"CLI : Job pending ISO : Null passed as pointer TCP : Address already in use"
3483457,"CLI : Job pending ISO : Null passed as pointer TCP : Can't assign requested address"
3483458,"CLI : Job pending ISO : Null passed as pointer TCP : Network is down"
3483459,"CLI : Job pending ISO : Null passed as pointer TCP : Network is unreachable"
3483460,"CLI : Job pending ISO : Null passed as pointer TCP : Network dropped connection on reset"
3483461,"CLI : Job pending ISO : Null passed as pointer TCP : Software caused connection abort"
3483462,"CLI : Job pending ISO : Null passed as pointer TCP : Connection reset by peer"
3483463,"CLI : Job pending ISO : Null passed as pointer TCP : No Buffer space available"
3483464,"CLI : Job pending ISO : Null passed as pointer TCP : Socket is already connected"
3483465,"CLI : Job pending ISO : Null passed as pointer TCP : Socket is not connected"
3483466,"CLI : Job pending ISO : Null passed as pointer TCP : Can't send after Socket shutdown"
3483467,"CLI : Job pending ISO : Null passed as pointer TCP : Too many references:can't splice"
3483468,"CLI : Job pending ISO : Null passed as pointer TCP : Connection timed out"
3483469,"CLI : Job pending ISO : Null passed as pointer TCP : Connection refused"
3483470,"CLI : Job pending ISO : Null passed as pointer TCP : Too many levels of symbolic links"
3483471,"CLI : Job pending ISO : Null passed as pointer TCP : File name is too long"
3483472,"CLI : Job pending ISO : Null passed as pointer TCP : Host is down"
3483473,"CLI : Job pending ISO : Null passed as pointer TCP : Unreachable peer"
3483474,"CLI : Job pending ISO : Null passed as pointer TCP : Directory is not empty"
3483475,"CLI : Job pending ISO : Null passed as pointer TCP : Too many processes"
3483476,"CLI : Job pending ISO : Null passed as pointer TCP : Too many users"
3483477,"CLI : Job pending ISO : Null passed as pointer TCP : Disk quota exceeded"
3483478,"CLI : Job pending ISO : Null passed as pointer TCP : Stale NFS file handle"
3483479,"CLI : Job pending ISO : Null passed as pointer TCP : Too many levels of remote in path"
3483499,"CLI : Job pending ISO : Null passed as pointer TCP : Network subsystem is unusable"
3483500,"CLI : Job pending ISO : Null passed as pointer TCP : Winsock DLL cannot support this application"
3483501,"CLI : Job pending ISO : Null passed as pointer TCP : Winsock not initialized"
3483509,"CLI : Job pending ISO : Null passed as pointer TCP : Disconnect"
3484409,"CLI : Job pending ISO : Null passed as pointer TCP : Host not found"
3484410,"CLI : Job pending ISO : Null passed as pointer TCP : Non authoritative - host not found"
3484411,"CLI : Job pending ISO : Null passed as pointer TCP : Non recoverable error"
3484412,"CLI : Job pending ISO : Null passed as pointer TCP : Valid name, no data record of requested type"
3485409,"CLI : Job pending ISO : Null passed as pointer TCP : Invalid address"
3538944,"CLI : Job pending ISO : A short packet received"
3548948,"CLI : Job pending ISO : A short packet received TCP : Interrupted system call"
3548953,"CLI : Job pending ISO : A short packet received TCP : Bad file number"
3548957,"CLI : Job pending ISO : A short packet received TCP : Permission denied"
3548958,"CLI : Job pending ISO : A short packet received TCP : Bad address"
3548966,"CLI : Job pending ISO : A short packet received TCP : Invalid argument"
3548968,"CLI : Job pending ISO : A short packet received TCP : Too many open files"
3548979,"CLI : Job pending ISO : A short packet received TCP : Operation would block"
3548980,"CLI : Job pending ISO : A short packet received TCP : Operation now in progress"
3548981,"CLI : Job pending ISO : A short packet received TCP : Operation already in progress"
3548982,"CLI : Job pending ISO : A short packet received TCP : Socket operation on non socket"
3548983,"CLI : Job pending ISO : A short packet received TCP : Destination address required"
3548984,"CLI : Job pending ISO : A short packet received TCP : Message too long"
3548985,"CLI : Job pending ISO : A short packet received TCP : Protocol wrong type for Socket"
3548986,"CLI : Job pending ISO : A short packet received TCP : Protocol not available"
3548987,"CLI : Job pending ISO : A short packet received TCP : Protocol not supported"
3548988,"CLI : Job pending ISO : A short packet received TCP : Socket not supported"
3548989,"CLI : Job pending ISO : A short packet received TCP : Operation not supported on Socket"
3548990,"CLI : Job pending ISO : A short packet received TCP : Protocol family not supported"
3548991,"CLI : Job pending ISO : A short packet received TCP : Address family not supported"
3548992,"CLI : Job pending ISO : A short packet received TCP : Address already in use"
3548993,"CLI : Job pending ISO : A short packet received TCP : Can't assign requested address"
3548994,"CLI : Job pending ISO : A short packet received TCP : Network is down"
3548995,"CLI : Job pending ISO : A short packet received TCP : Network is unreachable"
3548996,"CLI : Job pending ISO : A short packet received TCP : Network dropped connection on reset"
3548997,"CLI : Job pending ISO : A short packet received TCP : Software caused connection abort"
3548998,"CLI : Job pending ISO : A short packet received TCP : Connection reset by peer"
3548999,"CLI : Job pending ISO : A short packet received TCP : No Buffer space available"
3549000,"CLI : Job pending ISO : A short packet received TCP : Socket is already connected"
3549001,"CLI : Job pending ISO : A short packet received TCP : Socket is not connected"
3549002,"CLI : Job pending ISO : A short packet received TCP : Can't send after Socket shutdown"
3549003,"CLI : Job pending ISO : A short packet received TCP : Too many references:can't splice"
3549004,"CLI : Job pending ISO : A short packet received TCP : Connection timed out"
3549005,"CLI : Job pending ISO : A short packet received TCP : Connection refused"
3549006,"CLI : Job pending ISO : A short packet received TCP : Too many levels of symbolic links"
3549007,"CLI : Job pending ISO : A short packet received TCP : File name is too long"
3549008,"CLI : Job pending ISO : A short packet received TCP : Host is down"
3549009,"CLI : Job pending ISO : A short packet received TCP : Unreachable peer"
3549010,"CLI : Job pending ISO : A short packet received TCP : Directory is not empty"
3549011,"CLI : Job pending ISO : A short packet received TCP : Too many processes"
3549012,"CLI : Job pending ISO : A short packet received TCP : Too many users"
3549013,"CLI : Job pending ISO : A short packet received TCP : Disk quota exceeded"
3549014,"CLI : Job pending ISO : A short packet received TCP : Stale NFS file handle"
3549015,"CLI : Job pending ISO : A short packet received TCP : Too many levels of remote in path"
3549035,"CLI : Job pending ISO : A short packet received TCP : Network subsystem is unusable"
3549036,"CLI : Job pending ISO : A short packet received TCP : Winsock DLL cannot support this application"
3549037,"CLI : Job pending ISO : A short packet received TCP : Winsock not initialized"
3549045,"CLI : Job pending ISO : A short packet received TCP : Disconnect"
3549945,"CLI : Job pending ISO : A short packet received TCP : Host not found"
3549946,"CLI : Job pending ISO : A short packet received TCP : Non authoritative - host not found"
3549947,"CLI : Job pending ISO : A short packet received TCP : Non recoverable error"
3549948,"CLI : Job pending ISO : A short packet received TCP : Valid name, no data record of requested type"
3550945,"CLI : Job pending ISO : A short packet received TCP : Invalid address"
3604480,"CLI : Job pending ISO : Too many packets without EoT flag"
3614484,"CLI : Job pending ISO : Too many packets without EoT flag TCP : Interrupted system call"
3614489,"CLI : Job pending ISO : Too many packets without EoT flag TCP : Bad file number"
3614493,"CLI : Job pending ISO : Too many packets without EoT flag TCP : Permission denied"
3614494,"CLI : Job pending ISO : Too many packets without EoT flag TCP : Bad address"
3614502,"CLI : Job pending ISO : Too many packets without EoT flag TCP : Invalid argument"
3614504,"CLI : Job pending ISO : Too many packets without EoT flag TCP : Too many open files"
3614515,"CLI : Job pending ISO : Too many packets without EoT flag TCP : Operation would block"
3614516,"CLI : Job pending ISO : Too many packets without EoT flag TCP : Operation now in progress"
3614517,"CLI : Job pending ISO : Too many packets without EoT flag TCP : Operation already in progress"
3614518,"CLI : Job pending ISO : Too many packets without EoT flag TCP : Socket operation on non socket"
3614519,"CLI : Job pending ISO : Too many packets without EoT flag TCP : Destination address required"
3614520,"CLI : Job pending ISO : Too many packets without EoT flag TCP : Message too long"
3614521,"CLI : Job pending ISO : Too many packets without EoT flag TCP : Protocol wrong type for Socket"
3614522,"CLI : Job pending ISO : Too many packets without EoT flag TCP : Protocol not available"
3614523,"CLI : Job pending ISO : Too many packets without EoT flag TCP : Protocol not supported"
3614524,"CLI : Job pending ISO : Too many packets without EoT flag TCP : Socket not supported"
3614525,"CLI : Job pending ISO : Too many packets without EoT flag TCP : Operation not supported on Socket"
3614526,"CLI : Job pending ISO : Too many packets without EoT flag TCP : Protocol family not supported"
3614527,"CLI : Job pending ISO : Too many packets without EoT flag TCP : Address family not supported"
3614528,"CLI : Job pending ISO : Too many packets without EoT flag TCP : Address already in use"
3614529,"CLI : Job pending ISO : Too many packets without EoT flag TCP : Can't assign requested address"
3614530,"CLI : Job pending ISO : Too many packets without EoT flag TCP : Network is down"
3614531,"CLI : Job pending ISO : Too many packets without EoT flag TCP : Network is unreachable"
3614532,"CLI : Job pending ISO : Too many packets without EoT flag TCP : Network dropped connection on reset"
3614533,"CLI : Job pending ISO : Too many packets without EoT flag TCP : Software caused connection abort"
3614534,"CLI : Job pending ISO : Too many packets without EoT flag TCP : Connection reset by peer"
3614535,"CLI : Job pending ISO : Too many packets without EoT flag TCP : No Buffer space available"
3614536,"CLI : Job pending ISO : Too many packets without EoT flag TCP : Socket is already connected"
3614537,"CLI : Job pending ISO : Too many packets without EoT flag TCP : Socket is not connected"
3614538,"CLI : Job pending ISO : Too many packets without EoT flag TCP : Can't send after Socket shutdown"
3614539,"CLI : Job pending ISO : Too many packets without EoT flag TCP : Too many references:can't splice"
3614540,"CLI : Job pending ISO : Too many packets without EoT flag TCP : Connection timed out"
3614541,"CLI : Job pending ISO : Too many packets without EoT flag TCP : Connection refused"
3614542,"CLI : Job pending ISO : Too many packets without EoT flag TCP : Too many levels of symbolic links"
3614543,"CLI : Job pending ISO : Too many packets without EoT flag TCP : File name is too long"
3614544,"CLI : Job pending ISO : Too many packets without EoT flag TCP : Host is down"
3614545,"CLI : Job pending ISO : Too many packets without EoT flag TCP : Unreachable peer"
3614546,"CLI : Job pending ISO : Too many packets without EoT flag TCP : Directory is not empty"
3614547,"CLI : Job pending ISO : Too many packets without EoT flag TCP : Too many processes"
3614548,"CLI : Job pending ISO : Too many packets without EoT flag TCP : Too many users"
3614549,"CLI : Job pending ISO : Too many packets without EoT flag TCP : Disk quota exceeded"
3614550,"CLI : Job pending ISO : Too many packets without EoT flag TCP : Stale NFS file handle"
3614551,"CLI : Job pending ISO : Too many packets without EoT flag TCP : Too many levels of remote in path"
3614571,"CLI : Job pending ISO : Too many packets without EoT flag TCP : Network subsystem is unusable"
3614572,"CLI : Job pending ISO : Too many packets without EoT flag TCP : Winsock DLL cannot support this application"
3614573,"CLI : Job pending ISO : Too many packets without EoT flag TCP : Winsock not initialized"
3614581,"CLI : Job pending ISO : Too many packets without EoT flag TCP : Disconnect"
3615481,"CLI : Job pending ISO : Too many packets without EoT flag TCP : Host not found"
3615482,"CLI : Job pending ISO : Too many packets without EoT flag TCP : Non authoritative - host not found"
3615483,"CLI : Job pending ISO : Too many packets without EoT flag TCP : Non recoverable error"
3615484,"CLI : Job pending ISO : Too many packets without EoT flag TCP : Valid name, no data record of requested type"
3616481,"CLI : Job pending ISO : Too many packets without EoT flag TCP : Invalid address"
3670016,"CLI : Job pending ISO : The sum of fragments data exceded maximum packet size"
3680020,"CLI : Job pending ISO : The sum of fragments data exceded maximum packet size TCP : Interrupted system call"
3680025,"CLI : Job pending ISO : The sum of fragments data exceded maximum packet size TCP : Bad file number"
3680029,"CLI : Job pending ISO : The sum of fragments data exceded maximum packet size TCP : Permission denied"
3680030,"CLI : Job pending ISO : The sum of fragments data exceded maximum packet size TCP : Bad address"
3680038,"CLI : Job pending ISO : The sum of fragments data exceded maximum packet size TCP : Invalid argument"
3680040,"CLI : Job pending ISO : The sum of fragments data exceded maximum packet size TCP : Too many open files"
3680051,"CLI : Job pending ISO : The sum of fragments data exceded maximum packet size TCP : Operation would block"
3680052,"CLI : Job pending ISO : The sum of fragments data exceded maximum packet size TCP : Operation now in progress"
3680053,"CLI : Job pending ISO : The sum of fragments data exceded maximum packet size TCP : Operation already in progress"
3680054,"CLI : Job pending ISO : The sum of fragments data exceded maximum packet size TCP : Socket operation on non socket"
3680055,"CLI : Job pending ISO : The sum of fragments data exceded maximum packet size TCP : Destination address required"
3680056,"CLI : Job pending ISO : The sum of fragments data exceded maximum packet size TCP : Message too long"
3680057,"CLI : Job pending ISO : The sum of fragments data exceded maximum packet size TCP : Protocol wrong type for Socket"
3680058,"CLI : Job pending ISO : The sum of fragments data exceded maximum packet size TCP : Protocol not available"
3680059,"CLI : Job pending ISO : The sum of fragments data exceded maximum packet size TCP : Protocol not supported"
3680060,"CLI : Job pending ISO : The sum of fragments data exceded maximum packet size TCP : Socket not supported"
3680061,"CLI : Job pending ISO : The sum of fragments data exceded maximum packet size TCP : Operation not supported on Socket"
3680062,"CLI : Job pending ISO : The sum of fragments data exceded maximum packet size TCP : Protocol family not supported"
3680063,"CLI : Job pending ISO : The sum of fragments data exceded maximum packet size TCP : Address family not supported"
3680064,"CLI : Job pending ISO : The sum of fragments data exceded maximum packet size TCP : Address already in use"
3680065,"CLI : Job pending ISO : The sum of fragments data exceded maximum packet size TCP : Can't assign requested address"
3680066,"CLI : Job pending ISO : The sum of fragments data exceded maximum packet size TCP : Network is down"
3680067,"CLI : Job pending ISO : The sum of fragments data exceded maximum packet size TCP : Network is unreachable"
3680068,"CLI : Job pending ISO : The sum of fragments data exceded maximum packet size TCP : Network dropped connection on reset"
3680069,"CLI : Job pending ISO : The sum of fragments data exceded maximum packet size TCP : Software caused connection abort"
3680070,"CLI : Job pending ISO : The sum of fragments data exceded maximum packet size TCP : Connection reset by peer"
3680071,"CLI : Job pending ISO : The sum of fragments data exceded maximum packet size TCP : No Buffer space available"
3680072,"CLI : Job pending ISO : The sum of fragments data exceded maximum packet size TCP : Socket is already connected"
3680073,"CLI : Job pending ISO : The sum of fragments data exceded maximum packet size TCP : Socket is not connected"
3680074,"CLI : Job pending ISO : The sum of fragments data exceded maximum packet size TCP : Can't send after Socket shutdown"
3680075,"CLI : Job pending ISO : The sum of fragments data exceded maximum packet size TCP : Too many references:can't splice"
3680076,"CLI : Job pending ISO : The sum of fragments data exceded maximum packet size TCP : Connection timed out"
3680077,"CLI : Job pending ISO : The sum of fragments data exceded maximum packet size TCP : Connection refused"
3680078,"CLI : Job pending ISO : The sum of fragments data exceded maximum packet size TCP : Too many levels of symbolic links"
3680079,"CLI : Job pending ISO : The sum of fragments data exceded maximum packet size TCP : File name is too long"
3680080,"CLI : Job pending ISO : The sum of fragments data exceded maximum packet size TCP : Host is down"
3680081,"CLI : Job pending ISO : The sum of fragments data exceded maximum packet size TCP : Unreachable peer"
3680082,"CLI : Job pending ISO : The sum of fragments data exceded maximum packet size TCP : Directory is not empty"
3680083,"CLI : Job pending ISO : The sum of fragments data exceded maximum packet size TCP : Too many processes"
3680084,"CLI : Job pending ISO : The sum of fragments data exceded maximum packet size TCP : Too many users"
3680085,"CLI : Job pending ISO : The sum of fragments data exceded maximum packet size TCP : Disk quota exceeded"
3680086,"CLI : Job pending ISO : The sum of fragments data exceded maximum packet size TCP : Stale NFS file handle"
3680087,"CLI : Job pending ISO : The sum of fragments data exceded maximum packet size TCP : Too many levels of remote in path"
3680107,"CLI : Job pending ISO : The sum of fragments data exceded maximum packet size TCP : Network subsystem is unusable"
3680108,"CLI : Job pending ISO : The sum of fragments data exceded maximum packet size TCP : Winsock DLL cannot support this application"
3680109,"CLI : Job pending ISO : The sum of fragments data exceded maximum packet size TCP : Winsock not initialized"
3680117,"CLI : Job pending ISO : The sum of fragments data exceded maximum packet size TCP : Disconnect"
3681017,"CLI : Job pending ISO : The sum of fragments data exceded maximum packet size TCP : Host not found"
3681018,"CLI : Job pending ISO : The sum of fragments data exceded maximum packet size TCP : Non authoritative - host not found"
3681019,"CLI : Job pending ISO : The sum of fragments data exceded maximum packet size TCP : Non recoverable error"
3681020,"CLI : Job pending ISO : The sum of fragments data exceded maximum packet size TCP : Valid name, no data record of requested type"
3682017,"CLI : Job pending ISO : The sum of fragments data exceded maximum packet size TCP : Invalid address"
3735552,"CLI : Job pending ISO : An error occurred during send"
3745556,"CLI : Job pending ISO : An error occurred during send TCP : Interrupted system call"
3745561,"CLI : Job pending ISO : An error occurred during send TCP : Bad file number"
3745565,"CLI : Job pending ISO : An error occurred during send TCP : Permission denied"
3745566,"CLI : Job pending ISO : An error occurred during send TCP : Bad address"
3745574,"CLI : Job pending ISO : An error occurred during send TCP : Invalid argument"
3745576,"CLI : Job pending ISO : An error occurred during send TCP : Too many open files"
3745587,"CLI : Job pending ISO : An error occurred during send TCP : Operation would block"
3745588,"CLI : Job pending ISO : An error occurred during send TCP : Operation now in progress"
3745589,"CLI : Job pending ISO : An error occurred during send TCP : Operation already in progress"
3745590,"CLI : Job pending ISO : An error occurred during send TCP : Socket operation on non socket"
3745591,"CLI : Job pending ISO : An error occurred during send TCP : Destination address required"
3745592,"CLI : Job pending ISO : An error occurred during send TCP : Message too long"
3745593,"CLI : Job pending ISO : An error occurred during send TCP : Protocol wrong type for Socket"
3745594,"CLI : Job pending ISO : An error occurred during send TCP : Protocol not available"
3745595,"CLI : Job pending ISO : An error occurred during send TCP : Protocol not supported"
3745596,"CLI : Job pending ISO : An error occurred during send TCP : Socket not supported"
3745597,"CLI : Job pending ISO : An error occurred during send TCP : Operation not supported on Socket"
3745598,"CLI : Job pending ISO : An error occurred during send TCP : Protocol family not supported"
3745599,"CLI : Job pending ISO : An error occurred during send TCP : Address family not supported"
3745600,"CLI : Job pending ISO : An error occurred during send TCP : Address already in use"
3745601,"CLI : Job pending ISO : An error occurred during send TCP : Can't assign requested address"
3745602,"CLI : Job pending ISO : An error occurred during send TCP : Network is down"
3745603,"CLI : Job pending ISO : An error occurred during send TCP : Network is unreachable"
3745604,"CLI : Job pending ISO : An error occurred during send TCP : Network dropped connection on reset"
3745605,"CLI : Job pending ISO : An error occurred during send TCP : Software caused connection abort"
3745606,"CLI : Job pending ISO : An error occurred during send TCP : Connection reset by peer"
3745607,"CLI : Job pending ISO : An error occurred during send TCP : No Buffer space available"
3745608,"CLI : Job pending ISO : An error occurred during send TCP : Socket is already connected"
3745609,"CLI : Job pending ISO : An error occurred during send TCP : Socket is not connected"
3745610,"CLI : Job pending ISO : An error occurred during send TCP : Can't send after Socket shutdown"
3745611,"CLI : Job pending ISO : An error occurred during send TCP : Too many references:can't splice"
3745612,"CLI : Job pending ISO : An error occurred during send TCP : Connection timed out"
3745613,"CLI : Job pending ISO : An error occurred during send TCP : Connection refused"
3745614,"CLI : Job pending ISO : An error occurred during send TCP : Too many levels of symbolic links"
3745615,"CLI : Job pending ISO : An error occurred during send TCP : File name is too long"
3745616,"CLI : Job pending ISO : An error occurred during send TCP : Host is down"
3745617,"CLI : Job pending ISO : An error occurred during send TCP : Unreachable peer"
3745618,"CLI : Job pending ISO : An error occurred during send TCP : Directory is not empty"
3745619,"CLI : Job pending ISO : An error occurred during send TCP : Too many processes"
3745620,"CLI : Job pending ISO : An error occurred during send TCP : Too many users"
3745621,"CLI : Job pending ISO : An error occurred during send TCP : Disk quota exceeded"
3745622,"CLI : Job pending ISO : An error occurred during send TCP : Stale NFS file handle"
3745623,"CLI : Job pending ISO : An error occurred during send TCP : Too many levels of remote in path"
3745643,"CLI : Job pending ISO : An error occurred during send TCP : Network subsystem is unusable"
3745644,"CLI : Job pending ISO : An error occurred during send TCP : Winsock DLL cannot support this application"
3745645,"CLI : Job pending ISO : An error occurred during send TCP : Winsock not initialized"
3745653,"CLI : Job pending ISO : An error occurred during send TCP : Disconnect"
3746553,"CLI : Job pending ISO : An error occurred during send TCP : Host not found"
3746554,"CLI : Job pending ISO : An error occurred during send TCP : Non authoritative - host not found"
3746555,"CLI : Job pending ISO : An error occurred during send TCP : Non recoverable error"
3746556,"CLI : Job pending ISO : An error occurred during send TCP : Valid name, no data record of requested type"
3747553,"CLI : Job pending ISO : An error occurred during send TCP : Invalid address"
3801088,"CLI : Job pending ISO : An error occurred during recv"
3811092,"CLI : Job pending ISO : An error occurred during recv TCP : Interrupted system call"
3811097,"CLI : Job pending ISO : An error occurred during recv TCP : Bad file number"
3811101,"CLI : Job pending ISO : An error occurred during recv TCP : Permission denied"
3811102,"CLI : Job pending ISO : An error occurred during recv TCP : Bad address"
3811110,"CLI : Job pending ISO : An error occurred during recv TCP : Invalid argument"
3811112,"CLI : Job pending ISO : An error occurred during recv TCP : Too many open files"
3811123,"CLI : Job pending ISO : An error occurred during recv TCP : Operation would block"
3811124,"CLI : Job pending ISO : An error occurred during recv TCP : Operation now in progress"
3811125,"CLI : Job pending ISO : An error occurred during recv TCP : Operation already in progress"
3811126,"CLI : Job pending ISO : An error occurred during recv TCP : Socket operation on non socket"
3811127,"CLI : Job pending ISO : An error occurred during recv TCP : Destination address required"
3811128,"CLI : Job pending ISO : An error occurred during recv TCP : Message too long"
3811129,"CLI : Job pending ISO : An error occurred during recv TCP : Protocol wrong type for Socket"
3811130,"CLI : Job pending ISO : An error occurred during recv TCP : Protocol not available"
3811131,"CLI : Job pending ISO : An error occurred during recv TCP : Protocol not supported"
3811132,"CLI : Job pending ISO : An error occurred during recv TCP : Socket not supported"
3811133,"CLI : Job pending ISO : An error occurred during recv TCP : Operation not supported on Socket"
3811134,"CLI : Job pending ISO : An error occurred during recv TCP : Protocol family not supported"
3811135,"CLI : Job pending ISO : An error occurred during recv TCP : Address family not supported"
3811136,"CLI : Job pending ISO : An error occurred during recv TCP : Address already in use"
3811137,"CLI : Job pending ISO : An error occurred during recv TCP : Can't assign requested address"
3811138,"CLI : Job pending ISO : An error occurred during recv TCP : Network is down"
3811139,"CLI : Job pending ISO : An error occurred during recv TCP : Network is unreachable"
3811140,"CLI : Job pending ISO : An error occurred during recv TCP : Network dropped connection on reset"
3811141,"CLI : Job pending ISO : An error occurred during recv TCP : Software caused connection abort"
3811142,"CLI : Job pending ISO : An error occurred during recv TCP : Connection reset by peer"
3811143,"CLI : Job pending ISO : An error occurred during recv TCP : No Buffer space available"
3811144,"CLI : Job pending ISO : An error occurred during recv TCP : Socket is already connected"
3811145,"CLI : Job pending ISO : An error occurred during recv TCP : Socket is not connected"
3811146,"CLI : Job pending ISO : An error occurred during recv TCP : Can't send after Socket shutdown"
3811147,"CLI : Job pending ISO : An error occurred during recv TCP : Too many references:can't splice"
3811148,"CLI : Job pending ISO : An error occurred during recv TCP : Connection timed out"
3811149,"CLI : Job pending ISO : An error occurred during recv TCP : Connection refused"
3811150,"CLI : Job pending ISO : An error occurred during recv TCP : Too many levels of symbolic links"
3811151,"CLI : Job pending ISO : An error occurred during recv TCP : File name is too long"
3811152,"CLI : Job pending ISO : An error occurred during recv TCP : Host is down"
3811153,"CLI : Job pending ISO : An error occurred during recv TCP : Unreachable peer"
3811154,"CLI : Job pending ISO : An error occurred during recv TCP : Directory is not empty"
3811155,"CLI : Job pending ISO : An error occurred during recv TCP : Too many processes"
3811156,"CLI : Job pending ISO : An error occurred during recv TCP : Too many users"
3811157,"CLI : Job pending ISO : An error occurred during recv TCP : Disk quota exceeded"
3811158,"CLI : Job pending ISO : An error occurred during recv TCP : Stale NFS file handle"
3811159,"CLI : Job pending ISO : An error occurred during recv TCP : Too many levels of remote in path"
3811179,"CLI : Job pending ISO : An error occurred during recv TCP : Network subsystem is unusable"
3811180,"CLI : Job pending ISO : An error occurred during recv TCP : Winsock DLL cannot support this application"
3811181,"CLI : Job pending ISO : An error occurred during recv TCP : Winsock not initialized"
3811189,"CLI : Job pending ISO : An error occurred during recv TCP : Disconnect"
3812089,"CLI : Job pending ISO : An error occurred during recv TCP : Host not found"
3812090,"CLI : Job pending ISO : An error occurred during recv TCP : Non authoritative - host not found"
3812091,"CLI : Job pending ISO : An error occurred during recv TCP : Non recoverable error"
3812092,"CLI : Job pending ISO : An error occurred during recv TCP : Valid name, no data record of requested type"
3813089,"CLI : Job pending ISO : An error occurred during recv TCP : Invalid address"
3866624,"CLI : Job pending ISO : Invalid connection params (wrong TSAPs)"
3876628,"CLI : Job pending ISO : Invalid connection params (wrong TSAPs) TCP : Interrupted system call"
3876633,"CLI : Job pending ISO : Invalid connection params (wrong TSAPs) TCP : Bad file number"
3876637,"CLI : Job pending ISO : Invalid connection params (wrong TSAPs) TCP : Permission denied"
3876638,"CLI : Job pending ISO : Invalid connection params (wrong TSAPs) TCP : Bad address"
3876646,"CLI : Job pending ISO : Invalid connection params (wrong TSAPs) TCP : Invalid argument"
3876648,"CLI : Job pending ISO : Invalid connection params (wrong TSAPs) TCP : Too many open files"
3876659,"CLI : Job pending ISO : Invalid connection params (wrong TSAPs) TCP : Operation would block"
3876660,"CLI : Job pending ISO : Invalid connection params (wrong TSAPs) TCP : Operation now in progress"
3876661,"CLI : Job pending ISO : Invalid connection params (wrong TSAPs) TCP : Operation already in progress"
3876662,"CLI : Job pending ISO : Invalid connection params (wrong TSAPs) TCP : Socket operation on non socket"
3876663,"CLI : Job pending ISO : Invalid connection params (wrong TSAPs) TCP : Destination address required"
3876664,"CLI : Job pending ISO : Invalid connection params (wrong TSAPs) TCP : Message too long"
3876665,"CLI : Job pending ISO : Invalid connection params (wrong TSAPs) TCP : Protocol wrong type for Socket"
3876666,"CLI : Job pending ISO : Invalid connection params (wrong TSAPs) TCP : Protocol not available"
3876667,"CLI : Job pending ISO : Invalid connection params (wrong TSAPs) TCP : Protocol not supported"
3876668,"CLI : Job pending ISO : Invalid connection params (wrong TSAPs) TCP : Socket not supported"
3876669,"CLI : Job pending ISO : Invalid connection params (wrong TSAPs) TCP : Operation not supported on Socket"
3876670,"CLI : Job pending ISO : Invalid connection params (wrong TSAPs) TCP : Protocol family not supported"
3876671,"CLI : Job pending ISO : Invalid connection params (wrong TSAPs) TCP : Address family not supported"
3876672,"CLI : Job pending ISO : Invalid connection params (wrong TSAPs) TCP : Address already in use"
3876673,"CLI : Job pending ISO : Invalid connection params (wrong TSAPs) TCP : Can't assign requested address"
3876674,"CLI : Job pending ISO : Invalid connection params (wrong TSAPs) TCP : Network is down"
3876675,"CLI : Job pending ISO : Invalid connection params (wrong TSAPs) TCP : Network is unreachable"
3876676,"CLI : Job pending ISO : Invalid connection params (wrong TSAPs) TCP : Network dropped connection on reset"
3876677,"CLI : Job pending ISO : Invalid connection params (wrong TSAPs) TCP : Software caused connection abort"
3876678,"CLI : Job pending ISO : Invalid connection params (wrong TSAPs) TCP : Connection reset by peer"
3876679,"CLI : Job pending ISO : Invalid connection params (wrong TSAPs) TCP : No Buffer space available"
3876680,"CLI : Job pending ISO : Invalid connection params (wrong TSAPs) TCP : Socket is already connected"
3876681,"CLI : Job pending ISO : Invalid connection params (wrong TSAPs) TCP : Socket is not connected"
3876682,"CLI : Job pending ISO : Invalid connection params (wrong TSAPs) TCP : Can't send after Socket shutdown"
3876683,"CLI : Job pending ISO : Invalid connection params (wrong TSAPs) TCP : Too many references:can't splice"
3876684,"CLI : Job pending ISO : Invalid connection params (wrong TSAPs) TCP : Connection timed out"
3876685,"CLI : Job pending ISO : Invalid connection params (wrong TSAPs) TCP : Connection refused"
3876686,"CLI : Job pending ISO : Invalid connection params (wrong TSAPs) TCP : Too many levels of symbolic links"
3876687,"CLI : Job pending ISO : Invalid connection params (wrong TSAPs) TCP : File name is too long"
3876688,"CLI : Job pending ISO : Invalid connection params (wrong TSAPs) TCP : Host is down"
3876689,"CLI : Job pending ISO : Invalid connection params (wrong TSAPs) TCP : Unreachable peer"
3876690,"CLI : Job pending ISO : Invalid connection params (wrong TSAPs) TCP : Directory is not empty"
3876691,"CLI : Job pending ISO : Invalid connection params (wrong TSAPs) TCP : Too many processes"
3876692,"CLI : Job pending ISO : Invalid connection params (wrong TSAPs) TCP : Too many users"
3876693,"CLI : Job pending ISO : Invalid connection params (wrong TSAPs) TCP : Disk quota exceeded"
3876694,"CLI : Job pending ISO : Invalid connection params (wrong TSAPs) TCP : Stale NFS file handle"
3876695,"CLI : Job pending ISO : Invalid connection params (wrong TSAPs) TCP : Too many levels of remote in path"
3876715,"CLI : Job pending ISO : Invalid connection params (wrong TSAPs) TCP : Network subsystem is unusable"
3876716,"CLI : Job pending ISO : Invalid connection params (wrong TSAPs) TCP : Winsock DLL cannot support this application"
3876717,"CLI : Job pending ISO : Invalid connection params (wrong TSAPs) TCP : Winsock not initialized"
3876725,"CLI : Job pending ISO : Invalid connection params (wrong TSAPs) TCP : Disconnect"
3877625,"CLI : Job pending ISO : Invalid connection params (wrong TSAPs) TCP : Host not found"
3877626,"CLI : Job pending ISO : Invalid connection params (wrong TSAPs) TCP : Non authoritative - host not found"
3877627,"CLI : Job pending ISO : Invalid connection params (wrong TSAPs) TCP : Non recoverable error"
3877628,"CLI : Job pending ISO : Invalid connection params (wrong TSAPs) TCP : Valid name, no data record of requested type"
3878625,"CLI : Job pending ISO : Invalid connection params (wrong TSAPs) TCP : Invalid address"
3932160,"CLI : Job pending ISO : Unknown error (0x000c0000)"
3942164,"CLI : Job pending ISO : Unknown error (0x000c0000) TCP : Interrupted system call"
3942169,"CLI : Job pending ISO : Unknown error (0x000c0000) TCP : Bad file number"
3942173,"CLI : Job pending ISO : Unknown error (0x000c0000) TCP : Permission denied"
3942174,"CLI : Job pending ISO : Unknown error (0x000c0000) TCP : Bad address"
3942182,"CLI : Job pending ISO : Unknown error (0x000c0000) TCP : Invalid argument"
3942184,"CLI : Job pending ISO : Unknown error (0x000c0000) TCP : Too many open files"
3942195,"CLI : Job pending ISO : Unknown error (0x000c0000) TCP : Operation would block"
3942196,"CLI : Job pending ISO : Unknown error (0x000c0000) TCP : Operation now in progress"
3942197,"CLI : Job pending ISO : Unknown error (0x000c0000) TCP : Operation already in progress"
3942198,"CLI : Job pending ISO : Unknown error (0x000c0000) TCP : Socket operation on non socket"
3942199,"CLI : Job pending ISO : Unknown error (0x000c0000) TCP : Destination address required"
3942200,"CLI : Job pending ISO : Unknown error (0x000c0000) TCP : Message too long"
3942201,"CLI : Job pending ISO : Unknown error (0x000c0000) TCP : Protocol wrong type for Socket"
3942202,"CLI : Job pending ISO : Unknown error (0x000c0000) TCP : Protocol not available"
3942203,"CLI : Job pending ISO : Unknown error (0x000c0000) TCP : Protocol not supported"
3942204,"CLI : Job pending ISO : Unknown error (0x000c0000) TCP : Socket not supported"
3942205,"CLI : Job pending ISO : Unknown error (0x000c0000) TCP : Operation not supported on Socket"
3942206,"CLI : Job pending ISO : Unknown error (0x000c0000) TCP : Protocol family not supported"
3942207,"CLI : Job pending ISO : Unknown error (0x000c0000) TCP : Address family not supported"
3942208,"CLI : Job pending ISO : Unknown error (0x000c0000) TCP : Address already in use"
3942209,"CLI : Job pending ISO : Unknown error (0x000c0000) TCP : Can't assign requested address"
3942210,"CLI : Job pending ISO : Unknown error (0x000c0000) TCP : Network is down"
3942211,"CLI : Job pending ISO : Unknown error (0x000c0000) TCP : Network is unreachable"
3942212,"CLI : Job pending ISO : Unknown error (0x000c0000) TCP : Network dropped connection on reset"
3942213,"CLI : Job pending ISO : Unknown error (0x000c0000) TCP : Software caused connection abort"
3942214,"CLI : Job pending ISO : Unknown error (0x000c0000) TCP : Connection reset by peer"
3942215,"CLI : Job pending ISO : Unknown error (0x000c0000) TCP : No Buffer space available"
3942216,"CLI : Job pending ISO : Unknown error (0x000c0000) TCP : Socket is already connected"
3942217,"CLI : Job pending ISO : Unknown error (0x000c0000) TCP : Socket is not connected"
3942218,"CLI : Job pending ISO : Unknown error (0x000c0000) TCP : Can't send after Socket shutdown"
3942219,"CLI : Job pending ISO : Unknown error (0x000c0000) TCP : Too many references:can't splice"
3942220,"CLI : Job pending ISO : Unknown error (0x000c0000) TCP : Connection timed out"
3942221,"CLI : Job pending ISO : Unknown error (0x000c0000) TCP : Connection refused"
3942222,"CLI : Job pending ISO : Unknown error (0x000c0000) TCP : Too many levels of symbolic links"
3942223,"CLI : Job pending ISO : Unknown error (0x000c0000) TCP : File name is too long"
3942224,"CLI : Job pending ISO : Unknown error (0x000c0000) TCP : Host is down"
3942225,"CLI : Job pending ISO : Unknown error (0x000c0000) TCP : Unreachable peer"
3942226,"CLI : Job pending ISO : Unknown error (0x000c0000) TCP : Directory is not empty"
3942227,"CLI : Job pending ISO : Unknown error (0x000c0000) TCP : Too many processes"
3942228,"CLI : Job pending ISO : Unknown error (0x000c0000) TCP : Too many users"
3942229,"CLI : Job pending ISO : Unknown error (0x000c0000) TCP : Disk quota exceeded"
3942230,"CLI : Job pending ISO : Unknown error (0x000c0000) TCP : Stale NFS file handle"
3942231,"CLI : Job pending ISO : Unknown error (0x000c0000) TCP : Too many levels of remote in path"
3942251,"CLI : Job pending ISO : Unknown error (0x000c0000) TCP : Network subsystem is unusable"
3942252,"CLI : Job pending ISO : Unknown error (0x000c0000) TCP : Winsock DLL cannot support this application"
3942253,"CLI : Job pending ISO : Unknown error (0x000c0000) TCP : Winsock not initialized"
3942261,"CLI : Job pending ISO : Unknown error (0x000c0000) TCP : Disconnect"
3943161,"CLI : Job pending ISO : Unknown error (0x000c0000) TCP : Host not found"
3943162,"CLI : Job pending ISO : Unknown error (0x000c0000) TCP : Non authoritative - host not found"
3943163,"CLI : Job pending ISO : Unknown error (0x000c0000) TCP : Non recoverable error"
3943164,"CLI : Job pending ISO : Unknown error (0x000c0000) TCP : Valid name, no data record of requested type"
3944161,"CLI : Job pending ISO : Unknown error (0x000c0000) TCP : Invalid address"
3997696,"CLI : Job pending ISO : Unknown error (0x000d0000)"
4007700,"CLI : Job pending ISO : Unknown error (0x000d0000) TCP : Interrupted system call"
4007705,"CLI : Job pending ISO : Unknown error (0x000d0000) TCP : Bad file number"
4007709,"CLI : Job pending ISO : Unknown error (0x000d0000) TCP : Permission denied"
4007710,"CLI : Job pending ISO : Unknown error (0x000d0000) TCP : Bad address"
4007718,"CLI : Job pending ISO : Unknown error (0x000d0000) TCP : Invalid argument"
4007720,"CLI : Job pending ISO : Unknown error (0x000d0000) TCP : Too many open files"
4007731,"CLI : Job pending ISO : Unknown error (0x000d0000) TCP : Operation would block"
4007732,"CLI : Job pending ISO : Unknown error (0x000d0000) TCP : Operation now in progress"
4007733,"CLI : Job pending ISO : Unknown error (0x000d0000) TCP : Operation already in progress"
4007734,"CLI : Job pending ISO : Unknown error (0x000d0000) TCP : Socket operation on non socket"
4007735,"CLI : Job pending ISO : Unknown error (0x000d0000) TCP : Destination address required"
4007736,"CLI : Job pending ISO : Unknown error (0x000d0000) TCP : Message too long"
4007737,"CLI : Job pending ISO : Unknown error (0x000d0000) TCP : Protocol wrong type for Socket"
4007738,"CLI : Job pending ISO : Unknown error (0x000d0000) TCP : Protocol not available"
4007739,"CLI : Job pending ISO : Unknown error (0x000d0000) TCP : Protocol not supported"
4007740,"CLI : Job pending ISO : Unknown error (0x000d0000) TCP : Socket not supported"
4007741,"CLI : Job pending ISO : Unknown error (0x000d0000) TCP : Operation not supported on Socket"
4007742,"CLI : Job pending ISO : Unknown error (0x000d0000) TCP : Protocol family not supported"
4007743,"CLI : Job pending ISO : Unknown error (0x000d0000) TCP : Address family not supported"
4007744,"CLI : Job pending ISO : Unknown error (0x000d0000) TCP : Address already in use"
4007745,"CLI : Job pending ISO : Unknown error (0x000d0000) TCP : Can't assign requested address"
4007746,"CLI : Job pending ISO : Unknown error (0x000d0000) TCP : Network is down"
4007747,"CLI : Job pending ISO : Unknown error (0x000d0000) TCP : Network is unreachable"
4007748,"CLI : Job pending ISO : Unknown error (0x000d0000) TCP : Network dropped connection on reset"
4007749,"CLI : Job pending ISO : Unknown error (0x000d0000) TCP : Software caused connection abort"
4007750,"CLI : Job pending ISO : Unknown error (0x000d0000) TCP : Connection reset by peer"
4007751,"CLI : Job pending ISO : Unknown error (0x000d0000) TCP : No Buffer space available"
4007752,"CLI : Job pending ISO : Unknown error (0x000d0000) TCP : Socket is already connected"
4007753,"CLI : Job pending ISO : Unknown error (0x000d0000) TCP : Socket is not connected"
4007754,"CLI : Job pending ISO : Unknown error (0x000d0000) TCP : Can't send after Socket shutdown"
4007755,"CLI : Job pending ISO : Unknown error (0x000d0000) TCP : Too many references:can't splice"
4007756,"CLI : Job pending ISO : Unknown error (0x000d0000) TCP : Connection timed out"
4007757,"CLI : Job pending ISO : Unknown error (0x000d0000) TCP : Connection refused"
4007758,"CLI : Job pending ISO : Unknown error (0x000d0000) TCP : Too many levels of symbolic links"
4007759,"CLI : Job pending ISO : Unknown error (0x000d0000) TCP : File name is too long"
4007760,"CLI : Job pending ISO : Unknown error (0x000d0000) TCP : Host is down"
4007761,"CLI : Job pending ISO : Unknown error (0x000d0000) TCP : Unreachable peer"
4007762,"CLI : Job pending ISO : Unknown error (0x000d0000) TCP : Directory is not empty"
4007763,"CLI : Job pending ISO : Unknown error (0x000d0000) TCP : Too many processes"
4007764,"CLI : Job pending ISO : Unknown error (0x000d0000) TCP : Too many users"
4007765,"CLI : Job pending ISO : Unknown error (0x000d0000) TCP : Disk quota exceeded"
4007766,"CLI : Job pending ISO : Unknown error (0x000d0000) TCP : Stale NFS file handle"
4007767,"CLI : Job pending ISO : Unknown error (0x000d0000) TCP : Too many levels of remote in path"
4007787,"CLI : Job pending ISO : Unknown error (0x000d0000) TCP : Network subsystem is unusable"
4007788,"CLI : Job pending ISO : Unknown error (0x000d0000) TCP : Winsock DLL cannot support this application"
4007789,"CLI : Job pending ISO : Unknown error (0x000d0000) TCP : Winsock not initialized"
4007797,"CLI : Job pending ISO : Unknown error (0x000d0000) TCP : Disconnect"
4008697,"CLI : Job pending ISO : Unknown error (0x000d0000) TCP : Host not found"
4008698,"CLI : Job pending ISO : Unknown error (0x000d0000) TCP : Non authoritative - host not found"
4008699,"CLI : Job pending ISO : Unknown error (0x000d0000) TCP : Non recoverable error"
4008700,"CLI : Job pending ISO : Unknown error (0x000d0000) TCP : Valid name, no data record of requested type"
4009697,"CLI : Job pending ISO : Unknown error (0x000d0000) TCP : Invalid address"
4063232,"CLI : Job pending ISO : Unknown error (0x000e0000)"
4073236,"CLI : Job pending ISO : Unknown error (0x000e0000) TCP : Interrupted system call"
4073241,"CLI : Job pending ISO : Unknown error (0x000e0000) TCP : Bad file number"
4073245,"CLI : Job pending ISO : Unknown error (0x000e0000) TCP : Permission denied"
4073246,"CLI : Job pending ISO : Unknown error (0x000e0000) TCP : Bad address"
4073254,"CLI : Job pending ISO : Unknown error (0x000e0000) TCP : Invalid argument"
4073256,"CLI : Job pending ISO : Unknown error (0x000e0000) TCP : Too many open files"
4073267,"CLI : Job pending ISO : Unknown error (0x000e0000) TCP : Operation would block"
4073268,"CLI : Job pending ISO : Unknown error (0x000e0000) TCP : Operation now in progress"
4073269,"CLI : Job pending ISO : Unknown error (0x000e0000) TCP : Operation already in progress"
4073270,"CLI : Job pending ISO : Unknown error (0x000e0000) TCP : Socket operation on non socket"
4073271,"CLI : Job pending ISO : Unknown error (0x000e0000) TCP : Destination address required"
4073272,"CLI : Job pending ISO : Unknown error (0x000e0000) TCP : Message too long"
4073273,"CLI : Job pending ISO : Unknown error (0x000e0000) TCP : Protocol wrong type for Socket"
4073274,"CLI : Job pending ISO : Unknown error (0x000e0000) TCP : Protocol not available"
4073275,"CLI : Job pending ISO : Unknown error (0x000e0000) TCP : Protocol not supported"
4073276,"CLI : Job pending ISO : Unknown error (0x000e0000) TCP : Socket not supported"
4073277,"CLI : Job pending ISO : Unknown error (0x000e0000) TCP : Operation not supported on Socket"
4073278,"CLI : Job pending ISO : Unknown error (0x000e0000) TCP : Protocol family not supported"
4073279,"CLI : Job pending ISO : Unknown error (0x000e0000) TCP : Address family not supported"
4073280,"CLI : Job pending ISO : Unknown error (0x000e0000) TCP : Address already in use"
4073281,"CLI : Job pending ISO : Unknown error (0x000e0000) TCP : Can't assign requested address"
4073282,"CLI : Job pending ISO : Unknown error (0x000e0000) TCP : Network is down"
4073283,"CLI : Job pending ISO : Unknown error (0x000e0000) TCP : Network is unreachable"
4073284,"CLI : Job pending ISO : Unknown error (0x000e0000) TCP : Network dropped connection on reset"
4073285,"CLI : Job pending ISO : Unknown error (0x000e0000) TCP : Software caused connection abort"
4073286,"CLI : Job pending ISO : Unknown error (0x000e0000) TCP : Connection reset by peer"
4073287,"CLI : Job pending ISO : Unknown error (0x000e0000) TCP : No Buffer space available"
4073288,"CLI : Job pending ISO : Unknown error (0x000e0000) TCP : Socket is already connected"
4073289,"CLI : Job pending ISO : Unknown error (0x000e0000) TCP : Socket is not connected"
4073290,"CLI : Job pending ISO : Unknown error (0x000e0000) TCP : Can't send after Socket shutdown"
4073291,"CLI : Job pending ISO : Unknown error (0x000e0000) TCP : Too many references:can't splice"
4073292,"CLI : Job pending ISO : Unknown error (0x000e0000) TCP : Connection timed out"
4073293,"CLI : Job pending ISO : Unknown error (0x000e0000) TCP : Connection refused"
4073294,"CLI : Job pending ISO : Unknown error (0x000e0000) TCP : Too many levels of symbolic links"
4073295,"CLI : Job pending ISO : Unknown error (0x000e0000) TCP : File name is too long"
4073296,"CLI : Job pending ISO : Unknown error (0x000e0000) TCP : Host is down"
4073297,"CLI : Job pending ISO : Unknown error (0x000e0000) TCP : Unreachable peer"
4073298,"CLI : Job pending ISO : Unknown error (0x000e0000) TCP : Directory is not empty"
4073299,"CLI : Job pending ISO : Unknown error (0x000e0000) TCP : Too many processes"
4073300,"CLI : Job pending ISO : Unknown error (0x000e0000) TCP : Too many users"
4073301,"CLI : Job pending ISO : Unknown error (0x000e0000) TCP : Disk quota exceeded"
4073302,"CLI : Job pending ISO : Unknown error (0x000e0000) TCP : Stale NFS file handle"
4073303,"CLI : Job pending ISO : Unknown error (0x000e0000) TCP : Too many levels of remote in path"
4073323,"CLI : Job pending ISO : Unknown error (0x000e0000) TCP : Network subsystem is unusable"
4073324,"CLI : Job pending ISO : Unknown error (0x000e0000) TCP : Winsock DLL cannot support this application"
4073325,"CLI : Job pending ISO : Unknown error (0x000e0000) TCP : Winsock not initialized"
4073333,"CLI : Job pending ISO : Unknown error (0x000e0000) TCP : Disconnect"
4074233,"CLI : Job pending ISO : Unknown error (0x000e0000) TCP : Host not found"
4074234,"CLI : Job pending ISO : Unknown error (0x000e0000) TCP : Non authoritative - host not found"
4074235,"CLI : Job pending ISO : Unknown error (0x000e0000) TCP : Non recoverable error"
4074236,"CLI : Job pending ISO : Unknown error (0x000e0000) TCP : Valid name, no data record of requested type"
4075233,"CLI : Job pending ISO : Unknown error (0x000e0000) TCP : Invalid address"
4128768,"CLI : Job pending ISO : Unknown error (0x000f0000)"
4138772,"CLI : Job pending ISO : Unknown error (0x000f0000) TCP : Interrupted system call"
4138777,"CLI : Job pending ISO : Unknown error (0x000f0000) TCP : Bad file number"
4138781,"CLI : Job pending ISO : Unknown error (0x000f0000) TCP : Permission denied"
4138782,"CLI : Job pending ISO : Unknown error (0x000f0000) TCP : Bad address"
4138790,"CLI : Job pending ISO : Unknown error (0x000f0000) TCP : Invalid argument"
4138792,"CLI : Job pending ISO : Unknown error (0x000f0000) TCP : Too many open files"
4138803,"CLI : Job pending ISO : Unknown error (0x000f0000) TCP : Operation would block"
4138804,"CLI : Job pending ISO : Unknown error (0x000f0000) TCP : Operation now in progress"
4138805,"CLI : Job pending ISO : Unknown error (0x000f0000) TCP : Operation already in progress"
4138806,"CLI : Job pending ISO : Unknown error (0x000f0000) TCP : Socket operation on non socket"
4138807,"CLI : Job pending ISO : Unknown error (0x000f0000) TCP : Destination address required"
4138808,"CLI : Job pending ISO : Unknown error (0x000f0000) TCP : Message too long"
4138809,"CLI : Job pending ISO : Unknown error (0x000f0000) TCP : Protocol wrong type for Socket"
4138810,"CLI : Job pending ISO : Unknown error (0x000f0000) TCP : Protocol not available"
4138811,"CLI : Job pending ISO : Unknown error (0x000f0000) TCP : Protocol not supported"
4138812,"CLI : Job pending ISO : Unknown error (0x000f0000) TCP : Socket not supported"
4138813,"CLI : Job pending ISO : Unknown error (0x000f0000) TCP : Operation not supported on Socket"
4138814,"CLI : Job pending ISO : Unknown error (0x000f0000) TCP : Protocol family not supported"
4138815,"CLI : Job pending ISO : Unknown error (0x000f0000) TCP : Address family not supported"
4138816,"CLI : Job pending ISO : Unknown error (0x000f0000) TCP : Address already in use"
4138817,"CLI : Job pending ISO : Unknown error (0x000f0000) TCP : Can't assign requested address"
4138818,"CLI : Job pending ISO : Unknown error (0x000f0000) TCP : Network is down"
4138819,"CLI : Job pending ISO : Unknown error (0x000f0000) TCP : Network is unreachable"
4138820,"CLI : Job pending ISO : Unknown error (0x000f0000) TCP : Network dropped connection on reset"
4138821,"CLI : Job pending ISO : Unknown error (0x000f0000) TCP : Software caused connection abort"
4138822,"CLI : Job pending ISO : Unknown error (0x000f0000) TCP : Connection reset by peer"
4138823,"CLI : Job pending ISO : Unknown error (0x000f0000) TCP : No Buffer space available"
4138824,"CLI : Job pending ISO : Unknown error (0x000f0000) TCP : Socket is already connected"
4138825,"CLI : Job pending ISO : Unknown error (0x000f0000) TCP : Socket is not connected"
4138826,"CLI : Job pending ISO : Unknown error (0x000f0000) TCP : Can't send after Socket shutdown"
4138827,"CLI : Job pending ISO : Unknown error (0x000f0000) TCP : Too many references:can't splice"
4138828,"CLI : Job pending ISO : Unknown error (0x000f0000) TCP : Connection timed out"
4138829,"CLI : Job pending ISO : Unknown error (0x000f0000) TCP : Connection refused"
4138830,"CLI : Job pending ISO : Unknown error (0x000f0000) TCP : Too many levels of symbolic links"
4138831,"CLI : Job pending ISO : Unknown error (0x000f0000) TCP : File name is too long"
4138832,"CLI : Job pending ISO : Unknown error (0x000f0000) TCP : Host is down"
4138833,"CLI : Job pending ISO : Unknown error (0x000f0000) TCP : Unreachable peer"
4138834,"CLI : Job pending ISO : Unknown error (0x000f0000) TCP : Directory is not empty"
4138835,"CLI : Job pending ISO : Unknown error (0x000f0000) TCP : Too many processes"
4138836,"CLI : Job pending ISO : Unknown error (0x000f0000) TCP : Too many users"
4138837,"CLI : Job pending ISO : Unknown error (0x000f0000) TCP : Disk quota exceeded"
4138838,"CLI : Job pending ISO : Unknown error (0x000f0000) TCP : Stale NFS file handle"
4138839,"CLI : Job pending ISO : Unknown error (0x000f0000) TCP : Too many levels of remote in path"
4138859,"CLI : Job pending ISO : Unknown error (0x000f0000) TCP : Network subsystem is unusable"
4138860,"CLI : Job pending ISO : Unknown error (0x000f0000) TCP : Winsock DLL cannot support this application"
4138861,"CLI : Job pending ISO : Unknown error (0x000f0000) TCP : Winsock not initialized"
4138869,"CLI : Job pending ISO : Unknown error (0x000f0000) TCP : Disconnect"
4139769,"CLI : Job pending ISO : Unknown error (0x000f0000) TCP : Host not found"
4139770,"CLI : Job pending ISO : Unknown error (0x000f0000) TCP : Non authoritative - host not found"
4139771,"CLI : Job pending ISO : Unknown error (0x000f0000) TCP : Non recoverable error"
4139772,"CLI : Job pending ISO : Unknown error (0x000f0000) TCP : Valid name, no data record of requested type"
4140769,"CLI : Job pending ISO : Unknown error (0x000f0000) TCP : Invalid address"
4194304,"CLI : too may items (>20) in multi read/write"
4204308,"CLI : too may items (>20) in multi read/write TCP : Interrupted system call"
4204313,"CLI : too may items (>20) in multi read/write TCP : Bad file number"
4204317,"CLI : too may items (>20) in multi read/write TCP : Permission denied"
4204318,"CLI : too may items (>20) in multi read/write TCP : Bad address"
4204326,"CLI : too may items (>20) in multi read/write TCP : Invalid argument"
4204328,"CLI : too may items (>20) in multi read/write TCP : Too many open files"
4204339,"CLI : too may items (>20) in multi read/write TCP : Operation would block"
4204340,"CLI : too may items (>20) in multi read/write TCP : Operation now in progress"
4204341,"CLI : too may items (>20) in multi read/write TCP : Operation already in progress"
4204342,"CLI : too may items (>20) in multi read/write TCP : Socket operation on non socket"
4204343,"CLI : too may items (>20) in multi read/write TCP : Destination address required"
4204344,"CLI : too may items (>20) in multi read/write TCP : Message too long"
4204345,"CLI : too may items (>20) in multi read/write TCP : Protocol wrong type for Socket"
4204346,"CLI : too may items (>20) in multi read/write TCP : Protocol not available"
4204347,"CLI : too may items (>20) in multi read/write TCP : Protocol not supported"
4204348,"CLI : too may items (>20) in multi read/write TCP : Socket not supported"
4204349,"CLI : too may items (>20) in multi read/write TCP : Operation not supported on Socket"
4204350,"CLI : too may items (>20) in multi read/write TCP : Protocol family not supported"
4204351,"CLI : too may items (>20) in multi read/write TCP : Address family not supported"
4204352,"CLI : too may items (>20) in multi read/write TCP : Address already in use"
4204353,"CLI : too may items (>20) in multi read/write TCP : Can't assign requested address"
4204354,"CLI : too may items (>20) in multi read/write TCP : Network is down"
4204355,"CLI : too may items (>20) in multi read/write TCP : Network is unreachable"
4204356,"CLI : too may items (>20) in multi read/write TCP : Network dropped connection on reset"
4204357,"CLI : too may items (>20) in multi read/write TCP : Software caused connection abort"
4204358,"CLI : too may items (>20) in multi read/write TCP : Connection reset by peer"
4204359,"CLI : too may items (>20) in multi read/write TCP : No Buffer space available"
4204360,"CLI : too may items (>20) in multi read/write TCP : Socket is already connected"
4204361,"CLI : too may items (>20) in multi read/write TCP : Socket is not connected"
4204362,"CLI : too may items (>20) in multi read/write TCP : Can't send after Socket shutdown"
4204363,"CLI : too may items (>20) in multi read/write TCP : Too many references:can't splice"
4204364,"CLI : too may items (>20) in multi read/write TCP : Connection timed out"
4204365,"CLI : too may items (>20) in multi read/write TCP : Connection refused"
4204366,"CLI : too may items (>20) in multi read/write TCP : Too many levels of symbolic links"
4204367,"CLI : too may items (>20) in multi read/write TCP : File name is too long"
4204368,"CLI : too may items (>20) in multi read/write TCP : Host is down"
4204369,"CLI : too may items (>20) in multi read/write TCP : Unreachable peer"
4204370,"CLI : too may items (>20) in multi read/write TCP : Directory is not empty"
4204371,"CLI : too may items (>20) in multi read/write TCP : Too many processes"
4204372,"CLI : too may items (>20) in multi read/write TCP : Too many users"
4204373,"CLI : too may items (>20) in multi read/write TCP : Disk quota exceeded"
4204374,"CLI : too may items (>20) in multi read/write TCP : Stale NFS file handle"
4204375,"CLI : too may items (>20) in multi read/write TCP : Too many levels of remote in path"
4204395,"CLI : too may items (>20) in multi read/write TCP : Network subsystem is unusable"
4204396,"CLI : too may items (>20) in multi read/write TCP : Winsock DLL cannot support this application"
4204397,"CLI : too may items (>20) in multi read/write TCP : Winsock not initialized"
4204405,"CLI : too may items (>20) in multi read/write TCP : Disconnect"
4205305,"CLI : too may items (>20) in multi read/write TCP : Host not found"
4205306,"CLI : too may items (>20) in multi read/write TCP : Non authoritative - host not found"
4205307,"CLI : too may items (>20) in multi read/write TCP : Non recoverable error"
4205308,"CLI : too may items (>20) in multi read/write TCP : Valid name, no data record of requested type"
4206305,"CLI : too may items (>20) in multi read/write TCP : Invalid address"
4259840,"CLI : too may items (>20) in multi read/write ISO : Connection error"
4269844,"CLI : too may items (>20) in multi read/write ISO : Connection error TCP : Interrupted system call"
4269849,"CLI : too may items (>20) in multi read/write ISO : Connection error TCP : Bad file number"
4269853,"CLI : too may items (>20) in multi read/write ISO : Connection error TCP : Permission denied"
4269854,"CLI : too may items (>20) in multi read/write ISO : Connection error TCP : Bad address"
4269862,"CLI : too may items (>20) in multi read/write ISO : Connection error TCP : Invalid argument"
4269864,"CLI : too may items (>20) in multi read/write ISO : Connection error TCP : Too many open files"
4269875,"CLI : too may items (>20) in multi read/write ISO : Connection error TCP : Operation would block"
4269876,"CLI : too may items (>20) in multi read/write ISO : Connection error TCP : Operation now in progress"
4269877,"CLI : too may items (>20) in multi read/write ISO : Connection error TCP : Operation already in progress"
4269878,"CLI : too may items (>20) in multi read/write ISO : Connection error TCP : Socket operation on non socket"
4269879,"CLI : too may items (>20) in multi read/write ISO : Connection error TCP : Destination address required"
4269880,"CLI : too may items (>20) in multi read/write ISO : Connection error TCP : Message too long"
4269881,"CLI : too may items (>20) in multi read/write ISO : Connection error TCP : Protocol wrong type for Socket"
4269882,"CLI : too may items (>20) in multi read/write ISO : Connection error TCP : Protocol not available"
4269883,"CLI : too may items (>20) in multi read/write ISO : Connection error TCP : Protocol not supported"
4269884,"CLI : too may items (>20) in multi read/write ISO : Connection error TCP : Socket not supported"
4269885,"CLI : too may items (>20) in multi read/write ISO : Connection error TCP : Operation not supported on Socket"
4269886,"CLI : too may items (>20) in multi read/write ISO : Connection error TCP : Protocol family not supported"
4269887,"CLI : too may items (>20) in multi read/write ISO : Connection error TCP : Address family not supported"
4269888,"CLI : too may items (>20) in multi read/write ISO : Connection error TCP : Address already in use"
4269889,"CLI : too may items (>20) in multi read/write ISO : Connection error TCP : Can't assign requested address"
4269890,"CLI : too may items (>20) in multi read/write ISO : Connection error TCP : Network is down"
4269891,"CLI : too may items (>20) in multi read/write ISO : Connection error TCP : Network is unreachable"
4269892,"CLI : too may items (>20) in multi read/write ISO : Connection error TCP : Network dropped connection on reset"
4269893,"CLI : too may items (>20) in multi read/write ISO : Connection error TCP : Software caused connection abort"
4269894,"CLI : too may items (>20) in multi read/write ISO : Connection error TCP : Connection reset by peer"
4269895,"CLI : too may items (>20) in multi read/write ISO : Connection error TCP : No Buffer space available"
4269896,"CLI : too may items (>20) in multi read/write ISO : Connection error TCP : Socket is already connected"
4269897,"CLI : too may items (>20) in multi read/write ISO : Connection error TCP : Socket is not connected"
4269898,"CLI : too may items (>20) in multi read/write ISO : Connection error TCP : Can't send after Socket shutdown"
4269899,"CLI : too may items (>20) in multi read/write ISO : Connection error TCP : Too many references:can't splice"
4269900,"CLI : too may items (>20) in multi read/write ISO : Connection error TCP : Connection timed out"
4269901,"CLI : too may items (>20) in multi read/write ISO : Connection error TCP : Connection refused"
4269902,"CLI : too may items (>20) in multi read/write ISO : Connection error TCP : Too many levels of symbolic links"
4269903,"CLI : too may items (>20) in multi read/write ISO : Connection error TCP : File name is too long"
4269904,"CLI : too may items (>20) in multi read/write ISO : Connection error TCP : Host is down"
4269905,"CLI : too may items (>20) in multi read/write ISO : Connection error TCP : Unreachable peer"
4269906,"CLI : too may items (>20) in multi read/write ISO : Connection error TCP : Directory is not empty"
4269907,"CLI : too may items (>20) in multi read/write ISO : Connection error TCP : Too many processes"
4269908,"CLI : too may items (>20) in multi read/write ISO : Connection error TCP : Too many users"
4269909,"CLI : too may items (>20) in multi read/write ISO : Connection error TCP : Disk quota exceeded"
4269910,"CLI : too may items (>20) in multi read/write ISO : Connection error TCP : Stale NFS file handle"
4269911,"CLI : too may items (>20) in multi read/write ISO : Connection error TCP : Too many levels of remote in path"
4269931,"CLI : too may items (>20) in multi read/write ISO : Connection error TCP : Network subsystem is unusable"
4269932,"CLI : too may items (>20) in multi read/write ISO : Connection error TCP : Winsock DLL cannot support this application"
4269933,"CLI : too may items (>20) in multi read/write ISO : Connection error TCP : Winsock not initialized"
4269941,"CLI : too may items (>20) in multi read/write ISO : Connection error TCP : Disconnect"
4270841,"CLI : too may items (>20) in multi read/write ISO : Connection error TCP : Host not found"
4270842,"CLI : too may items (>20) in multi read/write ISO : Connection error TCP : Non authoritative - host not found"
4270843,"CLI : too may items (>20) in multi read/write ISO : Connection error TCP : Non recoverable error"
4270844,"CLI : too may items (>20) in multi read/write ISO : Connection error TCP : Valid name, no data record of requested type"
4271841,"CLI : too may items (>20) in multi read/write ISO : Connection error TCP : Invalid address"
4325376,"CLI : too may items (>20) in multi read/write ISO : Disconnect error"
4335380,"CLI : too may items (>20) in multi read/write ISO : Disconnect error TCP : Interrupted system call"
4335385,"CLI : too may items (>20) in multi read/write ISO : Disconnect error TCP : Bad file number"
4335389,"CLI : too may items (>20) in multi read/write ISO : Disconnect error TCP : Permission denied"
4335390,"CLI : too may items (>20) in multi read/write ISO : Disconnect error TCP : Bad address"
4335398,"CLI : too may items (>20) in multi read/write ISO : Disconnect error TCP : Invalid argument"
4335400,"CLI : too may items (>20) in multi read/write ISO : Disconnect error TCP : Too many open files"
4335411,"CLI : too may items (>20) in multi read/write ISO : Disconnect error TCP : Operation would block"
4335412,"CLI : too may items (>20) in multi read/write ISO : Disconnect error TCP : Operation now in progress"
4335413,"CLI : too may items (>20) in multi read/write ISO : Disconnect error TCP : Operation already in progress"
4335414,"CLI : too may items (>20) in multi read/write ISO : Disconnect error TCP : Socket operation on non socket"
4335415,"CLI : too may items (>20) in multi read/write ISO : Disconnect error TCP : Destination address required"
4335416,"CLI : too may items (>20) in multi read/write ISO : Disconnect error TCP : Message too long"
4335417,"CLI : too may items (>20) in multi read/write ISO : Disconnect error TCP : Protocol wrong type for Socket"
4335418,"CLI : too may items (>20) in multi read/write ISO : Disconnect error TCP : Protocol not available"
4335419,"CLI : too may items (>20) in multi read/write ISO : Disconnect error TCP : Protocol not supported"
4335420,"CLI : too may items (>20) in multi read/write ISO : Disconnect error TCP : Socket not supported"
4335421,"CLI : too may items (>20) in multi read/write ISO : Disconnect error TCP : Operation not supported on Socket"
4335422,"CLI : too may items (>20) in multi read/write ISO : Disconnect error TCP : Protocol family not supported"
4335423,"CLI : too may items (>20) in multi read/write ISO : Disconnect error TCP : Address family not supported"
4335424,"CLI : too may items (>20) in multi read/write ISO : Disconnect error TCP : Address already in use"
4335425,"CLI : too may items (>20) in multi read/write ISO : Disconnect error TCP : Can't assign requested address"
4335426,"CLI : too may items (>20) in multi read/write ISO : Disconnect error TCP : Network is down"
4335427,"CLI : too may items (>20) in multi read/write ISO : Disconnect error TCP : Network is unreachable"
4335428,"CLI : too may items (>20) in multi read/write ISO : Disconnect error TCP : Network dropped connection on reset"
4335429,"CLI : too may items (>20) in multi read/write ISO : Disconnect error TCP : Software caused connection abort"
4335430,"CLI : too may items (>20) in multi read/write ISO : Disconnect error TCP : Connection reset by peer"
4335431,"CLI : too may items (>20) in multi read/write ISO : Disconnect error TCP : No Buffer space available"
4335432,"CLI : too may items (>20) in multi read/write ISO : Disconnect error TCP : Socket is already connected"
4335433,"CLI : too may items (>20) in multi read/write ISO : Disconnect error TCP : Socket is not connected"
4335434,"CLI : too may items (>20) in multi read/write ISO : Disconnect error TCP : Can't send after Socket shutdown"
4335435,"CLI : too may items (>20) in multi read/write ISO : Disconnect error TCP : Too many references:can't splice"
4335436,"CLI : too may items (>20) in multi read/write ISO : Disconnect error TCP : Connection timed out"
4335437,"CLI : too may items (>20) in multi read/write ISO : Disconnect error TCP : Connection refused"
4335438,"CLI : too may items (>20) in multi read/write ISO : Disconnect error TCP : Too many levels of symbolic links"
4335439,"CLI : too may items (>20) in multi read/write ISO : Disconnect error TCP : File name is too long"
4335440,"CLI : too may items (>20) in multi read/write ISO : Disconnect error TCP : Host is down"
4335441,"CLI : too may items (>20) in multi read/write ISO : Disconnect error TCP : Unreachable peer"
4335442,"CLI : too may items (>20) in multi read/write ISO : Disconnect error TCP : Directory is not empty"
4335443,"CLI : too may items (>20) in multi read/write ISO : Disconnect error TCP : Too many processes"
4335444,"CLI : too may items (>20) in multi read/write ISO : Disconnect error TCP : Too many users"
4335445,"CLI : too may items (>20) in multi read/write ISO : Disconnect error TCP : Disk quota exceeded"
4335446,"CLI : too may items (>20) in multi read/write ISO : Disconnect error TCP : Stale NFS file handle"
4335447,"CLI : too may items (>20) in multi read/write ISO : Disconnect error TCP : Too many levels of remote in path"
4335467,"CLI : too may items (>20) in multi read/write ISO : Disconnect error TCP : Network subsystem is unusable"
4335468,"CLI : too may items (>20) in multi read/write ISO : Disconnect error TCP : Winsock DLL cannot support this application"
4335469,"CLI : too may items (>20) in multi read/write ISO : Disconnect error TCP : Winsock not initialized"
4335477,"CLI : too may items (>20) in multi read/write ISO : Disconnect error TCP : Disconnect"
4336377,"CLI : too may items (>20) in multi read/write ISO : Disconnect error TCP : Host not found"
4336378,"CLI : too may items (>20) in multi read/write ISO : Disconnect error TCP : Non authoritative - host not found"
4336379,"CLI : too may items (>20) in multi read/write ISO : Disconnect error TCP : Non recoverable error"
4336380,"CLI : too may items (>20) in multi read/write ISO : Disconnect error TCP : Valid name, no data record of requested type"
4337377,"CLI : too may items (>20) in multi read/write ISO : Disconnect error TCP : Invalid address"
4390912,"CLI : too may items (>20) in multi read/write ISO : Bad PDU format"
4400916,"CLI : too may items (>20) in multi read/write ISO : Bad PDU format TCP : Interrupted system call"
4400921,"CLI : too may items (>20) in multi read/write ISO : Bad PDU format TCP : Bad file number"
4400925,"CLI : too may items (>20) in multi read/write ISO : Bad PDU format TCP : Permission denied"
4400926,"CLI : too may items (>20) in multi read/write ISO : Bad PDU format TCP : Bad address"
4400934,"CLI : too may items (>20) in multi read/write ISO : Bad PDU format TCP : Invalid argument"
4400936,"CLI : too may items (>20) in multi read/write ISO : Bad PDU format TCP : Too many open files"
4400947,"CLI : too may items (>20) in multi read/write ISO : Bad PDU format TCP : Operation would block"
4400948,"CLI : too may items (>20) in multi read/write ISO : Bad PDU format TCP : Operation now in progress"
4400949,"CLI : too may items (>20) in multi read/write ISO : Bad PDU format TCP : Operation already in progress"
4400950,"CLI : too may items (>20) in multi read/write ISO : Bad PDU format TCP : Socket operation on non socket"
4400951,"CLI : too may items (>20) in multi read/write ISO : Bad PDU format TCP : Destination address required"
4400952,"CLI : too may items (>20) in multi read/write ISO : Bad PDU format TCP : Message too long"
4400953,"CLI : too may items (>20) in multi read/write ISO : Bad PDU format TCP : Protocol wrong type for Socket"
4400954,"CLI : too may items (>20) in multi read/write ISO : Bad PDU format TCP : Protocol not available"
4400955,"CLI : too may items (>20) in multi read/write ISO : Bad PDU format TCP : Protocol not supported"
4400956,"CLI : too may items (>20) in multi read/write ISO : Bad PDU format TCP : Socket not supported"
4400957,"CLI : too may items (>20) in multi read/write ISO : Bad PDU format TCP : Operation not supported on Socket"
4400958,"CLI : too may items (>20) in multi read/write ISO : Bad PDU format TCP : Protocol family not supported"
4400959,"CLI : too may items (>20) in multi read/write ISO : Bad PDU format TCP : Address family not supported"
4400960,"CLI : too may items (>20) in multi read/write ISO : Bad PDU format TCP : Address already in use"
4400961,"CLI : too may items (>20) in multi read/write ISO : Bad PDU format TCP : Can't assign requested address"
4400962,"CLI : too may items (>20) in multi read/write ISO : Bad PDU format TCP : Network is down"
4400963,"CLI : too may items (>20) in multi read/write ISO : Bad PDU format TCP : Network is unreachable"
4400964,"CLI : too may items (>20) in multi read/write ISO : Bad PDU format TCP : Network dropped connection on reset"
4400965,"CLI : too may items (>20) in multi read/write ISO : Bad PDU format TCP : Software caused connection abort"
4400966,"CLI : too may items (>20) in multi read/write ISO : Bad PDU format TCP : Connection reset by peer"
4400967,"CLI : too may items (>20) in multi read/write ISO : Bad PDU format TCP : No Buffer space available"
4400968,"CLI : too may items (>20) in multi read/write ISO : Bad PDU format TCP : Socket is already connected"
4400969,"CLI : too may items (>20) in multi read/write ISO : Bad PDU format TCP : Socket is not connected"
4400970,"CLI : too may items (>20) in multi read/write ISO : Bad PDU format TCP : Can't send after Socket shutdown"
4400971,"CLI : too may items (>20) in multi read/write ISO : Bad PDU format TCP : Too many references:can't splice"
4400972,"CLI : too may items (>20) in multi read/write ISO : Bad PDU format TCP : Connection timed out"
4400973,"CLI : too may items (>20) in multi read/write ISO : Bad PDU format TCP : Connection refused"
4400974,"CLI : too may items (>20) in multi read/write ISO : Bad PDU format TCP : Too many levels of symbolic links"
4400975,"CLI : too may items (>20) in multi read/write ISO : Bad PDU format TCP : File name is too long"
4400976,"CLI : too may items (>20) in multi read/write ISO : Bad PDU format TCP : Host is down"
4400977,"CLI : too may items (>20) in multi read/write ISO : Bad PDU format TCP : Unreachable peer"
4400978,"CLI : too may items (>20) in multi read/write ISO : Bad PDU format TCP : Directory is not empty"
4400979,"CLI : too may items (>20) in multi read/write ISO : Bad PDU format TCP : Too many processes"
4400980,"CLI : too may items (>20) in multi read/write ISO : Bad PDU format TCP : Too many users"
4400981,"CLI : too may items (>20) in multi read/write ISO : Bad PDU format TCP : Disk quota exceeded"
4400982,"CLI : too may items (>20) in multi read/write ISO : Bad PDU format TCP : Stale NFS file handle"
4400983,"CLI : too may items (>20) in multi read/write ISO : Bad PDU format TCP : Too many levels of remote in path"
4401003,"CLI : too may items (>20) in multi read/write ISO : Bad PDU format TCP : Network subsystem is unusable"
4401004,"CLI : too may items (>20) in multi read/write ISO : Bad PDU format TCP : Winsock DLL cannot support this application"
4401005,"CLI : too may items (>20) in multi read/write ISO : Bad PDU format TCP : Winsock not initialized"
4401013,"CLI : too may items (>20) in multi read/write ISO : Bad PDU format TCP : Disconnect"
4401913,"CLI : too may items (>20) in multi read/write ISO : Bad PDU format TCP : Host not found"
4401914,"CLI : too may items (>20) in multi read/write ISO : Bad PDU format TCP : Non authoritative - host not found"
4401915,"CLI : too may items (>20) in multi read/write ISO : Bad PDU format TCP : Non recoverable error"
4401916,"CLI : too may items (>20) in multi read/write ISO : Bad PDU format TCP : Valid name, no data record of requested type"
4402913,"CLI : too may items (>20) in multi read/write ISO : Bad PDU format TCP : Invalid address"
4456448,"CLI : too may items (>20) in multi read/write ISO : Datasize passed to send/recv buffer is invalid"
4466452,"CLI : too may items (>20) in multi read/write ISO : Datasize passed to send/recv buffer is invalid TCP : Interrupted system call"
4466457,"CLI : too may items (>20) in multi read/write ISO : Datasize passed to send/recv buffer is invalid TCP : Bad file number"
4466461,"CLI : too may items (>20) in multi read/write ISO : Datasize passed to send/recv buffer is invalid TCP : Permission denied"
4466462,"CLI : too may items (>20) in multi read/write ISO : Datasize passed to send/recv buffer is invalid TCP : Bad address"
4466470,"CLI : too may items (>20) in multi read/write ISO : Datasize passed to send/recv buffer is invalid TCP : Invalid argument"
4466472,"CLI : too may items (>20) in multi read/write ISO : Datasize passed to send/recv buffer is invalid TCP : Too many open files"
4466483,"CLI : too may items (>20) in multi read/write ISO : Datasize passed to send/recv buffer is invalid TCP : Operation would block"
4466484,"CLI : too may items (>20) in multi read/write ISO : Datasize passed to send/recv buffer is invalid TCP : Operation now in progress"
4466485,"CLI : too may items (>20) in multi read/write ISO : Datasize passed to send/recv buffer is invalid TCP : Operation already in progress"
4466486,"CLI : too may items (>20) in multi read/write ISO : Datasize passed to send/recv buffer is invalid TCP : Socket operation on non socket"
4466487,"CLI : too may items (>20) in multi read/write ISO : Datasize passed to send/recv buffer is invalid TCP : Destination address required"
4466488,"CLI : too may items (>20) in multi read/write ISO : Datasize passed to send/recv buffer is invalid TCP : Message too long"
4466489,"CLI : too may items (>20) in multi read/write ISO : Datasize passed to send/recv buffer is invalid TCP : Protocol wrong type for Socket"
4466490,"CLI : too may items (>20) in multi read/write ISO : Datasize passed to send/recv buffer is invalid TCP : Protocol not available"
4466491,"CLI : too may items (>20) in multi read/write ISO : Datasize passed to send/recv buffer is invalid TCP : Protocol not supported"
4466492,"CLI : too may items (>20) in multi read/write ISO : Datasize passed to send/recv buffer is invalid TCP : Socket not supported"
4466493,"CLI : too may items (>20) in multi read/write ISO : Datasize passed to send/recv buffer is invalid TCP : Operation not supported on Socket"
4466494,"CLI : too may items (>20) in multi read/write ISO : Datasize passed to send/recv buffer is invalid TCP : Protocol family not supported"
4466495,"CLI : too may items (>20) in multi read/write ISO : Datasize passed to send/recv buffer is invalid TCP : Address family not supported"
4466496,"CLI : too may items (>20) in multi read/write ISO : Datasize passed to send/recv buffer is invalid TCP : Address already in use"
4466497,"CLI : too may items (>20) in multi read/write ISO : Datasize passed to send/recv buffer is invalid TCP : Can't assign requested address"
4466498,"CLI : too may items (>20) in multi read/write ISO : Datasize passed to send/recv buffer is invalid TCP : Network is down"
4466499,"CLI : too may items (>20) in multi read/write ISO : Datasize passed to send/recv buffer is invalid TCP : Network is unreachable"
4466500,"CLI : too may items (>20) in multi read/write ISO : Datasize passed to send/recv buffer is invalid TCP : Network dropped connection on reset"
4466501,"CLI : too may items (>20) in multi read/write ISO : Datasize passed to send/recv buffer is invalid TCP : Software caused connection abort"
4466502,"CLI : too may items (>20) in multi read/write ISO : Datasize passed to send/recv buffer is invalid TCP : Connection reset by peer"
4466503,"CLI : too may items (>20) in multi read/write ISO : Datasize passed to send/recv buffer is invalid TCP : No Buffer space available"
4466504,"CLI : too may items (>20) in multi read/write ISO : Datasize passed to send/recv buffer is invalid TCP : Socket is already connected"
4466505,"CLI : too may items (>20) in multi read/write ISO : Datasize passed to send/recv buffer is invalid TCP : Socket is not connected"
4466506,"CLI : too may items (>20) in multi read/write ISO : Datasize passed to send/recv buffer is invalid TCP : Can't send after Socket shutdown"
4466507,"CLI : too may items (>20) in multi read/write ISO : Datasize passed to send/recv buffer is invalid TCP : Too many references:can't splice"
4466508,"CLI : too may items (>20) in multi read/write ISO : Datasize passed to send/recv buffer is invalid TCP : Connection timed out"
4466509,"CLI : too may items (>20) in multi read/write ISO : Datasize passed to send/recv buffer is invalid TCP : Connection refused"
4466510,"CLI : too may items (>20) in multi read/write ISO : Datasize passed to send/recv buffer is invalid TCP : Too many levels of symbolic links"
4466511,"CLI : too may items (>20) in multi read/write ISO : Datasize passed to send/recv buffer is invalid TCP : File name is too long"
4466512,"CLI : too may items (>20) in multi read/write ISO : Datasize passed to send/recv buffer is invalid TCP : Host is down"
4466513,"CLI : too may items (>20) in multi read/write ISO : Datasize passed to send/recv buffer is invalid TCP : Unreachable peer"
4466514,"CLI : too may items (>20) in multi read/write ISO : Datasize passed to send/recv buffer is invalid TCP : Directory is not empty"
4466515,"CLI : too may items (>20) in multi read/write ISO : Datasize passed to send/recv buffer is invalid TCP : Too many processes"
4466516,"CLI : too may items (>20) in multi read/write ISO : Datasize passed to send/recv buffer is invalid TCP : Too many users"
4466517,"CLI : too may items (>20) in multi read/write ISO : Datasize passed to send/recv buffer is invalid TCP : Disk quota exceeded"
4466518,"CLI : too may items (>20) in multi read/write ISO : Datasize passed to send/recv buffer is invalid TCP : Stale NFS file handle"
4466519,"CLI : too may items (>20) in multi read/write ISO : Datasize passed to send/recv buffer is invalid TCP : Too many levels of remote in path"
4466539,"CLI : too may items (>20) in multi read/write ISO : Datasize passed to send/recv buffer is invalid TCP : Network subsystem is unusable"
4466540,"CLI : too may items (>20) in multi read/write ISO : Datasize passed to send/recv buffer is invalid TCP : Winsock DLL cannot support this application"
4466541,"CLI : too may items (>20) in multi read/write ISO : Datasize passed to send/recv buffer is invalid TCP : Winsock not initialized"
4466549,"CLI : too may items (>20) in multi read/write ISO : Datasize passed to send/recv buffer is invalid TCP : Disconnect"
4467449,"CLI : too may items (>20) in multi read/write ISO : Datasize passed to send/recv buffer is invalid TCP : Host not found"
4467450,"CLI : too may items (>20) in multi read/write ISO : Datasize passed to send/recv buffer is invalid TCP : Non authoritative - host not found"
4467451,"CLI : too may items (>20) in multi read/write ISO : Datasize passed to send/recv buffer is invalid TCP : Non recoverable error"
4467452,"CLI : too may items (>20) in multi read/write ISO : Datasize passed to send/recv buffer is invalid TCP : Valid name, no data record of requested type"
4468449,"CLI : too may items (>20) in multi read/write ISO : Datasize passed to send/recv buffer is invalid TCP : Invalid address"
4521984,"CLI : too may items (>20) in multi read/write ISO : Null passed as pointer"
4531988,"CLI : too may items (>20) in multi read/write ISO : Null passed as pointer TCP : Interrupted system call"
4531993,"CLI : too may items (>20) in multi read/write ISO : Null passed as pointer TCP : Bad file number"
4531997,"CLI : too may items (>20) in multi read/write ISO : Null passed as pointer TCP : Permission denied"
4531998,"CLI : too may items (>20) in multi read/write ISO : Null passed as pointer TCP : Bad address"
4532006,"CLI : too may items (>20) in multi read/write ISO : Null passed as pointer TCP : Invalid argument"
4532008,"CLI : too may items (>20) in multi read/write ISO : Null passed as pointer TCP : Too many open files"
4532019,"CLI : too may items (>20) in multi read/write ISO : Null passed as pointer TCP : Operation would block"
4532020,"CLI : too may items (>20) in multi read/write ISO : Null passed as pointer TCP : Operation now in progress"
4532021,"CLI : too may items (>20) in multi read/write ISO : Null passed as pointer TCP : Operation already in progress"
4532022,"CLI : too may items (>20) in multi read/write ISO : Null passed as pointer TCP : Socket operation on non socket"
4532023,"CLI : too may items (>20) in multi read/write ISO : Null passed as pointer TCP : Destination address required"
4532024,"CLI : too may items (>20) in multi read/write ISO : Null passed as pointer TCP : Message too long"
4532025,"CLI : too may items (>20) in multi read/write ISO : Null passed as pointer TCP : Protocol wrong type for Socket"
4532026,"CLI : too may items (>20) in multi read/write ISO : Null passed as pointer TCP : Protocol not available"
4532027,"CLI : too may items (>20) in multi read/write ISO : Null passed as pointer TCP : Protocol not supported"
4532028,"CLI : too may items (>20) in multi read/write ISO : Null passed as pointer TCP : Socket not supported"
4532029,"CLI : too may items (>20) in multi read/write ISO : Null passed as pointer TCP : Operation not supported on Socket"
4532030,"CLI : too may items (>20) in multi read/write ISO : Null passed as pointer TCP : Protocol family not supported"
4532031,"CLI : too may items (>20) in multi read/write ISO : Null passed as pointer TCP : Address family not supported"
4532032,"CLI : too may items (>20) in multi read/write ISO : Null passed as pointer TCP : Address already in use"
4532033,"CLI : too may items (>20) in multi read/write ISO : Null passed as pointer TCP : Can't assign requested address"
4532034,"CLI : too may items (>20) in multi read/write ISO : Null passed as pointer TCP : Network is down"
4532035,"CLI : too may items (>20) in multi read/write ISO : Null passed as pointer TCP : Network is unreachable"
4532036,"CLI : too may items (>20) in multi read/write ISO : Null passed as pointer TCP : Network dropped connection on reset"
4532037,"CLI : too may items (>20) in multi read/write ISO : Null passed as pointer TCP : Software caused connection abort"
4532038,"CLI : too may items (>20) in multi read/write ISO : Null passed as pointer TCP : Connection reset by peer"
4532039,"CLI : too may items (>20) in multi read/write ISO : Null passed as pointer TCP : No Buffer space available"
4532040,"CLI : too may items (>20) in multi read/write ISO : Null passed as pointer TCP : Socket is already connected"
4532041,"CLI : too may items (>20) in multi read/write ISO : Null passed as pointer TCP : Socket is not connected"
4532042,"CLI : too may items (>20) in multi read/write ISO : Null passed as pointer TCP : Can't send after Socket shutdown"
4532043,"CLI : too may items (>20) in multi read/write ISO : Null passed as pointer TCP : Too many references:can't splice"
4532044,"CLI : too may items (>20) in multi read/write ISO : Null passed as pointer TCP : Connection timed out"
4532045,"CLI : too may items (>20) in multi read/write ISO : Null passed as pointer TCP : Connection refused"
4532046,"CLI : too may items (>20) in multi read/write ISO : Null passed as pointer TCP : Too many levels of symbolic links"
4532047,"CLI : too may items (>20) in multi read/write ISO : Null passed as pointer TCP : File name is too long"
4532048,"CLI : too may items (>20) in multi read/write ISO : Null passed as pointer TCP : Host is down"
4532049,"CLI : too may items (>20) in multi read/write ISO : Null passed as pointer TCP : Unreachable peer"
4532050,"CLI : too may items (>20) in multi read/write ISO : Null passed as pointer TCP : Directory is not empty"
4532051,"CLI : too may items (>20) in multi read/write ISO : Null passed as pointer TCP : Too many processes"
4532052,"CLI : too may items (>20) in multi read/write ISO : Null passed as pointer TCP : Too many users"
4532053,"CLI : too may items (>20) in multi read/write ISO : Null passed as pointer TCP : Disk quota exceeded"
4532054,"CLI : too may items (>20) in multi read/write ISO : Null passed as pointer TCP : Stale NFS file handle"
4532055,"CLI : too may items (>20) in multi read/write ISO : Null passed as pointer TCP : Too many levels of remote in path"
4532075,"CLI : too may items (>20) in multi read/write ISO : Null passed as pointer TCP : Network subsystem is unusable"
4532076,"CLI : too may items (>20) in multi read/write ISO : Null passed as pointer TCP : Winsock DLL cannot support this application"
4532077,"CLI : too may items (>20) in multi read/write ISO : Null passed as pointer TCP : Winsock not initialized"
4532085,"CLI : too may items (>20) in multi read/write ISO : Null passed as pointer TCP : Disconnect"
4532985,"CLI : too may items (>20) in multi read/write ISO : Null passed as pointer TCP : Host not found"
4532986,"CLI : too may items (>20) in multi read/write ISO : Null passed as pointer TCP : Non authoritative - host not found"
4532987,"CLI : too may items (>20) in multi read/write ISO : Null passed as pointer TCP : Non recoverable error"
4532988,"CLI : too may items (>20) in multi read/write ISO : Null passed as pointer TCP : Valid name, no data record of requested type"
4533985,"CLI : too may items (>20) in multi read/write ISO : Null passed as pointer TCP : Invalid address"
4587520,"CLI : too may items (>20) in multi read/write ISO : A short packet received"
4597524,"CLI : too may items (>20) in multi read/write ISO : A short packet received TCP : Interrupted system call"
4597529,"CLI : too may items (>20) in multi read/write ISO : A short packet received TCP : Bad file number"
4597533,"CLI : too may items (>20) in multi read/write ISO : A short packet received TCP : Permission denied"
4597534,"CLI : too may items (>20) in multi read/write ISO : A short packet received TCP : Bad address"
4597542,"CLI : too may items (>20) in multi read/write ISO : A short packet received TCP : Invalid argument"
4597544,"CLI : too may items (>20) in multi read/write ISO : A short packet received TCP : Too many open files"
4597555,"CLI : too may items (>20) in multi read/write ISO : A short packet received TCP : Operation would block"
4597556,"CLI : too may items (>20) in multi read/write ISO : A short packet received TCP : Operation now in progress"
4597557,"CLI : too may items (>20) in multi read/write ISO : A short packet received TCP : Operation already in progress"
4597558,"CLI : too may items (>20) in multi read/write ISO : A short packet received TCP : Socket operation on non socket"
4597559,"CLI : too may items (>20) in multi read/write ISO : A short packet received TCP : Destination address required"
4597560,"CLI : too may items (>20) in multi read/write ISO : A short packet received TCP : Message too long"
4597561,"CLI : too may items (>20) in multi read/write ISO : A short packet received TCP : Protocol wrong type for Socket"
4597562,"CLI : too may items (>20) in multi read/write ISO : A short packet received TCP : Protocol not available"
4597563,"CLI : too may items (>20) in multi read/write ISO : A short packet received TCP : Protocol not supported"
4597564,"CLI : too may items (>20) in multi read/write ISO : A short packet received TCP : Socket not supported"
4597565,"CLI : too may items (>20) in multi read/write ISO : A short packet received TCP : Operation not supported on Socket"
4597566,"CLI : too may items (>20) in multi read/write ISO : A short packet received TCP : Protocol family not supported"
4597567,"CLI : too may items (>20) in multi read/write ISO : A short packet received TCP : Address family not supported"
4597568,"CLI : too may items (>20) in multi read/write ISO : A short packet received TCP : Address already in use"
4597569,"CLI : too may items (>20) in multi read/write ISO : A short packet received TCP : Can't assign requested address"
4597570,"CLI : too may items (>20) in multi read/write ISO : A short packet received TCP : Network is down"
4597571,"CLI : too may items (>20) in multi read/write ISO : A short packet received TCP : Network is unreachable"
4597572,"CLI : too may items (>20) in multi read/write ISO : A short packet received TCP : Network dropped connection on reset"
4597573,"CLI : too may items (>20) in multi read/write ISO : A short packet received TCP : Software caused connection abort"
4597574,"CLI : too may items (>20) in multi read/write ISO : A short packet received TCP : Connection reset by peer"
4597575,"CLI : too may items (>20) in multi read/write ISO : A short packet received TCP : No Buffer space available"
4597576,"CLI : too may items (>20) in multi read/write ISO : A short packet received TCP : Socket is already connected"
4597577,"CLI : too may items (>20) in multi read/write ISO : A short packet received TCP : Socket is not connected"
4597578,"CLI : too may items (>20) in multi read/write ISO : A short packet received TCP : Can't send after Socket shutdown"
4597579,"CLI : too may items (>20) in multi read/write ISO : A short packet received TCP : Too many references:can't splice"
4597580,"CLI : too may items (>20) in multi read/write ISO : A short packet received TCP : Connection timed out"
4597581,"CLI : too may items (>20) in multi read/write ISO : A short packet received TCP : Connection refused"
4597582,"CLI : too may items (>20) in multi read/write ISO : A short packet received TCP : Too many levels of symbolic links"
4597583,"CLI : too may items (>20) in multi read/write ISO : A short packet received TCP : File name is too long"
4597584,"CLI : too may items (>20) in multi read/write ISO : A short packet received TCP : Host is down"
4597585,"CLI : too may items (>20) in multi read/write ISO : A short packet received TCP : Unreachable peer"
4597586,"CLI : too may items (>20) in multi read/write ISO : A short packet received TCP : Directory is not empty"
4597587,"CLI : too may items (>20) in multi read/write ISO : A short packet received TCP : Too many processes"
4597588,"CLI : too may items (>20) in multi read/write ISO : A short packet received TCP : Too many users"
4597589,"CLI : too may items (>20) in multi read/write ISO : A short packet received TCP : Disk quota exceeded"
4597590,"CLI : too may items (>20) in multi read/write ISO : A short packet received TCP : Stale NFS file handle"
4597591,"CLI : too may items (>20) in multi read/write ISO : A short packet received TCP : Too many levels of remote in path"
4597611,"CLI : too may items (>20) in multi read/write ISO : A short packet received TCP : Network subsystem is unusable"
4597612,"CLI : too may items (>20) in multi read/write ISO : A short packet received TCP : Winsock DLL cannot support this application"
4597613,"CLI : too may items (>20) in multi read/write ISO : A short packet received TCP : Winsock not initialized"
4597621,"CLI : too may items (>20) in multi read/write ISO : A short packet received TCP : Disconnect"
4598521,"CLI : too may items (>20) in multi read/write ISO : A short packet received TCP : Host not found"
4598522,"CLI : too may items (>20) in multi read/write ISO : A short packet received TCP : Non authoritative - host not found"
4598523,"CLI : too may items (>20) in multi read/write ISO : A short packet received TCP : Non recoverable error"
4598524,"CLI : too may items (>20) in multi read/write ISO : A short packet received TCP : Valid name, no data record of requested type"
4599521,"CLI : too may items (>20) in multi read/write ISO : A short packet received TCP : Invalid address"
4653056,"CLI : too may items (>20) in multi read/write ISO : Too many packets without EoT flag"
4663060,"CLI : too may items (>20) in multi read/write ISO : Too many packets without EoT flag TCP : Interrupted system call"
4663065,"CLI : too may items (>20) in multi read/write ISO : Too many packets without EoT flag TCP : Bad file number"
4663069,"CLI : too may items (>20) in multi read/write ISO : Too many packets without EoT flag TCP : Permission denied"
4663070,"CLI : too may items (>20) in multi read/write ISO : Too many packets without EoT flag TCP : Bad address"
4663078,"CLI : too may items (>20) in multi read/write ISO : Too many packets without EoT flag TCP : Invalid argument"
4663080,"CLI : too may items (>20) in multi read/write ISO : Too many packets without EoT flag TCP : Too many open files"
4663091,"CLI : too may items (>20) in multi read/write ISO : Too many packets without EoT flag TCP : Operation would block"
4663092,"CLI : too may items (>20) in multi read/write ISO : Too many packets without EoT flag TCP : Operation now in progress"
4663093,"CLI : too may items (>20) in multi read/write ISO : Too many packets without EoT flag TCP : Operation already in progress"
4663094,"CLI : too may items (>20) in multi read/write ISO : Too many packets without EoT flag TCP : Socket operation on non socket"
4663095,"CLI : too may items (>20) in multi read/write ISO : Too many packets without EoT flag TCP : Destination address required"
4663096,"CLI : too may items (>20) in multi read/write ISO : Too many packets without EoT flag TCP : Message too long"
4663097,"CLI : too may items (>20) in multi read/write ISO : Too many packets without EoT flag TCP : Protocol wrong type for Socket"
4663098,"CLI : too may items (>20) in multi read/write ISO : Too many packets without EoT flag TCP : Protocol not available"
4663099,"CLI : too may items (>20) in multi read/write ISO : Too many packets without EoT flag TCP : Protocol not supported"
4663100,"CLI : too may items (>20) in multi read/write ISO : Too many packets without EoT flag TCP : Socket not supported"
4663101,"CLI : too may items (>20) in multi read/write ISO : Too many packets without EoT flag TCP : Operation not supported on Socket"
4663102,"CLI : too may items (>20) in multi read/write ISO : Too many packets without EoT flag TCP : Protocol family not supported"
4663103,"CLI : too may items (>20) in multi read/write ISO : Too many packets without EoT flag TCP : Address family not supported"
4663104,"CLI : too may items (>20) in multi read/write ISO : Too many packets without EoT flag TCP : Address already in use"
4663105,"CLI : too may items (>20) in multi read/write ISO : Too many packets without EoT flag TCP : Can't assign requested address"
4663106,"CLI : too may items (>20) in multi read/write ISO : Too many packets without EoT flag TCP : Network is down"
4663107,"CLI : too may items (>20) in multi read/write ISO : Too many packets without EoT flag TCP : Network is unreachable"
4663108,"CLI : too may items (>20) in multi read/write ISO : Too many packets without EoT flag TCP : Network dropped connection on reset"
4663109,"CLI : too may items (>20) in multi read/write ISO : Too many packets without EoT flag TCP : Software caused connection abort"
4663110,"CLI : too may items (>20) in multi read/write ISO : Too many packets without EoT flag TCP : Connection reset by peer"
4663111,"CLI : too may items (>20) in multi read/write ISO : Too many packets without EoT flag TCP : No Buffer space available"
4663112,"CLI : too may items (>20) in multi read/write ISO : Too many packets without EoT flag TCP : Socket is already connected"
4663113,"CLI : too may items (>20) in multi read/write ISO : Too many packets without EoT flag TCP : Socket is not connected"
4663114,"CLI : too may items (>20) in multi read/write ISO : Too many packets without EoT flag TCP : Can't send after Socket shutdown"
4663115,"CLI : too may items (>20) in multi read/write ISO : Too many packets without EoT flag TCP : Too many references:can't splice"
4663116,"CLI : too may items (>20) in multi read/write ISO : Too many packets without EoT flag TCP : Connection timed out"
4663117,"CLI : too may items (>20) in multi read/write ISO : Too many packets without EoT flag TCP : Connection refused"
4663118,"CLI : too may items (>20) in multi read/write ISO : Too many packets without EoT flag TCP : Too many levels of symbolic links"
4663119,"CLI : too may items (>20) in multi read/write ISO : Too many packets without EoT flag TCP : File name is too long"
4663120,"CLI : too may items (>20) in multi read/write ISO : Too many packets without EoT flag TCP : Host is down"
4663121,"CLI : too may items (>20) in multi read/write ISO : Too many packets without EoT flag TCP : Unreachable peer"
4663122,"CLI : too may items (>20) in multi read/write ISO : Too many packets without EoT flag TCP : Directory is not empty"
4663123,"CLI : too may items (>20) in multi read/write ISO : Too many packets without EoT flag TCP : Too many processes"
4663124,"CLI : too may items (>20) in multi read/write ISO : Too many packets without EoT flag TCP : Too many users"
4663125,"CLI : too may items (>20) in multi read/write ISO : Too many packets without EoT flag TCP : Disk quota exceeded"
4663126,"CLI : too may items (>20) in multi read/write ISO : Too many packets without EoT flag TCP : Stale NFS file handle"
4663127,"CLI : too may items (>20) in multi read/write ISO : Too many packets without EoT flag TCP : Too many levels of remote in path"
4663147,"CLI : too may items (>20) in multi read/write ISO : Too many packets without EoT flag TCP : Network subsystem is unusable"
4663148,"CLI : too may items (>20) in multi read/write ISO : Too many packets without EoT flag TCP : Winsock DLL cannot support this application"
4663149,"CLI : too may items (>20) in multi read/write ISO : Too many packets without EoT flag TCP : Winsock not initialized"
4663157,"CLI : too may items (>20) in multi read/write ISO : Too many packets without EoT flag TCP : Disconnect"
4664057,"CLI : too may items (>20) in multi read/write ISO : Too many packets without EoT flag TCP : Host not found"
4664058,"CLI : too may items (>20) in multi read/write ISO : Too many packets without EoT flag TCP : Non authoritative - host not found"
4664059,"CLI : too may items (>20) in multi read/write ISO : Too many packets without EoT flag TCP : Non recoverable error"
4664060,"CLI : too may items (>20) in multi read/write ISO : Too many packets without EoT flag TCP : Valid name, no data record of requested type"
4665057,"CLI : too may items (>20) in multi read/write ISO : Too many packets without EoT flag TCP : Invalid address"
4718592,"CLI : too may items (>20) in multi read/write ISO : The sum of fragments data exceded maximum packet size"
4728596,"CLI : too may items (>20) in multi read/write ISO : The sum of fragments data exceded maximum packet size TCP : Interrupted system call"
4728601,"CLI : too may items (>20) in multi read/write ISO : The sum of fragments data exceded maximum packet size TCP : Bad file number"
4728605,"CLI : too may items (>20) in multi read/write ISO : The sum of fragments data exceded maximum packet size TCP : Permission denied"
4728606,"CLI : too may items (>20) in multi read/write ISO : The sum of fragments data exceded maximum packet size TCP : Bad address"
4728614,"CLI : too may items (>20) in multi read/write ISO : The sum of fragments data exceded maximum packet size TCP : Invalid argument"
4728616,"CLI : too may items (>20) in multi read/write ISO : The sum of fragments data exceded maximum packet size TCP : Too many open files"
4728627,"CLI : too may items (>20) in multi read/write ISO : The sum of fragments data exceded maximum packet size TCP : Operation would block"
4728628,"CLI : too may items (>20) in multi read/write ISO : The sum of fragments data exceded maximum packet size TCP : Operation now in progress"
4728629,"CLI : too may items (>20) in multi read/write ISO : The sum of fragments data exceded maximum packet size TCP : Operation already in progress"
4728630,"CLI : too may items (>20) in multi read/write ISO : The sum of fragments data exceded maximum packet size TCP : Socket operation on non socket"
4728631,"CLI : too may items (>20) in multi read/write ISO : The sum of fragments data exceded maximum packet size TCP : Destination address required"
4728632,"CLI : too may items (>20) in multi read/write ISO : The sum of fragments data exceded maximum packet size TCP : Message too long"
4728633,"CLI : too may items (>20) in multi read/write ISO : The sum of fragments data exceded maximum packet size TCP : Protocol wrong type for Socket"
4728634,"CLI : too may items (>20) in multi read/write ISO : The sum of fragments data exceded maximum packet size TCP : Protocol not available"
4728635,"CLI : too may items (>20) in multi read/write ISO : The sum of fragments data exceded maximum packet size TCP : Protocol not supported"
4728636,"CLI : too may items (>20) in multi read/write ISO : The sum of fragments data exceded maximum packet size TCP : Socket not supported"
4728637,"CLI : too may items (>20) in multi read/write ISO : The sum of fragments data exceded maximum packet size TCP : Operation not supported on Socket"
4728638,"CLI : too may items (>20) in multi read/write ISO : The sum of fragments data exceded maximum packet size TCP : Protocol family not supported"
4728639,"CLI : too may items (>20) in multi read/write ISO : The sum of fragments data exceded maximum packet size TCP : Address family not supported"
4728640,"CLI : too may items (>20) in multi read/write ISO : The sum of fragments data exceded maximum packet size TCP : Address already in use"
4728641,"CLI : too may items (>20) in multi read/write ISO : The sum of fragments data exceded maximum packet size TCP : Can't assign requested address"
4728642,"CLI : too may items (>20) in multi read/write ISO : The sum of fragments data exceded maximum packet size TCP : Network is down"
4728643,"CLI : too may items (>20) in multi read/write ISO : The sum of fragments data exceded maximum packet size TCP : Network is unreachable"
4728644,"CLI : too may items (>20) in multi read/write ISO : The sum of fragments data exceded maximum packet size TCP : Network dropped connection on reset"
4728645,"CLI : too may items (>20) in multi read/write ISO : The sum of fragments data exceded maximum packet size TCP : Software caused connection abort"
4728646,"CLI : too may items (>20) in multi read/write ISO : The sum of fragments data exceded maximum packet size TCP : Connection reset by peer"
4728647,"CLI : too may items (>20) in multi read/write ISO : The sum of fragments data exceded maximum packet size TCP : No Buffer space available"
4728648,"CLI : too may items (>20) in multi read/write ISO : The sum of fragments data exceded maximum packet size TCP : Socket is already connected"
4728649,"CLI : too may items (>20) in multi read/write ISO : The sum of fragments data exceded maximum packet size TCP : Socket is not connected"
4728650,"CLI : too may items (>20) in multi read/write ISO : The sum of fragments data exceded maximum packet size TCP : Can't send after Socket shutdown"
4728651,"CLI : too may items (>20) in multi read/write ISO : The sum of fragments data exceded maximum packet size TCP : Too many references:can't splice"
4728652,"CLI : too may items (>20) in multi read/write ISO : The sum of fragments data exceded maximum packet size TCP : Connection timed out"
4728653,"CLI : too may items (>20) in multi read/write ISO : The sum of fragments data exceded maximum packet size TCP : Connection refused"
4728654,"CLI : too may items (>20) in multi read/write ISO : The sum of fragments data exceded maximum packet size TCP : Too many levels of symbolic links"
4728655,"CLI : too may items (>20) in multi read/write ISO : The sum of fragments data exceded maximum packet size TCP : File name is too long"
4728656,"CLI : too may items (>20) in multi read/write ISO : The sum of fragments data exceded maximum packet size TCP : Host is down"
4728657,"CLI : too may items (>20) in multi read/write ISO : The sum of fragments data exceded maximum packet size TCP : Unreachable peer"
4728658,"CLI : too may items (>20) in multi read/write ISO : The sum of fragments data exceded maximum packet size TCP : Directory is not empty"
4728659,"CLI : too may items (>20) in multi read/write ISO : The sum of fragments data exceded maximum packet size TCP : Too many processes"
4728660,"CLI : too may items (>20) in multi read/write ISO : The sum of fragments data exceded maximum packet size TCP : Too many users"
4728661,"CLI : too may items (>20) in multi read/write ISO : The sum of fragments data exceded maximum packet size TCP : Disk quota exceeded"
4728662,"CLI : too may items (>20) in multi read/write ISO : The sum of fragments data exceded maximum packet size TCP : Stale NFS file handle"
4728663,"CLI : too may items (>20) in multi read/write ISO : The sum of fragments data exceded maximum packet size TCP : Too many levels of remote in path"
4728683,"CLI : too may items (>20) in multi read/write ISO : The sum of fragments data exceded maximum packet size TCP : Network subsystem is unusable"
4728684,"CLI : too may items (>20) in multi read/write ISO : The sum of fragments data exceded maximum packet size TCP : Winsock DLL cannot support this application"
4728685,"CLI : too may items (>20) in multi read/write ISO : The sum of fragments data exceded maximum packet size TCP : Winsock not initialized"
4728693,"CLI : too may items (>20) in multi read/write ISO : The sum of fragments data exceded maximum packet size TCP : Disconnect"
4729593,"CLI : too may items (>20) in multi read/write ISO : The sum of fragments data exceded maximum packet size TCP : Host not found"
4729594,"CLI : too may items (>20) in multi read/write ISO : The sum of fragments data exceded maximum packet size TCP : Non authoritative - host not found"
4729595,"CLI : too may items (>20) in multi read/write ISO : The sum of fragments data exceded maximum packet size TCP : Non recoverable error"
4729596,"CLI : too may items (>20) in multi read/write ISO : The sum of fragments data exceded maximum packet size TCP : Valid name, no data record of requested type"
4730593,"CLI : too may items (>20) in multi read/write ISO : The sum of fragments data exceded maximum packet size TCP : Invalid address"
4784128,"CLI : too may items (>20) in multi read/write ISO : An error occurred during send"
4794132,"CLI : too may items (>20) in multi read/write ISO : An error occurred during send TCP : Interrupted system call"
4794137,"CLI : too may items (>20) in multi read/write ISO : An error occurred during send TCP : Bad file number"
4794141,"CLI : too may items (>20) in multi read/write ISO : An error occurred during send TCP : Permission denied"
4794142,"CLI : too may items (>20) in multi read/write ISO : An error occurred during send TCP : Bad address"
4794150,"CLI : too may items (>20) in multi read/write ISO : An error occurred during send TCP : Invalid argument"
4794152,"CLI : too may items (>20) in multi read/write ISO : An error occurred during send TCP : Too many open files"
4794163,"CLI : too may items (>20) in multi read/write ISO : An error occurred during send TCP : Operation would block"
4794164,"CLI : too may items (>20) in multi read/write ISO : An error occurred during send TCP : Operation now in progress"
4794165,"CLI : too may items (>20) in multi read/write ISO : An error occurred during send TCP : Operation already in progress"
4794166,"CLI : too may items (>20) in multi read/write ISO : An error occurred during send TCP : Socket operation on non socket"
4794167,"CLI : too may items (>20) in multi read/write ISO : An error occurred during send TCP : Destination address required"
4794168,"CLI : too may items (>20) in multi read/write ISO : An error occurred during send TCP : Message too long"
4794169,"CLI : too may items (>20) in multi read/write ISO : An error occurred during send TCP : Protocol wrong type for Socket"
4794170,"CLI : too may items (>20) in multi read/write ISO : An error occurred during send TCP : Protocol not available"
4794171,"CLI : too may items (>20) in multi read/write ISO : An error occurred during send TCP : Protocol not supported"
4794172,"CLI : too may items (>20) in multi read/write ISO : An error occurred during send TCP : Socket not supported"
4794173,"CLI : too may items (>20) in multi read/write ISO : An error occurred during send TCP : Operation not supported on Socket"
4794174,"CLI : too may items (>20) in multi read/write ISO : An error occurred during send TCP : Protocol family not supported"
4794175,"CLI : too may items (>20) in multi read/write ISO : An error occurred during send TCP : Address family not supported"
4794176,"CLI : too may items (>20) in multi read/write ISO : An error occurred during send TCP : Address already in use"
4794177,"CLI : too may items (>20) in multi read/write ISO : An error occurred during send TCP : Can't assign requested address"
4794178,"CLI : too may items (>20) in multi read/write ISO : An error occurred during send TCP : Network is down"
4794179,"CLI : too may items (>20) in multi read/write ISO : An error occurred during send TCP : Network is unreachable"
4794180,"CLI : too may items (>20) in multi read/write ISO : An error occurred during send TCP : Network dropped connection on reset"
4794181,"CLI : too may items (>20) in multi read/write ISO : An error occurred during send TCP : Software caused connection abort"
4794182,"CLI : too may items (>20) in multi read/write ISO : An error occurred during send TCP : Connection reset by peer"
4794183,"CLI : too may items (>20) in multi read/write ISO : An error occurred during send TCP : No Buffer space available"
4794184,"CLI : too may items (>20) in multi read/write ISO : An error occurred during send TCP : Socket is already connected"
4794185,"CLI : too may items (>20) in multi read/write ISO : An error occurred during send TCP : Socket is not connected"
4794186,"CLI : too may items (>20) in multi read/write ISO : An error occurred during send TCP : Can't send after Socket shutdown"
4794187,"CLI : too may items (>20) in multi read/write ISO : An error occurred during send TCP : Too many references:can't splice"
4794188,"CLI : too may items (>20) in multi read/write ISO : An error occurred during send TCP : Connection timed out"
4794189,"CLI : too may items (>20) in multi read/write ISO : An error occurred during send TCP : Connection refused"
4794190,"CLI : too may items (>20) in multi read/write ISO : An error occurred during send TCP : Too many levels of symbolic links"
4794191,"CLI : too may items (>20) in multi read/write ISO : An error occurred during send TCP : File name is too long"
4794192,"CLI : too may items (>20) in multi read/write ISO : An error occurred during send TCP : Host is down"
4794193,"CLI : too may items (>20) in multi read/write ISO : An error occurred during send TCP : Unreachable peer"
4794194,"CLI : too may items (>20) in multi read/write ISO : An error occurred during send TCP : Directory is not empty"
4794195,"CLI : too may items (>20) in multi read/write ISO : An error occurred during send TCP : Too many processes"
4794196,"CLI : too may items (>20) in multi read/write ISO : An error occurred during send TCP : Too many users"
4794197,"CLI : too may items (>20) in multi read/write ISO : An error occurred during send TCP : Disk quota exceeded"
4794198,"CLI : too may items (>20) in multi read/write ISO : An error occurred during send TCP : Stale NFS file handle"
4794199,"CLI : too may items (>20) in multi read/write ISO : An error occurred during send TCP : Too many levels of remote in path"
4794219,"CLI : too may items (>20) in multi read/write ISO : An error occurred during send TCP : Network subsystem is unusable"
4794220,"CLI : too may items (>20) in multi read/write ISO : An error occurred during send TCP : Winsock DLL cannot support this application"
4794221,"CLI : too may items (>20) in multi read/write ISO : An error occurred during send TCP : Winsock not initialized"
4794229,"CLI : too may items (>20) in multi read/write ISO : An error occurred during send TCP : Disconnect"
4795129,"CLI : too may items (>20) in multi read/write ISO : An error occurred during send TCP : Host not found"
4795130,"CLI : too may items (>20) in multi read/write ISO : An error occurred during send TCP : Non authoritative - host not found"
4795131,"CLI : too may items (>20) in multi read/write ISO : An error occurred during send TCP : Non recoverable error"
4795132,"CLI : too may items (>20) in multi read/write ISO : An error occurred during send TCP : Valid name, no data record of requested type"
4796129,"CLI : too may items (>20) in multi read/write ISO : An error occurred during send TCP : Invalid address"
4849664,"CLI : too may items (>20) in multi read/write ISO : An error occurred during recv"
4859668,"CLI : too may items (>20) in multi read/write ISO : An error occurred during recv TCP : Interrupted system call"
4859673,"CLI : too may items (>20) in multi read/write ISO : An error occurred during recv TCP : Bad file number"
4859677,"CLI : too may items (>20) in multi read/write ISO : An error occurred during recv TCP : Permission denied"
4859678,"CLI : too may items (>20) in multi read/write ISO : An error occurred during recv TCP : Bad address"
4859686,"CLI : too may items (>20) in multi read/write ISO : An error occurred during recv TCP : Invalid argument"
4859688,"CLI : too may items (>20) in multi read/write ISO : An error occurred during recv TCP : Too many open files"
4859699,"CLI : too may items (>20) in multi read/write ISO : An error occurred during recv TCP : Operation would block"
4859700,"CLI : too may items (>20) in multi read/write ISO : An error occurred during recv TCP : Operation now in progress"
4859701,"CLI : too may items (>20) in multi read/write ISO : An error occurred during recv TCP : Operation already in progress"
4859702,"CLI : too may items (>20) in multi read/write ISO : An error occurred during recv TCP : Socket operation on non socket"
4859703,"CLI : too may items (>20) in multi read/write ISO : An error occurred during recv TCP : Destination address required"
4859704,"CLI : too may items (>20) in multi read/write ISO : An error occurred during recv TCP : Message too long"
4859705,"CLI : too may items (>20) in multi read/write ISO : An error occurred during recv TCP : Protocol wrong type for Socket"
4859706,"CLI : too may items (>20) in multi read/write ISO : An error occurred during recv TCP : Protocol not available"
4859707,"CLI : too may items (>20) in multi read/write ISO : An error occurred during recv TCP : Protocol not supported"
4859708,"CLI : too may items (>20) in multi read/write ISO : An error occurred during recv TCP : Socket not supported"
4859709,"CLI : too may items (>20) in multi read/write ISO : An error occurred during recv TCP : Operation not supported on Socket"
4859710,"CLI : too may items (>20) in multi read/write ISO : An error occurred during recv TCP : Protocol family not supported"
4859711,"CLI : too may items (>20) in multi read/write ISO : An error occurred during recv TCP : Address family not supported"
4859712,"CLI : too may items (>20) in multi read/write ISO : An error occurred during recv TCP : Address already in use"
4859713,"CLI : too may items (>20) in multi read/write ISO : An error occurred during recv TCP : Can't assign requested address"
4859714,"CLI : too may items (>20) in multi read/write ISO : An error occurred during recv TCP : Network is down"
4859715,"CLI : too may items (>20) in multi read/write ISO : An error occurred during recv TCP : Network is unreachable"
4859716,"CLI : too may items (>20) in multi read/write ISO : An error occurred during recv TCP : Network dropped connection on reset"
4859717,"CLI : too may items (>20) in multi read/write ISO : An error occurred during recv TCP : Software caused connection abort"
4859718,"CLI : too may items (>20) in multi read/write ISO : An error occurred during recv TCP : Connection reset by peer"
4859719,"CLI : too may items (>20) in multi read/write ISO : An error occurred during recv TCP : No Buffer space available"
4859720,"CLI : too may items (>20) in multi read/write ISO : An error occurred during recv TCP : Socket is already connected"
4859721,"CLI : too may items (>20) in multi read/write ISO : An error occurred during recv TCP : Socket is not connected"
4859722,"CLI : too may items (>20) in multi read/write ISO : An error occurred during recv TCP : Can't send after Socket shutdown"
4859723,"CLI : too may items (>20) in multi read/write ISO : An error occurred during recv TCP : Too many references:can't splice"
4859724,"CLI : too may items (>20) in multi read/write ISO : An error occurred during recv TCP : Connection timed out"
4859725,"CLI : too may items (>20) in multi read/write ISO : An error occurred during recv TCP : Connection refused"
4859726,"CLI : too may items (>20) in multi read/write ISO : An error occurred during recv TCP : Too many levels of symbolic links"
4859727,"CLI : too may items (>20) in multi read/write ISO : An error occurred during recv TCP : File name is too long"
4859728,"CLI : too may items (>20) in multi read/write ISO : An error occurred during recv TCP : Host is down"
4859729,"CLI : too may items (>20) in multi read/write ISO : An error occurred during recv TCP : Unreachable peer"
4859730,"CLI : too may items (>20) in multi read/write ISO : An error occurred during recv TCP : Directory is not empty"
4859731,"CLI : too may items (>20) in multi read/write ISO : An error occurred during recv TCP : Too many processes"
4859732,"CLI : too may items (>20) in multi read/write ISO : An error occurred during recv TCP : Too many users"
4859733,"CLI : too may items (>20) in multi read/write ISO : An error occurred during recv TCP : Disk quota exceeded"
4859734,"CLI : too may items (>20) in multi read/write ISO : An error occurred during recv TCP : Stale NFS file handle"
4859735,"CLI : too may items (>20) in multi read/write ISO : An error occurred during recv TCP : Too many levels of remote in path"
4859755,"CLI : too may items (>20) in multi read/write ISO : An error occurred during recv TCP : Network subsystem is unusable"
4859756,"CLI : too may items (>20) in multi read/write ISO : An error occurred during recv TCP : Winsock DLL cannot support this application"
4859757,"CLI : too may items (>20) in multi read/write ISO : An error occurred during recv TCP : Winsock not initialized"
4859765,"CLI : too may items (>20) in multi read/write ISO : An error occurred during recv TCP : Disconnect"
4860665,"CLI : too may items (>20) in multi read/write ISO : An error occurred during recv TCP : Host not found"
4860666,"CLI : too may items (>20) in multi read/write ISO : An error occurred during recv TCP : Non authoritative - host not found"
4860667,"CLI : too may items (>20) in multi read/write ISO : An error occurred during recv TCP : Non recoverable error"
4860668,"CLI : too may items (>20) in multi read/write ISO : An error occurred during recv TCP : Valid name, no data record of requested type"
4861665,"CLI : too may items (>20) in multi read/write ISO : An error occurred during recv TCP : Invalid address"
4915200,"CLI : too may items (>20) in multi read/write ISO : Invalid connection params (wrong TSAPs)"
4925204,"CLI : too may items (>20) in multi read/write ISO : Invalid connection params (wrong TSAPs) TCP : Interrupted system call"
4925209,"CLI : too may items (>20) in multi read/write ISO : Invalid connection params (wrong TSAPs) TCP : Bad file number"
4925213,"CLI : too may items (>20) in multi read/write ISO : Invalid connection params (wrong TSAPs) TCP : Permission denied"
4925214,"CLI : too may items (>20) in multi read/write ISO : Invalid connection params (wrong TSAPs) TCP : Bad address"
4925222,"CLI : too may items (>20) in multi read/write ISO : Invalid connection params (wrong TSAPs) TCP : Invalid argument"
4925224,"CLI : too may items (>20) in multi read/write ISO : Invalid connection params (wrong TSAPs) TCP : Too many open files"
4925235,"CLI : too may items (>20) in multi read/write ISO : Invalid connection params (wrong TSAPs) TCP : Operation would block"
4925236,"CLI : too may items (>20) in multi read/write ISO : Invalid connection params (wrong TSAPs) TCP : Operation now in progress"
4925237,"CLI : too may items (>20) in multi read/write ISO : Invalid connection params (wrong TSAPs) TCP : Operation already in progress"
4925238,"CLI : too may items (>20) in multi read/write ISO : Invalid connection params (wrong TSAPs) TCP : Socket operation on non socket"
4925239,"CLI : too may items (>20) in multi read/write ISO : Invalid connection params (wrong TSAPs) TCP : Destination address required"
4925240,"CLI : too may items (>20) in multi read/write ISO : Invalid connection params (wrong TSAPs) TCP : Message too long"
4925241,"CLI : too may items (>20) in multi read/write ISO : Invalid connection params (wrong TSAPs) TCP : Protocol wrong type for Socket"
4925242,"CLI : too may items (>20) in multi read/write ISO : Invalid connection params (wrong TSAPs) TCP : Protocol not available"
4925243,"CLI : too may items (>20) in multi read/write ISO : Invalid connection params (wrong TSAPs) TCP : Protocol not supported"
4925244,"CLI : too may items (>20) in multi read/write ISO : Invalid connection params (wrong TSAPs) TCP : Socket not supported"
4925245,"CLI : too may items (>20) in multi read/write ISO : Invalid connection params (wrong TSAPs) TCP : Operation not supported on Socket"
4925246,"CLI : too may items (>20) in multi read/write ISO : Invalid connection params (wrong TSAPs) TCP : Protocol family not supported"
4925247,"CLI : too may items (>20) in multi read/write ISO : Invalid connection params (wrong TSAPs) TCP : Address family not supported"
4925248,"CLI : too may items (>20) in multi read/write ISO : Invalid connection params (wrong TSAPs) TCP : Address already in use"
4925249,"CLI : too may items (>20) in multi read/write ISO : Invalid connection params (wrong TSAPs) TCP : Can't assign requested address"
4925250,"CLI : too may items (>20) in multi read/write ISO : Invalid connection params (wrong TSAPs) TCP : Network is down"
4925251,"CLI : too may items (>20) in multi read/write ISO : Invalid connection params (wrong TSAPs) TCP : Network is unreachable"
4925252,"CLI : too may items (>20) in multi read/write ISO : Invalid connection params (wrong TSAPs) TCP : Network dropped connection on reset"
4925253,"CLI : too may items (>20) in multi read/write ISO : Invalid connection params (wrong TSAPs) TCP : Software caused connection abort"
4925254,"CLI : too may items (>20) in multi read/write ISO : Invalid connection params (wrong TSAPs) TCP : Connection reset by peer"
4925255,"CLI : too may items (>20) in multi read/write ISO : Invalid connection params (wrong TSAPs) TCP : No Buffer space available"
4925256,"CLI : too may items (>20) in multi read/write ISO : Invalid connection params (wrong TSAPs) TCP : Socket is already connected"
4925257,"CLI : too may items (>20) in multi read/write ISO : Invalid connection params (wrong TSAPs) TCP : Socket is not connected"
4925258,"CLI : too may items (>20) in multi read/write ISO : Invalid connection params (wrong TSAPs) TCP : Can't send after Socket shutdown"
4925259,"CLI : too may items (>20) in multi read/write ISO : Invalid connection params (wrong TSAPs) TCP : Too many references:can't splice"
4925260,"CLI : too may items (>20) in multi read/write ISO : Invalid connection params (wrong TSAPs) TCP : Connection timed out"
4925261,"CLI : too may items (>20) in multi read/write ISO : Invalid connection params (wrong TSAPs) TCP : Connection refused"
4925262,"CLI : too may items (>20) in multi read/write ISO : Invalid connection params (wrong TSAPs) TCP : Too many levels of symbolic links"
4925263,"CLI : too may items (>20) in multi read/write ISO : Invalid connection params (wrong TSAPs) TCP : File name is too long"
4925264,"CLI : too may items (>20) in multi read/write ISO : Invalid connection params (wrong TSAPs) TCP : Host is down"
4925265,"CLI : too may items (>20) in multi read/write ISO : Invalid connection params (wrong TSAPs) TCP : Unreachable peer"
4925266,"CLI : too may items (>20) in multi read/write ISO : Invalid connection params (wrong TSAPs) TCP : Directory is not empty"
4925267,"CLI : too may items (>20) in multi read/write ISO : Invalid connection params (wrong TSAPs) TCP : Too many processes"
4925268,"CLI : too may items (>20) in multi read/write ISO : Invalid connection params (wrong TSAPs) TCP : Too many users"
4925269,"CLI : too may items (>20) in multi read/write ISO : Invalid connection params (wrong TSAPs) TCP : Disk quota exceeded"
4925270,"CLI : too may items (>20) in multi read/write ISO : Invalid connection params (wrong TSAPs) TCP : Stale NFS file handle"
4925271,"CLI : too may items (>20) in multi read/write ISO : Invalid connection params (wrong TSAPs) TCP : Too many levels of remote in path"
4925291,"CLI : too may items (>20) in multi read/write ISO : Invalid connection params (wrong TSAPs) TCP : Network subsystem is unusable"
4925292,"CLI : too may items (>20) in multi read/write ISO : Invalid connection params (wrong TSAPs) TCP : Winsock DLL cannot support this application"
4925293,"CLI : too may items (>20) in multi read/write ISO : Invalid connection params (wrong TSAPs) TCP : Winsock not initialized"
4925301,"CLI : too may items (>20) in multi read/write ISO : Invalid connection params (wrong TSAPs) TCP : Disconnect"
4926201,"CLI : too may items (>20) in multi read/write ISO : Invalid connection params (wrong TSAPs) TCP : Host not found"
4926202,"CLI : too may items (>20) in multi read/write ISO : Invalid connection params (wrong TSAPs) TCP : Non authoritative - host not found"
4926203,"CLI : too may items (>20) in multi read/write ISO : Invalid connection params (wrong TSAPs) TCP : Non recoverable error"
4926204,"CLI : too may items (>20) in multi read/write ISO : Invalid connection params (wrong TSAPs) TCP : Valid name, no data record of requested type"
4927201,"CLI : too may items (>20) in multi read/write ISO : Invalid connection params (wrong TSAPs) TCP : Invalid address"
4980736,"CLI : too may items (>20) in multi read/write ISO : Unknown error (0x000c0000)"
4990740,"CLI : too may items (>20) in multi read/write ISO : Unknown error (0x000c0000) TCP : Interrupted system call"
4990745,"CLI : too may items (>20) in multi read/write ISO : Unknown error (0x000c0000) TCP : Bad file number"
4990749,"CLI : too may items (>20) in multi read/write ISO : Unknown error (0x000c0000) TCP : Permission denied"
4990750,"CLI : too may items (>20) in multi read/write ISO : Unknown error (0x000c0000) TCP : Bad address"
4990758,"CLI : too may items (>20) in multi read/write ISO : Unknown error (0x000c0000) TCP : Invalid argument"
4990760,"CLI : too may items (>20) in multi read/write ISO : Unknown error (0x000c0000) TCP : Too many open files"
4990771,"CLI : too may items (>20) in multi read/write ISO : Unknown error (0x000c0000) TCP : Operation would block"
4990772,"CLI : too may items (>20) in multi read/write ISO : Unknown error (0x000c0000) TCP : Operation now in progress"
4990773,"CLI : too may items (>20) in multi read/write ISO : Unknown error (0x000c0000) TCP : Operation already in progress"
4990774,"CLI : too may items (>20) in multi read/write ISO : Unknown error (0x000c0000) TCP : Socket operation on non socket"
4990775,"CLI : too may items (>20) in multi read/write ISO : Unknown error (0x000c0000) TCP : Destination address required"
4990776,"CLI : too may items (>20) in multi read/write ISO : Unknown error (0x000c0000) TCP : Message too long"
4990777,"CLI : too may items (>20) in multi read/write ISO : Unknown error (0x000c0000) TCP : Protocol wrong type for Socket"
4990778,"CLI : too may items (>20) in multi read/write ISO : Unknown error (0x000c0000) TCP : Protocol not available"
4990779,"CLI : too may items (>20) in multi read/write ISO : Unknown error (0x000c0000) TCP : Protocol not supported"
4990780,"CLI : too may items (>20) in multi read/write ISO : Unknown error (0x000c0000) TCP : Socket not supported"
4990781,"CLI : too may items (>20) in multi read/write ISO : Unknown error (0x000c0000) TCP : Operation not supported on Socket"
4990782,"CLI : too may items (>20) in multi read/write ISO : Unknown error (0x000c0000) TCP : Protocol family not supported"
4990783,"CLI : too may items (>20) in multi read/write ISO : Unknown error (0x000c0000) TCP : Address family not supported"
4990784,"CLI : too may items (>20) in multi read/write ISO : Unknown error (0x000c0000) TCP : Address already in use"
4990785,"CLI : too may items (>20) in multi read/write ISO : Unknown error (0x000c0000) TCP : Can't assign requested address"
4990786,"CLI : too may items (>20) in multi read/write ISO : Unknown error (0x000c0000) TCP : Network is down"
4990787,"CLI : too may items (>20) in multi read/write ISO : Unknown error (0x000c0000) TCP : Network is unreachable"
4990788,"CLI : too may items (>20) in multi read/write ISO : Unknown error (0x000c0000) TCP : Network dropped connection on reset"
4990789,"CLI : too may items (>20) in multi read/write ISO : Unknown error (0x000c0000) TCP : Software caused connection abort"
4990790,"CLI : too may items (>20) in multi read/write ISO : Unknown error (0x000c0000) TCP : Connection reset by peer"
4990791,"CLI : too may items (>20) in multi read/write ISO : Unknown error (0x000c0000) TCP : No Buffer space available"
4990792,"CLI : too may items (>20) in multi read/write ISO : Unknown error (0x000c0000) TCP : Socket is already connected"
4990793,"CLI : too may items (>20) in multi read/write ISO : Unknown error (0x000c0000) TCP : Socket is not connected"
4990794,"CLI : too may items (>20) in multi read/write ISO : Unknown error (0x000c0000) TCP : Can't send after Socket shutdown"
4990795,"CLI : too may items (>20) in multi read/write ISO : Unknown error (0x000c0000) TCP : Too many references:can't splice"
4990796,"CLI : too may items (>20) in multi read/write ISO : Unknown error (0x000c0000) TCP : Connection timed out"
4990797,"CLI : too may items (>20) in multi read/write ISO : Unknown error (0x000c0000) TCP : Connection refused"
4990798,"CLI : too may items (>20) in multi read/write ISO : Unknown error (0x000c0000) TCP : Too many levels of symbolic links"
4990799,"CLI : too may items (>20) in multi read/write ISO : Unknown error (0x000c0000) TCP : File name is too long"
4990800,"CLI : too may items (>20) in multi read/write ISO : Unknown error (0x000c0000) TCP : Host is down"
4990801,"CLI : too may items (>20) in multi read/write ISO : Unknown error (0x000c0000) TCP : Unreachable peer"
4990802,"CLI : too may items (>20) in multi read/write ISO : Unknown error (0x000c0000) TCP : Directory is not empty"
4990803,"CLI : too may items (>20) in multi read/write ISO : Unknown error (0x000c0000) TCP : Too many processes"
4990804,"CLI : too may items (>20) in multi read/write ISO : Unknown error (0x000c0000) TCP : Too many users"
4990805,"CLI : too may items (>20) in multi read/write ISO : Unknown error (0x000c0000) TCP : Disk quota exceeded"
4990806,"CLI : too may items (>20) in multi read/write ISO : Unknown error (0x000c0000) TCP : Stale NFS file handle"
4990807,"CLI : too may items (>20) in multi read/write ISO : Unknown error (0x000c0000) TCP : Too many levels of remote in path"
4990827,"CLI : too may items (>20) in multi read/write ISO : Unknown error (0x000c0000) TCP : Network subsystem is unusable"
4990828,"CLI : too may items (>20) in multi read/write ISO : Unknown error (0x000c0000) TCP : Winsock DLL cannot support this application"
4990829,"CLI : too may items (>20) in multi read/write ISO : Unknown error (0x000c0000) TCP : Winsock not initialized"
4990837,"CLI : too may items (>20) in multi read/write ISO : Unknown error (0x000c0000) TCP : Disconnect"
4991737,"CLI : too may items (>20) in multi read/write ISO : Unknown error (0x000c0000) TCP : Host not found"
4991738,"CLI : too may items (>20) in multi read/write ISO : Unknown error (0x000c0000) TCP : Non authoritative - host not found"
4991739,"CLI : too may items (>20) in multi read/write ISO : Unknown error (0x000c0000) TCP : Non recoverable error"
4991740,"CLI : too may items (>20) in multi read/write ISO : Unknown error (0x000c0000) TCP : Valid name, no data record of requested type"
4992737,"CLI : too may items (>20) in multi read/write ISO : Unknown error (0x000c0000) TCP : Invalid address"
5046272,"CLI : too may items (>20) in multi read/write ISO : Unknown error (0x000d0000)"
5056276,"CLI : too may items (>20) in multi read/write ISO : Unknown error (0x000d0000) TCP : Interrupted system call"
5056281,"CLI : too may items (>20) in multi read/write ISO : Unknown error (0x000d0000) TCP : Bad file number"
5056285,"CLI : too may items (>20) in multi read/write ISO : Unknown error (0x000d0000) TCP : Permission denied"
5056286,"CLI : too may items (>20) in multi read/write ISO : Unknown error (0x000d0000) TCP : Bad address"
5056294,"CLI : too may items (>20) in multi read/write ISO : Unknown error (0x000d0000) TCP : Invalid argument"
5056296,"CLI : too may items (>20) in multi read/write ISO : Unknown error (0x000d0000) TCP : Too many open files"
5056307,"CLI : too may items (>20) in multi read/write ISO : Unknown error (0x000d0000) TCP : Operation would block"
5056308,"CLI : too may items (>20) in multi read/write ISO : Unknown error (0x000d0000) TCP : Operation now in progress"
5056309,"CLI : too may items (>20) in multi read/write ISO : Unknown error (0x000d0000) TCP : Operation already in progress"
5056310,"CLI : too may items (>20) in multi read/write ISO : Unknown error (0x000d0000) TCP : Socket operation on non socket"
5056311,"CLI : too may items (>20) in multi read/write ISO : Unknown error (0x000d0000) TCP : Destination address required"
5056312,"CLI : too may items (>20) in multi read/write ISO : Unknown error (0x000d0000) TCP : Message too long"
5056313,"CLI : too may items (>20) in multi read/write ISO : Unknown error (0x000d0000) TCP : Protocol wrong type for Socket"
5056314,"CLI : too may items (>20) in multi read/write ISO : Unknown error (0x000d0000) TCP : Protocol not available"
5056315,"CLI : too may items (>20) in multi read/write ISO : Unknown error (0x000d0000) TCP : Protocol not supported"
5056316,"CLI : too may items (>20) in multi read/write ISO : Unknown error (0x000d0000) TCP : Socket not supported"
5056317,"CLI : too may items (>20) in multi read/write ISO : Unknown error (0x000d0000) TCP : Operation not supported on Socket"
5056318,"CLI : too may items (>20) in multi read/write ISO : Unknown error (0x000d0000) TCP : Protocol family not supported"
5056319,"CLI : too may items (>20) in multi read/write ISO : Unknown error (0x000d0000) TCP : Address family not supported"
5056320,"CLI : too may items (>20) in multi read/write ISO : Unknown error (0x000d0000) TCP : Address already in use"
5056321,"CLI : too may items (>20) in multi read/write ISO : Unknown error (0x000d0000) TCP : Can't assign requested address"
5056322,"CLI : too may items (>20) in multi read/write ISO : Unknown error (0x000d0000) TCP : Network is down"
5056323,"CLI : too may items (>20) in multi read/write ISO : Unknown error (0x000d0000) TCP : Network is unreachable"
5056324,"CLI : too may items (>20) in multi read/write ISO : Unknown error (0x000d0000) TCP : Network dropped connection on reset"
5056325,"CLI : too may items (>20) in multi read/write ISO : Unknown error (0x000d0000) TCP : Software caused connection abort"
5056326,"CLI : too may items (>20) in multi read/write ISO : Unknown error (0x000d0000) TCP : Connection reset by peer"
5056327,"CLI : too may items (>20) in multi read/write ISO : Unknown error (0x000d0000) TCP : No Buffer space available"
5056328,"CLI : too may items (>20) in multi read/write ISO : Unknown error (0x000d0000) TCP : Socket is already connected"
5056329,"CLI : too may items (>20) in multi read/write ISO : Unknown error (0x000d0000) TCP : Socket is not connected"
5056330,"CLI : too may items (>20) in multi read/write ISO : Unknown error (0x000d0000) TCP : Can't send after Socket shutdown"
5056331,"CLI : too may items (>20) in multi read/write ISO : Unknown error (0x000d0000) TCP : Too many references:can't splice"
5056332,"CLI : too may items (>20) in multi read/write ISO : Unknown error (0x000d0000) TCP : Connection timed out"
5056333,"CLI : too may items (>20) in multi read/write ISO : Unknown error (0x000d0000) TCP : Connection refused"
5056334,"CLI : too may items (>20) in multi read/write ISO : Unknown error (0x000d0000) TCP : Too many levels of symbolic links"
5056335,"CLI : too may items (>20) in multi read/write ISO : Unknown error (0x000d0000) TCP : File name is too long"
5056336,"CLI : too may items (>20) in multi read/write ISO : Unknown error (0x000d0000) TCP : Host is down"
5056337,"CLI : too may items (>20) in multi read/write ISO : Unknown error (0x000d0000) TCP : Unreachable peer"
5056338,"CLI : too may items (>20) in multi read/write ISO : Unknown error (0x000d0000) TCP : Directory is not empty"
5056339,"CLI : too may items (>20) in multi read/write ISO : Unknown error (0x000d0000) TCP : Too many processes"
5056340,"CLI : too may items (>20) in multi read/write ISO : Unknown error (0x000d0000) TCP : Too many users"
5056341,"CLI : too may items (>20) in multi read/write ISO : Unknown error (0x000d0000) TCP : Disk quota exceeded"
5056342,"CLI : too may items (>20) in multi read/write ISO : Unknown error (0x000d0000) TCP : Stale NFS file handle"
5056343,"CLI : too may items (>20) in multi read/write ISO : Unknown error (0x000d0000) TCP : Too many levels of remote in path"
5056363,"CLI : too may items (>20) in multi read/write ISO : Unknown error (0x000d0000) TCP : Network subsystem is unusable"
5056364,"CLI : too may items (>20) in multi read/write ISO : Unknown error (0x000d0000) TCP : Winsock DLL cannot support this application"
5056365,"CLI : too may items (>20) in multi read/write ISO : Unknown error (0x000d0000) TCP : Winsock not initialized"
5056373,"CLI : too may items (>20) in multi read/write ISO : Unknown error (0x000d0000) TCP : Disconnect"
5057273,"CLI : too may items (>20) in multi read/write ISO : Unknown error (0x000d0000) TCP : Host not found"
5057274,"CLI : too may items (>20) in multi read/write ISO : Unknown error (0x000d0000) TCP : Non authoritative - host not found"
5057275,"CLI : too may items (>20) in multi read/write ISO : Unknown error (0x000d0000) TCP : Non recoverable error"
5057276,"CLI : too may items (>20) in multi read/write ISO : Unknown error (0x000d0000) TCP : Valid name, no data record of requested type"
5058273,"CLI : too may items (>20) in multi read/write ISO : Unknown error (0x000d0000) TCP : Invalid address"
5111808,"CLI : too may items (>20) in multi read/write ISO : Unknown error (0x000e0000)"
5121812,"CLI : too may items (>20) in multi read/write ISO : Unknown error (0x000e0000) TCP : Interrupted system call"
5121817,"CLI : too may items (>20) in multi read/write ISO : Unknown error (0x000e0000) TCP : Bad file number"
5121821,"CLI : too may items (>20) in multi read/write ISO : Unknown error (0x000e0000) TCP : Permission denied"
5121822,"CLI : too may items (>20) in multi read/write ISO : Unknown error (0x000e0000) TCP : Bad address"
5121830,"CLI : too may items (>20) in multi read/write ISO : Unknown error (0x000e0000) TCP : Invalid argument"
5121832,"CLI : too may items (>20) in multi read/write ISO : Unknown error (0x000e0000) TCP : Too many open files"
5121843,"CLI : too may items (>20) in multi read/write ISO : Unknown error (0x000e0000) TCP : Operation would block"
5121844,"CLI : too may items (>20) in multi read/write ISO : Unknown error (0x000e0000) TCP : Operation now in progress"
5121845,"CLI : too may items (>20) in multi read/write ISO : Unknown error (0x000e0000) TCP : Operation already in progress"
5121846,"CLI : too may items (>20) in multi read/write ISO : Unknown error (0x000e0000) TCP : Socket operation on non socket"
5121847,"CLI : too may items (>20) in multi read/write ISO : Unknown error (0x000e0000) TCP : Destination address required"
5121848,"CLI : too may items (>20) in multi read/write ISO : Unknown error (0x000e0000) TCP : Message too long"
5121849,"CLI : too may items (>20) in multi read/write ISO : Unknown error (0x000e0000) TCP : Protocol wrong type for Socket"
5121850,"CLI : too may items (>20) in multi read/write ISO : Unknown error (0x000e0000) TCP : Protocol not available"
5121851,"CLI : too may items (>20) in multi read/write ISO : Unknown error (0x000e0000) TCP : Protocol not supported"
5121852,"CLI : too may items (>20) in multi read/write ISO : Unknown error (0x000e0000) TCP : Socket not supported"
5121853,"CLI : too may items (>20) in multi read/write ISO : Unknown error (0x000e0000) TCP : Operation not supported on Socket"
5121854,"CLI : too may items (>20) in multi read/write ISO : Unknown error (0x000e0000) TCP : Protocol family not supported"
5121855,"CLI : too may items (>20) in multi read/write ISO : Unknown error (0x000e0000) TCP : Address family not supported"
5121856,"CLI : too may items (>20) in multi read/write ISO : Unknown error (0x000e0000) TCP : Address already in use"
5121857,"CLI : too may items (>20) in multi read/write ISO : Unknown error (0x000e0000) TCP : Can't assign requested address"
5121858,"CLI : too may items (>20) in multi read/write ISO : Unknown error (0x000e0000) TCP : Network is down"
5121859,"CLI : too may items (>20) in multi read/write ISO : Unknown error (0x000e0000) TCP : Network is unreachable"
5121860,"CLI : too may items (>20) in multi read/write ISO : Unknown error (0x000e0000) TCP : Network dropped connection on reset"
5121861,"CLI : too may items (>20) in multi read/write ISO : Unknown error (0x000e0000) TCP : Software caused connection abort"
5121862,"CLI : too may items (>20) in multi read/write ISO : Unknown error (0x000e0000) TCP : Connection reset by peer"
5121863,"CLI : too may items (>20) in multi read/write ISO : Unknown error (0x000e0000) TCP : No Buffer space available"
5121864,"CLI : too may items (>20) in multi read/write ISO : Unknown error (0x000e0000) TCP : Socket is already connected"
5121865,"CLI : too may items (>20) in multi read/write ISO : Unknown error (0x000e0000) TCP : Socket is not connected"
5121866,"CLI : too may items (>20) in multi read/write ISO : Unknown error (0x000e0000) TCP : Can't send after Socket shutdown"
5121867,"CLI : too may items (>20) in multi read/write ISO : Unknown error (0x000e0000) TCP : Too many references:can't splice"
5121868,"CLI : too may items (>20) in multi read/write ISO : Unknown error (0x000e0000) TCP : Connection timed out"
5121869,"CLI : too may items (>20) in multi read/write ISO : Unknown error (0x000e0000) TCP : Connection refused"
5121870,"CLI : too may items (>20) in multi read/write ISO : Unknown error (0x000e0000) TCP : Too many levels of symbolic links"
5121871,"CLI : too may items (>20) in multi read/write ISO : Unknown error (0x000e0000) TCP : File name is too long"
5121872,"CLI : too may items (>20) in multi read/write ISO : Unknown error (0x000e0000) TCP : Host is down"
5121873,"CLI : too may items (>20) in multi read/write ISO : Unknown error (0x000e0000) TCP : Unreachable peer"
5121874,"CLI : too may items (>20) in multi read/write ISO : Unknown error (0x000e0000) TCP : Directory is not empty"
5121875,"CLI : too may items (>20) in multi read/write ISO : Unknown error (0x000e0000) TCP : Too many processes"
5121876,"CLI : too may items (>20) in multi read/write ISO : Unknown error (0x000e0000) TCP : Too many users"
5121877,"CLI : too may items (>20) in multi read/write ISO : Unknown error (0x000e0000) TCP : Disk quota exceeded"
5121878,"CLI : too may items (>20) in multi read/write ISO : Unknown error (0x000e0000) TCP : Stale NFS file handle"
5121879,"CLI : too may items (>20) in multi read/write ISO : Unknown error (0x000e0000) TCP : Too many levels of remote in path"
5121899,"CLI : too may items (>20) in multi read/write ISO : Unknown error (0x000e0000) TCP : Network subsystem is unusable"
5121900,"CLI : too may items (>20) in multi read/write ISO : Unknown error (0x000e0000) TCP : Winsock DLL cannot support this application"
5121901,"CLI : too may items (>20) in multi read/write ISO : Unknown error (0x000e0000) TCP : Winsock not initialized"
5121909,"CLI : too may items (>20) in multi read/write ISO : Unknown error (0x000e0000) TCP : Disconnect"
5122809,"CLI : too may items (>20) in multi read/write ISO : Unknown error (0x000e0000) TCP : Host not found"
5122810,"CLI : too may items (>20) in multi read/write ISO : Unknown error (0x000e0000) TCP : Non authoritative - host not found"
5122811,"CLI : too may items (>20) in multi read/write ISO : Unknown error (0x000e0000) TCP : Non recoverable error"
5122812,"CLI : too may items (>20) in multi read/write ISO : Unknown error (0x000e0000) TCP : Valid name, no data record of requested type"
5123809,"CLI : too may items (>20) in multi read/write ISO : Unknown error (0x000e0000) TCP : Invalid address"
5177344,"CLI : too may items (>20) in multi read/write ISO : Unknown error (0x000f0000)"
5187348,"CLI : too may items (>20) in multi read/write ISO : Unknown error (0x000f0000) TCP : Interrupted system call"
5187353,"CLI : too may items (>20) in multi read/write ISO : Unknown error (0x000f0000) TCP : Bad file number"
5187357,"CLI : too may items (>20) in multi read/write ISO : Unknown error (0x000f0000) TCP : Permission denied"
5187358,"CLI : too may items (>20) in multi read/write ISO : Unknown error (0x000f0000) TCP : Bad address"
5187366,"CLI : too may items (>20) in multi read/write ISO : Unknown error (0x000f0000) TCP : Invalid argument"
5187368,"CLI : too may items (>20) in multi read/write ISO : Unknown error (0x000f0000) TCP : Too many open files"
5187379,"CLI : too may items (>20) in multi read/write ISO : Unknown error (0x000f0000) TCP : Operation would block"
5187380,"CLI : too may items (>20) in multi read/write ISO : Unknown error (0x000f0000) TCP : Operation now in progress"
5187381,"CLI : too may items (>20) in multi read/write ISO : Unknown error (0x000f0000) TCP : Operation already in progress"
5187382,"CLI : too may items (>20) in multi read/write ISO : Unknown error (0x000f0000) TCP : Socket operation on non socket"
5187383,"CLI : too may items (>20) in multi read/write ISO : Unknown error (0x000f0000) TCP : Destination address required"
5187384,"CLI : too may items (>20) in multi read/write ISO : Unknown error (0x000f0000) TCP : Message too long"
5187385,"CLI : too may items (>20) in multi read/write ISO : Unknown error (0x000f0000) TCP : Protocol wrong type for Socket"
5187386,"CLI : too may items (>20) in multi read/write ISO : Unknown error (0x000f0000) TCP : Protocol not available"
5187387,"CLI : too may items (>20) in multi read/write ISO : Unknown error (0x000f0000) TCP : Protocol not supported"
5187388,"CLI : too may items (>20) in multi read/write ISO : Unknown error (0x000f0000) TCP : Socket not supported"
5187389,"CLI : too may items (>20) in multi read/write ISO : Unknown error (0x000f0000) TCP : Operation not supported on Socket"
5187390,"CLI : too may items (>20) in multi read/write ISO : Unknown error (0x000f0000) TCP : Protocol family not supported"
5187391,"CLI : too may items (>20) in multi read/write ISO : Unknown error (0x000f0000) TCP : Address family not supported"
5187392,"CLI : too may items (>20) in multi read/write ISO : Unknown error (0x000f0000) TCP : Address already in use"
5187393,"CLI : too may items (>20) in multi read/write ISO : Unknown error (0x000f0000) TCP : Can't assign requested address"
5187394,"CLI : too may items (>20) in multi read/write ISO : Unknown error (0x000f0000) TCP : Network is down"
5187395,"CLI : too may items (>20) in multi read/write ISO : Unknown error (0x000f0000) TCP : Network is unreachable"
5187396,"CLI : too may items (>20) in multi read/write ISO : Unknown error (0x000f0000) TCP : Network dropped connection on reset"
5187397,"CLI : too may items (>20) in multi read/write ISO : Unknown error (0x000f0000) TCP : Software caused connection abort"
5187398,"CLI : too may items (>20) in multi read/write ISO : Unknown error (0x000f0000) TCP : Connection reset by peer"
5187399,"CLI : too may items (>20) in multi read/write ISO : Unknown error (0x000f0000) TCP : No Buffer space available"
5187400,"CLI : too may items (>20) in multi read/write ISO : Unknown error (0x000f0000) TCP : Socket is already connected"
5187401,"CLI : too may items (>20) in multi read/write ISO : Unknown error (0x000f0000) TCP : Socket is not connected"
5187402,"CLI : too may items (>20) in multi read/write ISO : Unknown error (0x000f0000) TCP : Can't send after Socket shutdown"
5187403,"CLI : too may items (>20) in multi read/write ISO : Unknown error (0x000f0000) TCP : Too many references:can't splice"
5187404,"CLI : too may items (>20) in multi read/write ISO : Unknown error (0x000f0000) TCP : Connection timed out"
5187405,"CLI : too may items (>20) in multi read/write ISO : Unknown error (0x000f0000) TCP : Connection refused"
5187406,"CLI : too may items (>20) in multi read/write ISO : Unknown error (0x000f0000) TCP : Too many levels of symbolic links"
5187407,"CLI : too may items (>20) in multi read/write ISO : Unknown error (0x000f0000) TCP : File name is too long"
5187408,"CLI : too may items (>20) in multi read/write ISO : Unknown error (0x000f0000) TCP : Host is down"
5187409,"CLI : too may items (>20) in multi read/write ISO : Unknown error (0x000f0000) TCP : Unreachable peer"
5187410,"CLI : too may items (>20) in multi read/write ISO : Unknown error (0x000f0000) TCP : Directory is not empty"
5187411,"CLI : too may items (>20) in multi read/write ISO : Unknown error (0x000f0000) TCP : Too many processes"
5187412,"CLI : too may items (>20) in multi read/write ISO : Unknown error (0x000f0000) TCP : Too many users"
5187413,"CLI : too may items (>20) in multi read/write ISO : Unknown error (0x000f0000) TCP : Disk quota exceeded"
5187414,"CLI : too may items (>20) in multi read/write ISO : Unknown error (0x000f0000) TCP : Stale NFS file handle"
5187415,"CLI : too may items (>20) in multi read/write ISO : Unknown error (0x000f0000) TCP : Too many levels of remote in path"
5187435,"CLI : too may items (>20) in multi read/write ISO : Unknown error (0x000f0000) TCP : Network subsystem is unusable"
5187436,"CLI : too may items (>20) in multi read/write ISO : Unknown error (0x000f0000) TCP : Winsock DLL cannot support this application"
5187437,"CLI : too may items (>20) in multi read/write ISO : Unknown error (0x000f0000) TCP : Winsock not initialized"
5187445,"CLI : too may items (>20) in multi read/write ISO : Unknown error (0x000f0000) TCP : Disconnect"
5188345,"CLI : too may items (>20) in multi read/write ISO : Unknown error (0x000f0000) TCP : Host not found"
5188346,"CLI : too may items (>20) in multi read/write ISO : Unknown error (0x000f0000) TCP : Non authoritative - host not found"
5188347,"CLI : too may items (>20) in multi read/write ISO : Unknown error (0x000f0000) TCP : Non recoverable error"
5188348,"CLI : too may items (>20) in multi read/write ISO : Unknown error (0x000f0000) TCP : Valid name, no data record of requested type"
5189345,"CLI : too may items (>20) in multi read/write ISO : Unknown error (0x000f0000) TCP : Invalid address"
5242880,"CLI : invalid WordLength"
5252884,"CLI : invalid WordLength TCP : Interrupted system call"
5252889,"CLI : invalid WordLength TCP : Bad file number"
5252893,"CLI : invalid WordLength TCP : Permission denied"
5252894,"CLI : invalid WordLength TCP : Bad address"
5252902,"CLI : invalid WordLength TCP : Invalid argument"
5252904,"CLI : invalid WordLength TCP : Too many open files"
5252915,"CLI : invalid WordLength TCP : Operation would block"
5252916,"CLI : invalid WordLength TCP : Operation now in progress"
5252917,"CLI : invalid WordLength TCP : Operation already in progress"
5252918,"CLI : invalid WordLength TCP : Socket operation on non socket"
5252919,"CLI : invalid WordLength TCP : Destination address required"
5252920,"CLI : invalid WordLength TCP : Message too long"
5252921,"CLI : invalid WordLength TCP : Protocol wrong type for Socket"
5252922,"CLI : invalid WordLength TCP : Protocol not available"
5252923,"CLI : invalid WordLength TCP : Protocol not supported"
5252924,"CLI : invalid WordLength TCP : Socket not supported"
5252925,"CLI : invalid WordLength TCP : Operation not supported on Socket"
5252926,"CLI : invalid WordLength TCP : Protocol family not supported"
5252927,"CLI : invalid WordLength TCP : Address family not supported"
5252928,"CLI : invalid WordLength TCP : Address already in use"
5252929,"CLI : invalid WordLength TCP : Can't assign requested address"
5252930,"CLI : invalid WordLength TCP : Network is down"
5252931,"CLI : invalid WordLength TCP : Network is unreachable"
5252932,"CLI : invalid WordLength TCP : Network dropped connection on reset"
5252933,"CLI : invalid WordLength TCP : Software caused connection abort"
5252934,"CLI : invalid WordLength TCP : Connection reset by peer"
5252935,"CLI : invalid WordLength TCP : No Buffer space available"
5252936,"CLI : invalid WordLength TCP : Socket is already connected"
5252937,"CLI : invalid WordLength TCP : Socket is not connected"
5252938,"CLI : invalid WordLength TCP : Can't send after Socket shutdown"
5252939,"CLI : invalid WordLength TCP : Too many references:can't splice"
5252940,"CLI : invalid WordLength TCP : Connection timed out"
5252941,"CLI : invalid WordLength TCP : Connection refused"
5252942,"CLI : invalid WordLength TCP : Too many levels of symbolic links"
5252943,"CLI : invalid WordLength TCP : File name is too long"
5252944,"CLI : invalid WordLength TCP : Host is down"
5252945,"CLI : invalid WordLength TCP : Unreachable peer"
5252946,"CLI : invalid WordLength TCP : Directory is not empty"
5252947,"CLI : invalid WordLength TCP : Too many processes"
5252948,"CLI : invalid WordLength TCP : Too many users"
5252949,"CLI : invalid WordLength TCP : Disk quota exceeded"
5252950,"CLI : invalid WordLength TCP : Stale NFS file handle"
5252951,"CLI : invalid WordLength TCP : Too many levels of remote in path"
5252971,"CLI : invalid WordLength TCP : Network subsystem is unusable"
5252972,"CLI : invalid WordLength TCP : Winsock DLL cannot support this application"
5252973,"CLI : invalid WordLength TCP : Winsock not initialized"
5252981,"CLI : invalid WordLength TCP : Disconnect"
5253881,"CLI : invalid WordLength TCP : Host not found"
5253882,"CLI : invalid WordLength TCP : Non authoritative - host not found"
5253883,"CLI : invalid WordLength TCP : Non recoverable error"
5253884,"CLI : invalid WordLength TCP : Valid name, no data record of requested type"
5254881,"CLI : invalid WordLength TCP : Invalid address"
5308416,"CLI : invalid WordLength ISO : Connection error"
5318420,"CLI : invalid WordLength ISO : Connection error TCP : Interrupted system call"
5318425,"CLI : invalid WordLength ISO : Connection error TCP : Bad file number"
5318429,"CLI : invalid WordLength ISO : Connection error TCP : Permission denied"
5318430,"CLI : invalid WordLength ISO : Connection error TCP : Bad address"
5318438,"CLI : invalid WordLength ISO : Connection error TCP : Invalid argument"
5318440,"CLI : invalid WordLength ISO : Connection error TCP : Too many open files"
5318451,"CLI : invalid WordLength ISO : Connection error TCP : Operation would block"
5318452,"CLI : invalid WordLength ISO : Connection error TCP : Operation now in progress"
5318453,"CLI : invalid WordLength ISO : Connection error TCP : Operation already in progress"
5318454,"CLI : invalid WordLength ISO : Connection error TCP : Socket operation on non socket"
5318455,"CLI : invalid WordLength ISO : Connection error TCP : Destination address required"
5318456,"CLI : invalid WordLength ISO : Connection error TCP : Message too long"
5318457,"CLI : invalid WordLength ISO : Connection error TCP : Protocol wrong type for Socket"
5318458,"CLI : invalid WordLength ISO : Connection error TCP : Protocol not available"
5318459,"CLI : invalid WordLength ISO : Connection error TCP : Protocol not supported"
5318460,"CLI : invalid WordLength ISO : Connection error TCP : Socket not supported"
5318461,"CLI : invalid WordLength ISO : Connection error TCP : Operation not supported on Socket"
5318462,"CLI : invalid WordLength ISO : Connection error TCP : Protocol family not supported"
5318463,"CLI : invalid WordLength ISO : Connection error TCP : Address family not supported"
5318464,"CLI : invalid WordLength ISO : Connection error TCP : Address already in use"
5318465,"CLI : invalid WordLength ISO : Connection error TCP : Can't assign requested address"
5318466,"CLI : invalid WordLength ISO : Connection error TCP : Network is down"
5318467,"CLI : invalid WordLength ISO : Connection error TCP : Network is unreachable"
5318468,"CLI : invalid WordLength ISO : Connection error TCP : Network dropped connection on reset"
5318469,"CLI : invalid WordLength ISO : Connection error TCP : Software caused connection abort"
5318470,"CLI : invalid WordLength ISO : Connection error TCP : Connection reset by peer"
5318471,"CLI : invalid WordLength ISO : Connection error TCP : No Buffer space available"
5318472,"CLI : invalid WordLength ISO : Connection error TCP : Socket is already connected"
5318473,"CLI : invalid WordLength ISO : Connection error TCP : Socket is not connected"
5318474,"CLI : invalid WordLength ISO : Connection error TCP : Can't send after Socket shutdown"
5318475,"CLI : invalid WordLength ISO : Connection error TCP : Too many references:can't splice"
5318476,"CLI : invalid WordLength ISO : Connection error TCP : Connection timed out"
5318477,"CLI : invalid WordLength ISO : Connection error TCP : Connection refused"
5318478,"CLI : invalid WordLength ISO : Connection error TCP : Too many levels of symbolic links"
5318479,"CLI : invalid WordLength ISO : Connection error TCP : File name is too long"
5318480,"CLI : invalid WordLength ISO : Connection error TCP : Host is down"
5318481,"CLI : invalid WordLength ISO : Connection error TCP : Unreachable peer"
5318482,"CLI : invalid WordLength ISO : Connection error TCP : Directory is not empty"
5318483,"CLI : invalid WordLength ISO : Connection error TCP : Too many processes"
5318484,"CLI : invalid WordLength ISO : Connection error TCP : Too many users"
5318485,"CLI : invalid WordLength ISO : Connection error TCP : Disk quota exceeded"
5318486,"CLI : invalid WordLength ISO : Connection error TCP : Stale NFS file handle"
5318487,"CLI : invalid WordLength ISO : Connection error TCP : Too many levels of remote in path"
5318507,"CLI : invalid WordLength ISO : Connection error TCP : Network subsystem is unusable"
5318508,"CLI : invalid WordLength ISO : Connection error TCP : Winsock DLL cannot support this application"
5318509,"CLI : invalid WordLength ISO : Connection error TCP : Winsock not initialized"
5318517,"CLI : invalid WordLength ISO : Connection error TCP : Disconnect"
5319417,"CLI : invalid WordLength ISO : Connection error TCP : Host not found"
5319418,"CLI : invalid WordLength ISO : Connection error TCP : Non authoritative - host not found"
5319419,"CLI : invalid WordLength ISO : Connection error TCP : Non recoverable error"
5319420,"CLI : invalid WordLength ISO : Connection error TCP : Valid name, no data record of requested type"
5320417,"CLI : invalid WordLength ISO : Connection error TCP : Invalid address"
5373952,"CLI : invalid WordLength ISO : Disconnect error"
5383956,"CLI : invalid WordLength ISO : Disconnect error TCP : Interrupted system call"
5383961,"CLI : invalid WordLength ISO : Disconnect error TCP : Bad file number"
5383965,"CLI : invalid WordLength ISO : Disconnect error TCP : Permission denied"
5383966,"CLI : invalid WordLength ISO : Disconnect error TCP : Bad address"
5383974,"CLI : invalid WordLength ISO : Disconnect error TCP : Invalid argument"
5383976,"CLI : invalid WordLength ISO : Disconnect error TCP : Too many open files"
5383987,"CLI : invalid WordLength ISO : Disconnect error TCP : Operation would block"
5383988,"CLI : invalid WordLength ISO : Disconnect error TCP : Operation now in progress"
5383989,"CLI : invalid WordLength ISO : Disconnect error TCP : Operation already in progress"
5383990,"CLI : invalid WordLength ISO : Disconnect error TCP : Socket operation on non socket"
5383991,"CLI : invalid WordLength ISO : Disconnect error TCP : Destination address required"
5383992,"CLI : invalid WordLength ISO : Disconnect error TCP : Message too long"
5383993,"CLI : invalid WordLength ISO : Disconnect error TCP : Protocol wrong type for Socket"
5383994,"CLI : invalid WordLength ISO : Disconnect error TCP : Protocol not available"
5383995,"CLI : invalid WordLength ISO : Disconnect error TCP : Protocol not supported"
5383996,"CLI : invalid WordLength ISO : Disconnect error TCP : Socket not supported"
5383997,"CLI : invalid WordLength ISO : Disconnect error TCP : Operation not supported on Socket"
5383998,"CLI : invalid WordLength ISO : Disconnect error TCP : Protocol family not supported"
5383999,"CLI : invalid WordLength ISO : Disconnect error TCP : Address family not supported"
5384000,"CLI : invalid WordLength ISO : Disconnect error TCP : Address already in use"
5384001,"CLI : invalid WordLength ISO : Disconnect error TCP : Can't assign requested address"
5384002,"CLI : invalid WordLength ISO : Disconnect error TCP : Network is down"
5384003,"CLI : invalid WordLength ISO : Disconnect error TCP : Network is unreachable"
5384004,"CLI : invalid WordLength ISO : Disconnect error TCP : Network dropped connection on reset"
5384005,"CLI : invalid WordLength ISO : Disconnect error TCP : Software caused connection abort"
5384006,"CLI : invalid WordLength ISO : Disconnect error TCP : Connection reset by peer"
5384007,"CLI : invalid WordLength ISO : Disconnect error TCP : No Buffer space available"
5384008,"CLI : invalid WordLength ISO : Disconnect error TCP : Socket is already connected"
5384009,"CLI : invalid WordLength ISO : Disconnect error TCP : Socket is not connected"
5384010,"CLI : invalid WordLength ISO : Disconnect error TCP : Can't send after Socket shutdown"
5384011,"CLI : invalid WordLength ISO : Disconnect error TCP : Too many references:can't splice"
5384012,"CLI : invalid WordLength ISO : Disconnect error TCP : Connection timed out"
5384013,"CLI : invalid WordLength ISO : Disconnect error TCP : Connection refused"
5384014,"CLI : invalid WordLength ISO : Disconnect error TCP : Too many levels of symbolic links"
5384015,"CLI : invalid WordLength ISO : Disconnect error TCP : File name is too long"
5384016,"CLI : invalid WordLength ISO : Disconnect error TCP : Host is down"
5384017,"CLI : invalid WordLength ISO : Disconnect error TCP : Unreachable peer"
5384018,"CLI : invalid WordLength ISO : Disconnect error TCP : Directory is not empty"
5384019,"CLI : invalid WordLength ISO : Disconnect error TCP : Too many processes"
5384020,"CLI : invalid WordLength ISO : Disconnect error TCP : Too many users"
5384021,"CLI : invalid WordLength ISO : Disconnect error TCP : Disk quota exceeded"
5384022,"CLI : invalid WordLength ISO : Disconnect error TCP : Stale NFS file handle"
5384023,"CLI : invalid WordLength ISO : Disconnect error TCP : Too many levels of remote in path"
5384043,"CLI : invalid WordLength ISO : Disconnect error TCP : Network subsystem is unusable"
5384044,"CLI : invalid WordLength ISO : Disconnect error TCP : Winsock DLL cannot support this application"
5384045,"CLI : invalid WordLength ISO : Disconnect error TCP : Winsock not initialized"
5384053,"CLI : invalid WordLength ISO : Disconnect error TCP : Disconnect"
5384953,"CLI : invalid WordLength ISO : Disconnect error TCP : Host not found"
5384954,"CLI : invalid WordLength ISO : Disconnect error TCP : Non authoritative - host not found"
5384955,"CLI : invalid WordLength ISO : Disconnect error TCP : Non recoverable error"
5384956,"CLI : invalid WordLength ISO : Disconnect error TCP : Valid name, no data record of requested type"
5385953,"CLI : invalid WordLength ISO : Disconnect error TCP : Invalid address"
5439488,"CLI : invalid WordLength ISO : Bad PDU format"
5449492,"CLI : invalid WordLength ISO : Bad PDU format TCP : Interrupted system call"
5449497,"CLI : invalid WordLength ISO : Bad PDU format TCP : Bad file number"
5449501,"CLI : invalid WordLength ISO : Bad PDU format TCP : Permission denied"
5449502,"CLI : invalid WordLength ISO : Bad PDU format TCP : Bad address"
5449510,"CLI : invalid WordLength ISO : Bad PDU format TCP : Invalid argument"
5449512,"CLI : invalid WordLength ISO : Bad PDU format TCP : Too many open files"
5449523,"CLI : invalid WordLength ISO : Bad PDU format TCP : Operation would block"
5449524,"CLI : invalid WordLength ISO : Bad PDU format TCP : Operation now in progress"
5449525,"CLI : invalid WordLength ISO : Bad PDU format TCP : Operation already in progress"
5449526,"CLI : invalid WordLength ISO : Bad PDU format TCP : Socket operation on non socket"
5449527,"CLI : invalid WordLength ISO : Bad PDU format TCP : Destination address required"
5449528,"CLI : invalid WordLength ISO : Bad PDU format TCP : Message too long"
5449529,"CLI : invalid WordLength ISO : Bad PDU format TCP : Protocol wrong type for Socket"
5449530,"CLI : invalid WordLength ISO : Bad PDU format TCP : Protocol not available"
5449531,"CLI : invalid WordLength ISO : Bad PDU format TCP : Protocol not supported"
5449532,"CLI : invalid WordLength ISO : Bad PDU format TCP : Socket not supported"
5449533,"CLI : invalid WordLength ISO : Bad PDU format TCP : Operation not supported on Socket"
5449534,"CLI : invalid WordLength ISO : Bad PDU format TCP : Protocol family not supported"
5449535,"CLI : invalid WordLength ISO : Bad PDU format TCP : Address family not supported"
5449536,"CLI : invalid WordLength ISO : Bad PDU format TCP : Address already in use"
5449537,"CLI : invalid WordLength ISO : Bad PDU format TCP : Can't assign requested address"
5449538,"CLI : invalid WordLength ISO : Bad PDU format TCP : Network is down"
5449539,"CLI : invalid WordLength ISO : Bad PDU format TCP : Network is unreachable"
5449540,"CLI : invalid WordLength ISO : Bad PDU format TCP : Network dropped connection on reset"
5449541,"CLI : invalid WordLength ISO : Bad PDU format TCP : Software caused connection abort"
5449542,"CLI : invalid WordLength ISO : Bad PDU format TCP : Connection reset by peer"
5449543,"CLI : invalid WordLength ISO : Bad PDU format TCP : No Buffer space available"
5449544,"CLI : invalid WordLength ISO : Bad PDU format TCP : Socket is already connected"
5449545,"CLI : invalid WordLength ISO : Bad PDU format TCP : Socket is not connected"
5449546,"CLI : invalid WordLength ISO : Bad PDU format TCP : Can't send after Socket shutdown"
5449547,"CLI : invalid WordLength ISO : Bad PDU format TCP : Too many references:can't splice"
5449548,"CLI : invalid WordLength ISO : Bad PDU format TCP : Connection timed out"
5449549,"CLI : invalid WordLength ISO : Bad PDU format TCP : Connection refused"
5449550,"CLI : invalid WordLength ISO : Bad PDU format TCP : Too many levels of symbolic links"
5449551,"CLI : invalid WordLength ISO : Bad PDU format TCP : File name is too long"
5449552,"CLI : invalid WordLength ISO : Bad PDU format TCP : Host is down"
5449553,"CLI : invalid WordLength ISO : Bad PDU format TCP : Unreachable peer"
5449554,"CLI : invalid WordLength ISO : Bad PDU format TCP : Directory is not empty"
5449555,"CLI : invalid WordLength ISO : Bad PDU format TCP : Too many processes"
5449556,"CLI : invalid WordLength ISO : Bad PDU format TCP : Too many users"
5449557,"CLI : invalid WordLength ISO : Bad PDU format TCP : Disk quota exceeded"
5449558,"CLI : invalid WordLength ISO : Bad PDU format TCP : Stale NFS file handle"
5449559,"CLI : invalid WordLength ISO : Bad PDU format TCP : Too many levels of remote in path"
5449579,"CLI : invalid WordLength ISO : Bad PDU format TCP : Network subsystem is unusable"
5449580,"CLI : invalid WordLength ISO : Bad PDU format TCP : Winsock DLL cannot support this application"
5449581,"CLI : invalid WordLength ISO : Bad PDU format TCP : Winsock not initialized"
5449589,"CLI : invalid WordLength ISO : Bad PDU format TCP : Disconnect"
5450489,"CLI : invalid WordLength ISO : Bad PDU format TCP : Host not found"
5450490,"CLI : invalid WordLength ISO : Bad PDU format TCP : Non authoritative - host not found"
5450491,"CLI : invalid WordLength ISO : Bad PDU format TCP : Non recoverable error"
5450492,"CLI : invalid WordLength ISO : Bad PDU format TCP : Valid name, no data record of requested type"
5451489,"CLI : invalid WordLength ISO : Bad PDU format TCP : Invalid address"
5505024,"CLI : invalid WordLength ISO : Datasize passed to send/recv buffer is invalid"
5515028,"CLI : invalid WordLength ISO : Datasize passed to send/recv buffer is invalid TCP : Interrupted system call"
5515033,"CLI : invalid WordLength ISO : Datasize passed to send/recv buffer is invalid TCP : Bad file number"
5515037,"CLI : invalid WordLength ISO : Datasize passed to send/recv buffer is invalid TCP : Permission denied"
5515038,"CLI : invalid WordLength ISO : Datasize passed to send/recv buffer is invalid TCP : Bad address"
5515046,"CLI : invalid WordLength ISO : Datasize passed to send/recv buffer is invalid TCP : Invalid argument"
5515048,"CLI : invalid WordLength ISO : Datasize passed to send/recv buffer is invalid TCP : Too many open files"
5515059,"CLI : invalid WordLength ISO : Datasize passed to send/recv buffer is invalid TCP : Operation would block"
5515060,"CLI : invalid WordLength ISO : Datasize passed to send/recv buffer is invalid TCP : Operation now in progress"
5515061,"CLI : invalid WordLength ISO : Datasize passed to send/recv buffer is invalid TCP : Operation already in progress"
5515062,"CLI : invalid WordLength ISO : Datasize passed to send/recv buffer is invalid TCP : Socket operation on non socket"
5515063,"CLI : invalid WordLength ISO : Datasize passed to send/recv buffer is invalid TCP : Destination address required"
5515064,"CLI : invalid WordLength ISO : Datasize passed to send/recv buffer is invalid TCP : Message too long"
5515065,"CLI : invalid WordLength ISO : Datasize passed to send/recv buffer is invalid TCP : Protocol wrong type for Socket"
5515066,"CLI : invalid WordLength ISO : Datasize passed to send/recv buffer is invalid TCP : Protocol not available"
5515067,"CLI : invalid WordLength ISO : Datasize passed to send/recv buffer is invalid TCP : Protocol not supported"
5515068,"CLI : invalid WordLength ISO : Datasize passed to send/recv buffer is invalid TCP : Socket not supported"
5515069,"CLI : invalid WordLength ISO : Datasize passed to send/recv buffer is invalid TCP : Operation not supported on Socket"
5515070,"CLI : invalid WordLength ISO : Datasize passed to send/recv buffer is invalid TCP : Protocol family not supported"
5515071,"CLI : invalid WordLength ISO : Datasize passed to send/recv buffer is invalid TCP : Address family not supported"
5515072,"CLI : invalid WordLength ISO : Datasize passed to send/recv buffer is invalid TCP : Address already in use"
5515073,"CLI : invalid WordLength ISO : Datasize passed to send/recv buffer is invalid TCP : Can't assign requested address"
5515074,"CLI : invalid WordLength ISO : Datasize passed to send/recv buffer is invalid TCP : Network is down"
5515075,"CLI : invalid WordLength ISO : Datasize passed to send/recv buffer is invalid TCP : Network is unreachable"
5515076,"CLI : invalid WordLength ISO : Datasize passed to send/recv buffer is invalid TCP : Network dropped connection on reset"
5515077,"CLI : invalid WordLength ISO : Datasize passed to send/recv buffer is invalid TCP : Software caused connection abort"
5515078,"CLI : invalid WordLength ISO : Datasize passed to send/recv buffer is invalid TCP : Connection reset by peer"
5515079,"CLI : invalid WordLength ISO : Datasize passed to send/recv buffer is invalid TCP : No Buffer space available"
5515080,"CLI : invalid WordLength ISO : Datasize passed to send/recv buffer is invalid TCP : Socket is already connected"
5515081,"CLI : invalid WordLength ISO : Datasize passed to send/recv buffer is invalid TCP : Socket is not connected"
5515082,"CLI : invalid WordLength ISO : Datasize passed to send/recv buffer is invalid TCP : Can't send after Socket shutdown"
5515083,"CLI : invalid WordLength ISO : Datasize passed to send/recv buffer is invalid TCP : Too many references:can't splice"
5515084,"CLI : invalid WordLength ISO : Datasize passed to send/recv buffer is invalid TCP : Connection timed out"
5515085,"CLI : invalid WordLength ISO : Datasize passed to send/recv buffer is invalid TCP : Connection refused"
5515086,"CLI : invalid WordLength ISO : Datasize passed to send/recv buffer is invalid TCP : Too many levels of symbolic links"
5515087,"CLI : invalid WordLength ISO : Datasize passed to send/recv buffer is invalid TCP : File name is too long"
5515088,"CLI : invalid WordLength ISO : Datasize passed to send/recv buffer is invalid TCP : Host is down"
5515089,"CLI : invalid WordLength ISO : Datasize passed to send/recv buffer is invalid TCP : Unreachable peer"
5515090,"CLI : invalid WordLength ISO : Datasize passed to send/recv buffer is invalid TCP : Directory is not empty"
5515091,"CLI : invalid WordLength ISO : Datasize passed to send/recv buffer is invalid TCP : Too many processes"
5515092,"CLI : invalid WordLength ISO : Datasize passed to send/recv buffer is invalid TCP : Too many users"
5515093,"CLI : invalid WordLength ISO : Datasize passed to send/recv buffer is invalid TCP : Disk quota exceeded"
5515094,"CLI : invalid WordLength ISO : Datasize passed to send/recv buffer is invalid TCP : Stale NFS file handle"
5515095,"CLI : invalid WordLength ISO : Datasize passed to send/recv buffer is invalid TCP : Too many levels of remote in path"
5515115,"CLI : invalid WordLength ISO : Datasize passed to send/recv buffer is invalid TCP : Network subsystem is unusable"
5515116,"CLI : invalid WordLength ISO : Datasize passed to send/recv buffer is invalid TCP : Winsock DLL cannot support this application"
5515117,"CLI : invalid WordLength ISO : Datasize passed to send/recv buffer is invalid TCP : Winsock not initialized"
5515125,"CLI : invalid WordLength ISO : Datasize passed to send/recv buffer is invalid TCP : Disconnect"
5516025,"CLI : invalid WordLength ISO : Datasize passed to send/recv buffer is invalid TCP : Host not found"
5516026,"CLI : invalid WordLength ISO : Datasize passed to send/recv buffer is invalid TCP : Non authoritative - host not found"
5516027,"CLI : invalid WordLength ISO : Datasize passed to send/recv buffer is invalid TCP : Non recoverable error"
5516028,"CLI : invalid WordLength ISO : Datasize passed to send/recv buffer is invalid TCP : Valid name, no data record of requested type"
5517025,"CLI : invalid WordLength ISO : Datasize passed to send/recv buffer is invalid TCP : Invalid address"
5570560,"CLI : invalid WordLength ISO : Null passed as pointer"
5580564,"CLI : invalid WordLength ISO : Null passed as pointer TCP : Interrupted system call"
5580569,"CLI : invalid WordLength ISO : Null passed as pointer TCP : Bad file number"
5580573,"CLI : invalid WordLength ISO : Null passed as pointer TCP : Permission denied"
5580574,"CLI : invalid WordLength ISO : Null passed as pointer TCP : Bad address"
5580582,"CLI : invalid WordLength ISO : Null passed as pointer TCP : Invalid argument"
5580584,"CLI : invalid WordLength ISO : Null passed as pointer TCP : Too many open files"
5580595,"CLI : invalid WordLength ISO : Null passed as pointer TCP : Operation would block"
5580596,"CLI : invalid WordLength ISO : Null passed as pointer TCP : Operation now in progress"
5580597,"CLI : invalid WordLength ISO : Null passed as pointer TCP : Operation already in progress"
5580598,"CLI : invalid WordLength ISO : Null passed as pointer TCP : Socket operation on non socket"
5580599,"CLI : invalid WordLength ISO : Null passed as pointer TCP : Destination address required"
5580600,"CLI : invalid WordLength ISO : Null passed as pointer TCP : Message too long"
5580601,"CLI : invalid WordLength ISO : Null passed as pointer TCP : Protocol wrong type for Socket"
5580602,"CLI : invalid WordLength ISO : Null passed as pointer TCP : Protocol not available"
5580603,"CLI : invalid WordLength ISO : Null passed as pointer TCP : Protocol not supported"
5580604,"CLI : invalid WordLength ISO : Null passed as pointer TCP : Socket not supported"
5580605,"CLI : invalid WordLength ISO : Null passed as pointer TCP : Operation not supported on Socket"
5580606,"CLI : invalid WordLength ISO : Null passed as pointer TCP : Protocol family not supported"
5580607,"CLI : invalid WordLength ISO : Null passed as pointer TCP : Address family not supported"
5580608,"CLI : invalid WordLength ISO : Null passed as pointer TCP : Address already in use"
5580609,"CLI : invalid WordLength ISO : Null passed as pointer TCP : Can't assign requested address"
5580610,"CLI : invalid WordLength ISO : Null passed as pointer TCP : Network is down"
5580611,"CLI : invalid WordLength ISO : Null passed as pointer TCP : Network is unreachable"
5580612,"CLI : invalid WordLength ISO : Null passed as pointer TCP : Network dropped connection on reset"
5580613,"CLI : invalid WordLength ISO : Null passed as pointer TCP : Software caused connection abort"
5580614,"CLI : invalid WordLength ISO : Null passed as pointer TCP : Connection reset by peer"
5580615,"CLI : invalid WordLength ISO : Null passed as pointer TCP : No Buffer space available"
5580616,"CLI : invalid WordLength ISO : Null passed as pointer TCP : Socket is already connected"
5580617,"CLI : invalid WordLength ISO : Null passed as pointer TCP : Socket is not connected"
5580618,"CLI : invalid WordLength ISO : Null passed as pointer TCP : Can't send after Socket shutdown"
5580619,"CLI : invalid WordLength ISO : Null passed as pointer TCP : Too many references:can't splice"
5580620,"CLI : invalid WordLength ISO : Null passed as pointer TCP : Connection timed out"
5580621,"CLI : invalid WordLength ISO : Null passed as pointer TCP : Connection refused"
5580622,"CLI : invalid WordLength ISO : Null passed as pointer TCP : Too many levels of symbolic links"
5580623,"CLI : invalid WordLength ISO : Null passed as pointer TCP : File name is too long"
5580624,"CLI : invalid WordLength ISO : Null passed as pointer TCP : Host is down"
5580625,"CLI : invalid WordLength ISO : Null passed as pointer TCP : Unreachable peer"
5580626,"CLI : invalid WordLength ISO : Null passed as pointer TCP : Directory is not empty"
5580627,"CLI : invalid WordLength ISO : Null passed as pointer TCP : Too many processes"
5580628,"CLI : invalid WordLength ISO : Null passed as pointer TCP : Too many users"
5580629,"CLI : invalid WordLength ISO : Null passed as pointer TCP : Disk quota exceeded"
5580630,"CLI : invalid WordLength ISO : Null passed as pointer TCP : Stale NFS file handle"
5580631,"CLI : invalid WordLength ISO : Null passed as pointer TCP : Too many levels of remote in path"
5580651,"CLI : invalid WordLength ISO : Null passed as pointer TCP : Network subsystem is unusable"
5580652,"CLI : invalid WordLength ISO : Null passed as pointer TCP : Winsock DLL cannot support this application"
5580653,"CLI : invalid WordLength ISO : Null passed as pointer TCP : Winsock not initialized"
5580661,"CLI : invalid WordLength ISO : Null passed as pointer TCP : Disconnect"
5581561,"CLI : invalid WordLength ISO : Null passed as pointer TCP : Host not found"
5581562,"CLI : invalid WordLength ISO : Null passed as pointer TCP : Non authoritative - host not found"
5581563,"CLI : invalid WordLength ISO : Null passed as pointer TCP : Non recoverable error"
5581564,"CLI : invalid WordLength ISO : Null passed as pointer TCP : Valid name, no data record of requested type"
5582561,"CLI : invalid WordLength ISO : Null passed as pointer TCP : Invalid address"
5636096,"CLI : invalid WordLength ISO : A short packet received"
5646100,"CLI : invalid WordLength ISO : A short packet received TCP : Interrupted system call"
5646105,"CLI : invalid WordLength ISO : A short packet received TCP : Bad file number"
5646109,"CLI : invalid WordLength ISO : A short packet received TCP : Permission denied"
5646110,"CLI : invalid WordLength ISO : A short packet received TCP : Bad address"
5646118,"CLI : invalid WordLength ISO : A short packet received TCP : Invalid argument"
5646120,"CLI : invalid WordLength ISO : A short packet received TCP : Too many open files"
5646131,"CLI : invalid WordLength ISO : A short packet received TCP : Operation would block"
5646132,"CLI : invalid WordLength ISO : A short packet received TCP : Operation now in progress"
5646133,"CLI : invalid WordLength ISO : A short packet received TCP : Operation already in progress"
5646134,"CLI : invalid WordLength ISO : A short packet received TCP : Socket operation on non socket"
5646135,"CLI : invalid WordLength ISO : A short packet received TCP : Destination address required"
5646136,"CLI : invalid WordLength ISO : A short packet received TCP : Message too long"
5646137,"CLI : invalid WordLength ISO : A short packet received TCP : Protocol wrong type for Socket"
5646138,"CLI : invalid WordLength ISO : A short packet received TCP : Protocol not available"
5646139,"CLI : invalid WordLength ISO : A short packet received TCP : Protocol not supported"
5646140,"CLI : invalid WordLength ISO : A short packet received TCP : Socket not supported"
5646141,"CLI : invalid WordLength ISO : A short packet received TCP : Operation not supported on Socket"
5646142,"CLI : invalid WordLength ISO : A short packet received TCP : Protocol family not supported"
5646143,"CLI : invalid WordLength ISO : A short packet received TCP : Address family not supported"
5646144,"CLI : invalid WordLength ISO : A short packet received TCP : Address already in use"
5646145,"CLI : invalid WordLength ISO : A short packet received TCP : Can't assign requested address"
5646146,"CLI : invalid WordLength ISO : A short packet received TCP : Network is down"
5646147,"CLI : invalid WordLength ISO : A short packet received TCP : Network is unreachable"
5646148,"CLI : invalid WordLength ISO : A short packet received TCP : Network dropped connection on reset"
5646149,"CLI : invalid WordLength ISO : A short packet received TCP : Software caused connection abort"
5646150,"CLI : invalid WordLength ISO : A short packet received TCP : Connection reset by peer"
5646151,"CLI : invalid WordLength ISO : A short packet received TCP : No Buffer space available"
5646152,"CLI : invalid WordLength ISO : A short packet received TCP : Socket is already connected"
5646153,"CLI : invalid WordLength ISO : A short packet received TCP : Socket is not connected"
5646154,"CLI : invalid WordLength ISO : A short packet received TCP : Can't send after Socket shutdown"
5646155,"CLI : invalid WordLength ISO : A short packet received TCP : Too many references:can't splice"
5646156,"CLI : invalid WordLength ISO : A short packet received TCP : Connection timed out"
5646157,"CLI : invalid WordLength ISO : A short packet received TCP : Connection refused"
5646158,"CLI : invalid WordLength ISO : A short packet received TCP : Too many levels of symbolic links"
5646159,"CLI : invalid WordLength ISO : A short packet received TCP : File name is too long"
5646160,"CLI : invalid WordLength ISO : A short packet received TCP : Host is down"
5646161,"CLI : invalid WordLength ISO : A short packet received TCP : Unreachable peer"
5646162,"CLI : invalid WordLength ISO : A short packet received TCP : Directory is not empty"
5646163,"CLI : invalid WordLength ISO : A short packet received TCP : Too many processes"
5646164,"CLI : invalid WordLength ISO : A short packet received TCP : Too many users"
5646165,"CLI : invalid WordLength ISO : A short packet received TCP : Disk quota exceeded"
5646166,"CLI : invalid WordLength ISO : A short packet received TCP : Stale NFS file handle"
5646167,"CLI : invalid WordLength ISO : A short packet received TCP : Too many levels of remote in path"
5646187,"CLI : invalid WordLength ISO : A short packet received TCP : Network subsystem is unusable"
5646188,"CLI : invalid WordLength ISO : A short packet received TCP : Winsock DLL cannot support this application"
5646189,"CLI : invalid WordLength ISO : A short packet received TCP : Winsock not initialized"
5646197,"CLI : invalid WordLength ISO : A short packet received TCP : Disconnect"
5647097,"CLI : invalid WordLength ISO : A short packet received TCP : Host not found"
5647098,"CLI : invalid WordLength ISO : A short packet received TCP : Non authoritative - host not found"
5647099,"CLI : invalid WordLength ISO : A short packet received TCP : Non recoverable error"
5647100,"CLI : invalid WordLength ISO : A short packet received TCP : Valid name, no data record of requested type"
5648097,"CLI : invalid WordLength ISO : A short packet received TCP : Invalid address"
5701632,"CLI : invalid WordLength ISO : Too many packets without EoT flag"
5711636,"CLI : invalid WordLength ISO : Too many packets without EoT flag TCP : Interrupted system call"
5711641,"CLI : invalid WordLength ISO : Too many packets without EoT flag TCP : Bad file number"
5711645,"CLI : invalid WordLength ISO : Too many packets without EoT flag TCP : Permission denied"
5711646,"CLI : invalid WordLength ISO : Too many packets without EoT flag TCP : Bad address"
5711654,"CLI : invalid WordLength ISO : Too many packets without EoT flag TCP : Invalid argument"
5711656,"CLI : invalid WordLength ISO : Too many packets without EoT flag TCP : Too many open files"
5711667,"CLI : invalid WordLength ISO : Too many packets without EoT flag TCP : Operation would block"
5711668,"CLI : invalid WordLength ISO : Too many packets without EoT flag TCP : Operation now in progress"
5711669,"CLI : invalid WordLength ISO : Too many packets without EoT flag TCP : Operation already in progress"
5711670,"CLI : invalid WordLength ISO : Too many packets without EoT flag TCP : Socket operation on non socket"
5711671,"CLI : invalid WordLength ISO : Too many packets without EoT flag TCP : Destination address required"
5711672,"CLI : invalid WordLength ISO : Too many packets without EoT flag TCP : Message too long"
5711673,"CLI : invalid WordLength ISO : Too many packets without EoT flag TCP : Protocol wrong type for Socket"
5711674,"CLI : invalid WordLength ISO : Too many packets without EoT flag TCP : Protocol not available"
5711675,"CLI : invalid WordLength ISO : Too many packets without EoT flag TCP : Protocol not supported"
5711676,"CLI : invalid WordLength ISO : Too many packets without EoT flag TCP : Socket not supported"
5711677,"CLI : invalid WordLength ISO : Too many packets without EoT flag TCP : Operation not supported on Socket"
5711678,"CLI : invalid WordLength ISO : Too many packets without EoT flag TCP : Protocol family not supported"
5711679,"CLI : invalid WordLength ISO : Too many packets without EoT flag TCP : Address family not supported"
5711680,"CLI : invalid WordLength ISO : Too many packets without EoT flag TCP : Address already in use"
5711681,"CLI : invalid WordLength ISO : Too many packets without EoT flag TCP : Can't assign requested address"
5711682,"CLI : invalid WordLength ISO : Too many packets without EoT flag TCP : Network is down"
5711683,"CLI : invalid WordLength ISO : Too many packets without EoT flag TCP : Network is unreachable"
5711684,"CLI : invalid WordLength ISO : Too many packets without EoT flag TCP : Network dropped connection on reset"
5711685,"CLI : invalid WordLength ISO : Too many packets without EoT flag TCP : Software caused connection abort"
5711686,"CLI : invalid WordLength ISO : Too many packets without EoT flag TCP : Connection reset by peer"
5711687,"CLI : invalid WordLength ISO : Too many packets without EoT flag TCP : No Buffer space available"
5711688,"CLI : invalid WordLength ISO : Too many packets without EoT flag TCP : Socket is already connected"
5711689,"CLI : invalid WordLength ISO : Too many packets without EoT flag TCP : Socket is not connected"
5711690,"CLI : invalid WordLength ISO : Too many packets without EoT flag TCP : Can't send after Socket shutdown"
5711691,"CLI : invalid WordLength ISO : Too many packets without EoT flag TCP : Too many references:can't splice"
5711692,"CLI : invalid WordLength ISO : Too many packets without EoT flag TCP : Connection timed out"
5711693,"CLI : invalid WordLength ISO : Too many packets without EoT flag TCP : Connection refused"
5711694,"CLI : invalid WordLength ISO : Too many packets without EoT flag TCP : Too many levels of symbolic links"
5711695,"CLI : invalid WordLength ISO : Too many packets without EoT flag TCP : File name is too long"
5711696,"CLI : invalid WordLength ISO : Too many packets without EoT flag TCP : Host is down"
5711697,"CLI : invalid WordLength ISO : Too many packets without EoT flag TCP : Unreachable peer"
5711698,"CLI : invalid WordLength ISO : Too many packets without EoT flag TCP : Directory is not empty"
5711699,"CLI : invalid WordLength ISO : Too many packets without EoT flag TCP : Too many processes"
5711700,"CLI : invalid WordLength ISO : Too many packets without EoT flag TCP : Too many users"
5711701,"CLI : invalid WordLength ISO : Too many packets without EoT flag TCP : Disk quota exceeded"
5711702,"CLI : invalid WordLength ISO : Too many packets without EoT flag TCP : Stale NFS file handle"
5711703,"CLI : invalid WordLength ISO : Too many packets without EoT flag TCP : Too many levels of remote in path"
5711723,"CLI : invalid WordLength ISO : Too many packets without EoT flag TCP : Network subsystem is unusable"
5711724,"CLI : invalid WordLength ISO : Too many packets without EoT flag TCP : Winsock DLL cannot support this application"
5711725,"CLI : invalid WordLength ISO : Too many packets without EoT flag TCP : Winsock not initialized"
5711733,"CLI : invalid WordLength ISO : Too many packets without EoT flag TCP : Disconnect"
5712633,"CLI : invalid WordLength ISO : Too many packets without EoT flag TCP : Host not found"
5712634,"CLI : invalid WordLength ISO : Too many packets without EoT flag TCP : Non authoritative - host not found"
5712635,"CLI : invalid WordLength ISO : Too many packets without EoT flag TCP : Non recoverable error"
5712636,"CLI : invalid WordLength ISO : Too many packets without EoT flag TCP : Valid name, no data record of requested type"
5713633,"CLI : invalid WordLength ISO : Too many packets without EoT flag TCP : Invalid address"
5767168,"CLI : invalid WordLength ISO : The sum of fragments data exceded maximum packet size"
5777172,"CLI : invalid WordLength ISO : The sum of fragments data exceded maximum packet size TCP : Interrupted system call"
5777177,"CLI : invalid WordLength ISO : The sum of fragments data exceded maximum packet size TCP : Bad file number"
5777181,"CLI : invalid WordLength ISO : The sum of fragments data exceded maximum packet size TCP : Permission denied"
5777182,"CLI : invalid WordLength ISO : The sum of fragments data exceded maximum packet size TCP : Bad address"
5777190,"CLI : invalid WordLength ISO : The sum of fragments data exceded maximum packet size TCP : Invalid argument"
5777192,"CLI : invalid WordLength ISO : The sum of fragments data exceded maximum packet size TCP : Too many open files"
5777203,"CLI : invalid WordLength ISO : The sum of fragments data exceded maximum packet size TCP : Operation would block"
5777204,"CLI : invalid WordLength ISO : The sum of fragments data exceded maximum packet size TCP : Operation now in progress"
5777205,"CLI : invalid WordLength ISO : The sum of fragments data exceded maximum packet size TCP : Operation already in progress"
5777206,"CLI : invalid WordLength ISO : The sum of fragments data exceded maximum packet size TCP : Socket operation on non socket"
5777207,"CLI : invalid WordLength ISO : The sum of fragments data exceded maximum packet size TCP : Destination address required"
5777208,"CLI : invalid WordLength ISO : The sum of fragments data exceded maximum packet size TCP : Message too long"
5777209,"CLI : invalid WordLength ISO : The sum of fragments data exceded maximum packet size TCP : Protocol wrong type for Socket"
5777210,"CLI : invalid WordLength ISO : The sum of fragments data exceded maximum packet size TCP : Protocol not available"
5777211,"CLI : invalid WordLength ISO : The sum of fragments data exceded maximum packet size TCP : Protocol not supported"
5777212,"CLI : invalid WordLength ISO : The sum of fragments data exceded maximum packet size TCP : Socket not supported"
5777213,"CLI : invalid WordLength ISO : The sum of fragments data exceded maximum packet size TCP : Operation not supported on Socket"
5777214,"CLI : invalid WordLength ISO : The sum of fragments data exceded maximum packet size TCP : Protocol family not supported"
5777215,"CLI : invalid WordLength ISO : The sum of fragments data exceded maximum packet size TCP : Address family not supported"
5777216,"CLI : invalid WordLength ISO : The sum of fragments data exceded maximum packet size TCP : Address already in use"
5777217,"CLI : invalid WordLength ISO : The sum of fragments data exceded maximum packet size TCP : Can't assign requested address"
5777218,"CLI : invalid WordLength ISO : The sum of fragments data exceded maximum packet size TCP : Network is down"
5777219,"CLI : invalid WordLength ISO : The sum of fragments data exceded maximum packet size TCP : Network is unreachable"
5777220,"CLI : invalid WordLength ISO : The sum of fragments data exceded maximum packet size TCP : Network dropped connection on reset"
5777221,"CLI : invalid WordLength ISO : The sum of fragments data exceded maximum packet size TCP : Software caused connection abort"
5777222,"CLI : invalid WordLength ISO : The sum of fragments data exceded maximum packet size TCP : Connection reset by peer"
5777223,"CLI : invalid WordLength ISO : The sum of fragments data exceded maximum packet size TCP : No Buffer space available"
5777224,"CLI : invalid WordLength ISO : The sum of fragments data exceded maximum packet size TCP : Socket is already connected"
5777225,"CLI : invalid WordLength ISO : The sum of fragments data exceded maximum packet size TCP : Socket is not connected"
5777226,"CLI : invalid WordLength ISO : The sum of fragments data exceded maximum packet size TCP : Can't send after Socket shutdown"
5777227,"CLI : invalid WordLength ISO : The sum of fragments data exceded maximum packet size TCP : Too many references:can't splice"
5777228,"CLI : invalid WordLength ISO : The sum of fragments data exceded maximum packet size TCP : Connection timed out"
5777229,"CLI : invalid WordLength ISO : The sum of fragments data exceded maximum packet size TCP : Connection refused"
5777230,"CLI : invalid WordLength ISO : The sum of fragments data exceded maximum packet size TCP : Too many levels of symbolic links"
5777231,"CLI : invalid WordLength ISO : The sum of fragments data exceded maximum packet size TCP : File name is too long"
5777232,"CLI : invalid WordLength ISO : The sum of fragments data exceded maximum packet size TCP : Host is down"
5777233,"CLI : invalid WordLength ISO : The sum of fragments data exceded maximum packet size TCP : Unreachable peer"
5777234,"CLI : invalid WordLength ISO : The sum of fragments data exceded maximum packet size TCP : Directory is not empty"
5777235,"CLI : invalid WordLength ISO : The sum of fragments data exceded maximum packet size TCP : Too many processes"
5777236,"CLI : invalid WordLength ISO : The sum of fragments data exceded maximum packet size TCP : Too many users"
5777237,"CLI : invalid WordLength ISO : The sum of fragments data exceded maximum packet size TCP : Disk quota exceeded"
5777238,"CLI : invalid WordLength ISO : The sum of fragments data exceded maximum packet size TCP : Stale NFS file handle"
5777239,"CLI : invalid WordLength ISO : The sum of fragments data exceded maximum packet size TCP : Too many levels of remote in path"
5777259,"CLI : invalid WordLength ISO : The sum of fragments data exceded maximum packet size TCP : Network subsystem is unusable"
5777260,"CLI : invalid WordLength ISO : The sum of fragments data exceded maximum packet size TCP : Winsock DLL cannot support this application"
5777261,"CLI : invalid WordLength ISO : The sum of fragments data exceded maximum packet size TCP : Winsock not initialized"
5777269,"CLI : invalid WordLength ISO : The sum of fragments data exceded maximum packet size TCP : Disconnect"
5778169,"CLI : invalid WordLength ISO : The sum of fragments data exceded maximum packet size TCP : Host not found"
5778170,"CLI : invalid WordLength ISO : The sum of fragments data exceded maximum packet size TCP : Non authoritative - host not found"
5778171,"CLI : invalid WordLength ISO : The sum of fragments data exceded maximum packet size TCP : Non recoverable error"
5778172,"CLI : invalid WordLength ISO : The sum of fragments data exceded maximum packet size TCP : Valid name, no data record of requested type"
5779169,"CLI : invalid WordLength ISO : The sum of fragments data exceded maximum packet size TCP : Invalid address"
5832704,"CLI : invalid WordLength ISO : An error occurred during send"
5842708,"CLI : invalid WordLength ISO : An error occurred during send TCP : Interrupted system call"
5842713,"CLI : invalid WordLength ISO : An error occurred during send TCP : Bad file number"
5842717,"CLI : invalid WordLength ISO : An error occurred during send TCP : Permission denied"
5842718,"CLI : invalid WordLength ISO : An error occurred during send TCP : Bad address"
5842726,"CLI : invalid WordLength ISO : An error occurred during send TCP : Invalid argument"
5842728,"CLI : invalid WordLength ISO : An error occurred during send TCP : Too many open files"
5842739,"CLI : invalid WordLength ISO : An error occurred during send TCP : Operation would block"
5842740,"CLI : invalid WordLength ISO : An error occurred during send TCP : Operation now in progress"
5842741,"CLI : invalid WordLength ISO : An error occurred during send TCP : Operation already in progress"
5842742,"CLI : invalid WordLength ISO : An error occurred during send TCP : Socket operation on non socket"
5842743,"CLI : invalid WordLength ISO : An error occurred during send TCP : Destination address required"
5842744,"CLI : invalid WordLength ISO : An error occurred during send TCP : Message too long"
5842745,"CLI : invalid WordLength ISO : An error occurred during send TCP : Protocol wrong type for Socket"
5842746,"CLI : invalid WordLength ISO : An error occurred during send TCP : Protocol not available"
5842747,"CLI : invalid WordLength ISO : An error occurred during send TCP : Protocol not supported"
5842748,"CLI : invalid WordLength ISO : An error occurred during send TCP : Socket not supported"
5842749,"CLI : invalid WordLength ISO : An error occurred during send TCP : Operation not supported on Socket"
5842750,"CLI : invalid WordLength ISO : An error occurred during send TCP : Protocol family not supported"
5842751,"CLI : invalid WordLength ISO : An error occurred during send TCP : Address family not supported"
5842752,"CLI : invalid WordLength ISO : An error occurred during send TCP : Address already in use"
5842753,"CLI : invalid WordLength ISO : An error occurred during send TCP : Can't assign requested address"
5842754,"CLI : invalid WordLength ISO : An error occurred during send TCP : Network is down"
5842755,"CLI : invalid WordLength ISO : An error occurred during send TCP : Network is unreachable"
5842756,"CLI : invalid WordLength ISO : An error occurred during send TCP : Network dropped connection on reset"
5842757,"CLI : invalid WordLength ISO : An error occurred during send TCP : Software caused connection abort"
5842758,"CLI : invalid WordLength ISO : An error occurred during send TCP : Connection reset by peer"
5842759,"CLI : invalid WordLength ISO : An error occurred during send TCP : No Buffer space available"
5842760,"CLI : invalid WordLength ISO : An error occurred during send TCP : Socket is already connected"
5842761,"CLI : invalid WordLength ISO : An error occurred during send TCP : Socket is not connected"
5842762,"CLI : invalid WordLength ISO : An error occurred during send TCP : Can't send after Socket shutdown"
5842763,"CLI : invalid WordLength ISO : An error occurred during send TCP : Too many references:can't splice"
5842764,"CLI : invalid WordLength ISO : An error occurred during send TCP : Connection timed out"
5842765,"CLI : invalid WordLength ISO : An error occurred during send TCP : Connection refused"
5842766,"CLI : invalid WordLength ISO : An error occurred during send TCP : Too many levels of symbolic links"
5842767,"CLI : invalid WordLength ISO : An error occurred during send TCP : File name is too long"
5842768,"CLI : invalid WordLength ISO : An error occurred during send TCP : Host is down"
5842769,"CLI : invalid WordLength ISO : An error occurred during send TCP : Unreachable peer"
5842770,"CLI : invalid WordLength ISO : An error occurred during send TCP : Directory is not empty"
5842771,"CLI : invalid WordLength ISO : An error occurred during send TCP : Too many processes"
5842772,"CLI : invalid WordLength ISO : An error occurred during send TCP : Too many users"
5842773,"CLI : invalid WordLength ISO : An error occurred during send TCP : Disk quota exceeded"
5842774,"CLI : invalid WordLength ISO : An error occurred during send TCP : Stale NFS file handle"
5842775,"CLI : invalid WordLength ISO : An error occurred during send TCP : Too many levels of remote in path"
5842795,"CLI : invalid WordLength ISO : An error occurred during send TCP : Network subsystem is unusable"
5842796,"CLI : invalid WordLength ISO : An error occurred during send TCP : Winsock DLL cannot support this application"
5842797,"CLI : invalid WordLength ISO : An error occurred during send TCP : Winsock not initialized"
5842805,"CLI : invalid WordLength ISO : An error occurred during send TCP : Disconnect"
5843705,"CLI : invalid WordLength ISO : An error occurred during send TCP : Host not found"
5843706,"CLI : invalid WordLength ISO : An error occurred during send TCP : Non authoritative - host not found"
5843707,"CLI : invalid WordLength ISO : An error occurred during send TCP : Non recoverable error"
5843708,"CLI : invalid WordLength ISO : An error occurred during send TCP : Valid name, no data record of requested type"
5844705,"CLI : invalid WordLength ISO : An error occurred during send TCP : Invalid address"
5898240,"CLI : invalid WordLength ISO : An error occurred during recv"
5908244,"CLI : invalid WordLength ISO : An error occurred during recv TCP : Interrupted system call"
5908249,"CLI : invalid WordLength ISO : An error occurred during recv TCP : Bad file number"
5908253,"CLI : invalid WordLength ISO : An error occurred during recv TCP : Permission denied"
5908254,"CLI : invalid WordLength ISO : An error occurred during recv TCP : Bad address"
5908262,"CLI : invalid WordLength ISO : An error occurred during recv TCP : Invalid argument"
5908264,"CLI : invalid WordLength ISO : An error occurred during recv TCP : Too many open files"
5908275,"CLI : invalid WordLength ISO : An error occurred during recv TCP : Operation would block"
5908276,"CLI : invalid WordLength ISO : An error occurred during recv TCP : Operation now in progress"
5908277,"CLI : invalid WordLength ISO : An error occurred during recv TCP : Operation already in progress"
5908278,"CLI : invalid WordLength ISO : An error occurred during recv TCP : Socket operation on non socket"
5908279,"CLI : invalid WordLength ISO : An error occurred during recv TCP : Destination address required"
5908280,"CLI : invalid WordLength ISO : An error occurred during recv TCP : Message too long"
5908281,"CLI : invalid WordLength ISO : An error occurred during recv TCP : Protocol wrong type for Socket"
5908282,"CLI : invalid WordLength ISO : An error occurred during recv TCP : Protocol not available"
5908283,"CLI : invalid WordLength ISO : An error occurred during recv TCP : Protocol not supported"
5908284,"CLI : invalid WordLength ISO : An error occurred during recv TCP : Socket not supported"
5908285,"CLI : invalid WordLength ISO : An error occurred during recv TCP : Operation not supported on Socket"
5908286,"CLI : invalid WordLength ISO : An error occurred during recv TCP : Protocol family not supported"
5908287,"CLI : invalid WordLength ISO : An error occurred during recv TCP : Address family not supported"
5908288,"CLI : invalid WordLength ISO : An error occurred during recv TCP : Address already in use"
5908289,"CLI : invalid WordLength ISO : An error occurred during recv TCP : Can't assign requested address"
5908290,"CLI : invalid WordLength ISO : An error occurred during recv TCP : Network is down"
5908291,"CLI : invalid WordLength ISO : An error occurred during recv TCP : Network is unreachable"
5908292,"CLI : invalid WordLength ISO : An error occurred during recv TCP : Network dropped connection on reset"
5908293,"CLI : invalid WordLength ISO : An error occurred during recv TCP : Software caused connection abort"
5908294,"CLI : invalid WordLength ISO : An error occurred during recv TCP : Connection reset by peer"
5908295,"CLI : invalid WordLength ISO : An error occurred during recv TCP : No Buffer space available"
5908296,"CLI : invalid WordLength ISO : An error occurred during recv TCP : Socket is already connected"
5908297,"CLI : invalid WordLength ISO : An error occurred during recv TCP : Socket is not connected"
5908298,"CLI : invalid WordLength ISO : An error occurred during recv TCP : Can't send after Socket shutdown"
5908299,"CLI : invalid WordLength ISO : An error occurred during recv TCP : Too many references:can't splice"
5908300,"CLI : invalid WordLength ISO : An error occurred during recv TCP : Connection timed out"
5908301,"CLI : invalid WordLength ISO : An error occurred during recv TCP : Connection refused"
5908302,"CLI : invalid WordLength ISO : An error occurred during recv TCP : Too many levels of symbolic links"
5908303,"CLI : invalid WordLength ISO : An error occurred during recv TCP : File name is too long"
5908304,"CLI : invalid WordLength ISO : An error occurred during recv TCP : Host is down"
5908305,"CLI : invalid WordLength ISO : An error occurred during recv TCP : Unreachable peer"
5908306,"CLI : invalid WordLength ISO : An error occurred during recv TCP : Directory is not empty"
5908307,"CLI : invalid WordLength ISO : An error occurred during recv TCP : Too many processes"
5908308,"CLI : invalid WordLength ISO : An error occurred during recv TCP : Too many users"
5908309,"CLI : invalid WordLength ISO : An error occurred during recv TCP : Disk quota exceeded"
5908310,"CLI : invalid WordLength ISO : An error occurred during recv TCP : Stale NFS file handle"
5908311,"CLI : invalid WordLength ISO : An error occurred during recv TCP : Too many levels of remote in path"
5908331,"CLI : invalid WordLength ISO : An error occurred during recv TCP : Network subsystem is unusable"
5908332,"CLI : invalid WordLength ISO : An error occurred during recv TCP : Winsock DLL cannot support this application"
5908333,"CLI : invalid WordLength ISO : An error occurred during recv TCP : Winsock not initialized"
5908341,"CLI : invalid WordLength ISO : An error occurred during recv TCP : Disconnect"
5909241,"CLI : invalid WordLength ISO : An error occurred during recv TCP : Host not found"
5909242,"CLI : invalid WordLength ISO : An error occurred during recv TCP : Non authoritative - host not found"
5909243,"CLI : invalid WordLength ISO : An error occurred during recv TCP : Non recoverable error"
5909244,"CLI : invalid WordLength ISO : An error occurred during recv TCP : Valid name, no data record of requested type"
5910241,"CLI : invalid WordLength ISO : An error occurred during recv TCP : Invalid address"
5963776,"CLI : invalid WordLength ISO : Invalid connection params (wrong TSAPs)"
5973780,"CLI : invalid WordLength ISO : Invalid connection params (wrong TSAPs) TCP : Interrupted system call"
5973785,"CLI : invalid WordLength ISO : Invalid connection params (wrong TSAPs) TCP : Bad file number"
5973789,"CLI : invalid WordLength ISO : Invalid connection params (wrong TSAPs) TCP : Permission denied"
5973790,"CLI : invalid WordLength ISO : Invalid connection params (wrong TSAPs) TCP : Bad address"
5973798,"CLI : invalid WordLength ISO : Invalid connection params (wrong TSAPs) TCP : Invalid argument"
5973800,"CLI : invalid WordLength ISO : Invalid connection params (wrong TSAPs) TCP : Too many open files"
5973811,"CLI : invalid WordLength ISO : Invalid connection params (wrong TSAPs) TCP : Operation would block"
5973812,"CLI : invalid WordLength ISO : Invalid connection params (wrong TSAPs) TCP : Operation now in progress"
5973813,"CLI : invalid WordLength ISO : Invalid connection params (wrong TSAPs) TCP : Operation already in progress"
5973814,"CLI : invalid WordLength ISO : Invalid connection params (wrong TSAPs) TCP : Socket operation on non socket"
5973815,"CLI : invalid WordLength ISO : Invalid connection params (wrong TSAPs) TCP : Destination address required"
5973816,"CLI : invalid WordLength ISO : Invalid connection params (wrong TSAPs) TCP : Message too long"
5973817,"CLI : invalid WordLength ISO : Invalid connection params (wrong TSAPs) TCP : Protocol wrong type for Socket"
5973818,"CLI : invalid WordLength ISO : Invalid connection params (wrong TSAPs) TCP : Protocol not available"
5973819,"CLI : invalid WordLength ISO : Invalid connection params (wrong TSAPs) TCP : Protocol not supported"
5973820,"CLI : invalid WordLength ISO : Invalid connection params (wrong TSAPs) TCP : Socket not supported"
5973821,"CLI : invalid WordLength ISO : Invalid connection params (wrong TSAPs) TCP : Operation not supported on Socket"
5973822,"CLI : invalid WordLength ISO : Invalid connection params (wrong TSAPs) TCP : Protocol family not supported"
5973823,"CLI : invalid WordLength ISO : Invalid connection params (wrong TSAPs) TCP : Address family not supported"
5973824,"CLI : invalid WordLength ISO : Invalid connection params (wrong TSAPs) TCP : Address already in use"
5973825,"CLI : invalid WordLength ISO : Invalid connection params (wrong TSAPs) TCP : Can't assign requested address"
5973826,"CLI : invalid WordLength ISO : Invalid connection params (wrong TSAPs) TCP : Network is down"
5973827,"CLI : invalid WordLength ISO : Invalid connection params (wrong TSAPs) TCP : Network is unreachable"
5973828,"CLI : invalid WordLength ISO : Invalid connection params (wrong TSAPs) TCP : Network dropped connection on reset"
5973829,"CLI : invalid WordLength ISO : Invalid connection params (wrong TSAPs) TCP : Software caused connection abort"
5973830,"CLI : invalid WordLength ISO : Invalid connection params (wrong TSAPs) TCP : Connection reset by peer"
5973831,"CLI : invalid WordLength ISO : Invalid connection params (wrong TSAPs) TCP : No Buffer space available"
5973832,"CLI : invalid WordLength ISO : Invalid connection params (wrong TSAPs) TCP : Socket is already connected"
5973833,"CLI : invalid WordLength ISO : Invalid connection params (wrong TSAPs) TCP : Socket is not connected"
5973834,"CLI : invalid WordLength ISO : Invalid connection params (wrong TSAPs) TCP : Can't send after Socket shutdown"
5973835,"CLI : invalid WordLength ISO : Invalid connection params (wrong TSAPs) TCP : Too many references:can't splice"
5973836,"CLI : invalid WordLength ISO : Invalid connection params (wrong TSAPs) TCP : Connection timed out"
5973837,"CLI : invalid WordLength ISO : Invalid connection params (wrong TSAPs) TCP : Connection refused"
5973838,"CLI : invalid WordLength ISO : Invalid connection params (wrong TSAPs) TCP : Too many levels of symbolic links"
5973839,"CLI : invalid WordLength ISO : Invalid connection params (wrong TSAPs) TCP : File name is too long"
5973840,"CLI : invalid WordLength ISO : Invalid connection params (wrong TSAPs) TCP : Host is down"
5973841,"CLI : invalid WordLength ISO : Invalid connection params (wrong TSAPs) TCP : Unreachable peer"
5973842,"CLI : invalid WordLength ISO : Invalid connection params (wrong TSAPs) TCP : Directory is not empty"
5973843,"CLI : invalid WordLength ISO : Invalid connection params (wrong TSAPs) TCP : Too many processes"
5973844,"CLI : invalid WordLength ISO : Invalid connection params (wrong TSAPs) TCP : Too many users"
5973845,"CLI : invalid WordLength ISO : Invalid connection params (wrong TSAPs) TCP : Disk quota exceeded"
5973846,"CLI : invalid WordLength ISO : Invalid connection params (wrong TSAPs) TCP : Stale NFS file handle"
5973847,"CLI : invalid WordLength ISO : Invalid connection params (wrong TSAPs) TCP : Too many levels of remote in path"
5973867,"CLI : invalid WordLength ISO : Invalid connection params (wrong TSAPs) TCP : Network subsystem is unusable"
5973868,"CLI : invalid WordLength ISO : Invalid connection params (wrong TSAPs) TCP : Winsock DLL cannot support this application"
5973869,"CLI : invalid WordLength ISO : Invalid connection params (wrong TSAPs) TCP : Winsock not initialized"
5973877,"CLI : invalid WordLength ISO : Invalid connection params (wrong TSAPs) TCP : Disconnect"
5974777,"CLI : invalid WordLength ISO : Invalid connection params (wrong TSAPs) TCP : Host not found"
5974778,"CLI : invalid WordLength ISO : Invalid connection params (wrong TSAPs) TCP : Non authoritative - host not found"
5974779,"CLI : invalid WordLength ISO : Invalid connection params (wrong TSAPs) TCP : Non recoverable error"
5974780,"CLI : invalid WordLength ISO : Invalid connection params (wrong TSAPs) TCP : Valid name, no data record of requested type"
5975777,"CLI : invalid WordLength ISO : Invalid connection params (wrong TSAPs) TCP : Invalid address"
6029312,"CLI : invalid WordLength ISO : Unknown error (0x000c0000)"
6039316,"CLI : invalid WordLength ISO : Unknown error (0x000c0000) TCP : Interrupted system call"
6039321,"CLI : invalid WordLength ISO : Unknown error (0x000c0000) TCP : Bad file number"
6039325,"CLI : invalid WordLength ISO : Unknown error (0x000c0000) TCP : Permission denied"
6039326,"CLI : invalid WordLength ISO : Unknown error (0x000c0000) TCP : Bad address"
6039334,"CLI : invalid WordLength ISO : Unknown error (0x000c0000) TCP : Invalid argument"
6039336,"CLI : invalid WordLength ISO : Unknown error (0x000c0000) TCP : Too many open files"
6039347,"CLI : invalid WordLength ISO : Unknown error (0x000c0000) TCP : Operation would block"
6039348,"CLI : invalid WordLength ISO : Unknown error (0x000c0000) TCP : Operation now in progress"
6039349,"CLI : invalid WordLength ISO : Unknown error (0x000c0000) TCP : Operation already in progress"
6039350,"CLI : invalid WordLength ISO : Unknown error (0x000c0000) TCP : Socket operation on non socket"
6039351,"CLI : invalid WordLength ISO : Unknown error (0x000c0000) TCP : Destination address required"
6039352,"CLI : invalid WordLength ISO : Unknown error (0x000c0000) TCP : Message too long"
6039353,"CLI : invalid WordLength ISO : Unknown error (0x000c0000) TCP : Protocol wrong type for Socket"
6039354,"CLI : invalid WordLength ISO : Unknown error (0x000c0000) TCP : Protocol not available"
6039355,"CLI : invalid WordLength ISO : Unknown error (0x000c0000) TCP : Protocol not supported"
6039356,"CLI : invalid WordLength ISO : Unknown error (0x000c0000) TCP : Socket not supported"
6039357,"CLI : invalid WordLength ISO : Unknown error (0x000c0000) TCP : Operation not supported on Socket"
6039358,"CLI : invalid WordLength ISO : Unknown error (0x000c0000) TCP : Protocol family not supported"
6039359,"CLI : invalid WordLength ISO : Unknown error (0x000c0000) TCP : Address family not supported"
6039360,"CLI : invalid WordLength ISO : Unknown error (0x000c0000) TCP : Address already in use"
6039361,"CLI : invalid WordLength ISO : Unknown error (0x000c0000) TCP : Can't assign requested address"
6039362,"CLI : invalid WordLength ISO : Unknown error (0x000c0000) TCP : Network is down"
6039363,"CLI : invalid WordLength ISO : Unknown error (0x000c0000) TCP : Network is unreachable"
6039364,"CLI : invalid WordLength ISO : Unknown error (0x000c0000) TCP : Network dropped connection on reset"
6039365,"CLI : invalid WordLength ISO : Unknown error (0x000c0000) TCP : Software caused connection abort"
6039366,"CLI : invalid WordLength ISO : Unknown error (0x000c0000) TCP : Connection reset by peer"
6039367,"CLI : invalid WordLength ISO : Unknown error (0x000c0000) TCP : No Buffer space available"
6039368,"CLI : invalid WordLength ISO : Unknown error (0x000c0000) TCP : Socket is already connected"
6039369,"CLI : invalid WordLength ISO : Unknown error (0x000c0000) TCP : Socket is not connected"
6039370,"CLI : invalid WordLength ISO : Unknown error (0x000c0000) TCP : Can't send after Socket shutdown"
6039371,"CLI : invalid WordLength ISO : Unknown error (0x000c0000) TCP : Too many references:can't splice"
6039372,"CLI : invalid WordLength ISO : Unknown error (0x000c0000) TCP : Connection timed out"
6039373,"CLI : invalid WordLength ISO : Unknown error (0x000c0000) TCP : Connection refused"
6039374,"CLI : invalid WordLength ISO : Unknown error (0x000c0000) TCP : Too many levels of symbolic links"
6039375,"CLI : invalid WordLength ISO : Unknown error (0x000c0000) TCP : File name is too long"
6039376,"CLI : invalid WordLength ISO : Unknown error (0x000c0000) TCP : Host is down"
6039377,"CLI : invalid WordLength ISO : Unknown error (0x000c0000) TCP : Unreachable peer"
6039378,"CLI : invalid WordLength ISO : Unknown error (0x000c0000) TCP : Directory is not empty"
6039379,"CLI : invalid WordLength ISO : Unknown error (0x000c0000) TCP : Too many processes"
6039380,"CLI : invalid WordLength ISO : Unknown error (0x000c0000) TCP : Too many users"
6039381,"CLI : invalid WordLength ISO : Unknown error (0x000c0000) TCP : Disk quota exceeded"
6039382,"CLI : invalid WordLength ISO : Unknown error (0x000c0000) TCP : Stale NFS file handle"
6039383,"CLI : invalid WordLength ISO : Unknown error (0x000c0000) TCP : Too many levels of remote in path"
6039403,"CLI : invalid WordLength ISO : Unknown error (0x000c0000) TCP : Network subsystem is unusable"
6039404,"CLI : invalid WordLength ISO : Unknown error (0x000c0000) TCP : Winsock DLL cannot support this application"
6039405,"CLI : invalid WordLength ISO : Unknown error (0x000c0000) TCP : Winsock not initialized"
6039413,"CLI : invalid WordLength ISO : Unknown error (0x000c0000) TCP : Disconnect"
6040313,"CLI : invalid WordLength ISO : Unknown error (0x000c0000) TCP : Host not found"
6040314,"CLI : invalid WordLength ISO : Unknown error (0x000c0000) TCP : Non authoritative - host not found"
6040315,"CLI : invalid WordLength ISO : Unknown error (0x000c0000) TCP : Non recoverable error"
6040316,"CLI : invalid WordLength ISO : Unknown error (0x000c0000) TCP : Valid name, no data record of requested type"
6041313,"CLI : invalid WordLength ISO : Unknown error (0x000c0000) TCP : Invalid address"
6094848,"CLI : invalid WordLength ISO : Unknown error (0x000d0000)"
6104852,"CLI : invalid WordLength ISO : Unknown error (0x000d0000) TCP : Interrupted system call"
6104857,"CLI : invalid WordLength ISO : Unknown error (0x000d0000) TCP : Bad file number"
6104861,"CLI : invalid WordLength ISO : Unknown error (0x000d0000) TCP : Permission denied"
6104862,"CLI : invalid WordLength ISO : Unknown error (0x000d0000) TCP : Bad address"
6104870,"CLI : invalid WordLength ISO : Unknown error (0x000d0000) TCP : Invalid argument"
6104872,"CLI : invalid WordLength ISO : Unknown error (0x000d0000) TCP : Too many open files"
6104883,"CLI : invalid WordLength ISO : Unknown error (0x000d0000) TCP : Operation would block"
6104884,"CLI : invalid WordLength ISO : Unknown error (0x000d0000) TCP : Operation now in progress"
6104885,"CLI : invalid WordLength ISO : Unknown error (0x000d0000) TCP : Operation already in progress"
6104886,"CLI : invalid WordLength ISO : Unknown error (0x000d0000) TCP : Socket operation on non socket"
6104887,"CLI : invalid WordLength ISO : Unknown error (0x000d0000) TCP : Destination address required"
6104888,"CLI : invalid WordLength ISO : Unknown error (0x000d0000) TCP : Message too long"
6104889,"CLI : invalid WordLength ISO : Unknown error (0x000d0000) TCP : Protocol wrong type for Socket"
6104890,"CLI : invalid WordLength ISO : Unknown error (0x000d0000) TCP : Protocol not available"
6104891,"CLI : invalid WordLength ISO : Unknown error (0x000d0000) TCP : Protocol not supported"
6104892,"CLI : invalid WordLength ISO : Unknown error (0x000d0000) TCP : Socket not supported"
6104893,"CLI : invalid WordLength ISO : Unknown error (0x000d0000) TCP : Operation not supported on Socket"
6104894,"CLI : invalid WordLength ISO : Unknown error (0x000d0000) TCP : Protocol family not supported"
6104895,"CLI : invalid WordLength ISO : Unknown error (0x000d0000) TCP : Address family not supported"
6104896,"CLI : invalid WordLength ISO : Unknown error (0x000d0000) TCP : Address already in use"
6104897,"CLI : invalid WordLength ISO : Unknown error (0x000d0000) TCP : Can't assign requested address"
6104898,"CLI : invalid WordLength ISO : Unknown error (0x000d0000) TCP : Network is down"
6104899,"CLI : invalid WordLength ISO : Unknown error (0x000d0000) TCP : Network is unreachable"
6104900,"CLI : invalid WordLength ISO : Unknown error (0x000d0000) TCP : Network dropped connection on reset"
6104901,"CLI : invalid WordLength ISO : Unknown error (0x000d0000) TCP : Software caused connection abort"
6104902,"CLI : invalid WordLength ISO : Unknown error (0x000d0000) TCP : Connection reset by peer"
6104903,"CLI : invalid WordLength ISO : Unknown error (0x000d0000) TCP : No Buffer space available"
6104904,"CLI : invalid WordLength ISO : Unknown error (0x000d0000) TCP : Socket is already connected"
6104905,"CLI : invalid WordLength ISO : Unknown error (0x000d0000) TCP : Socket is not connected"
6104906,"CLI : invalid WordLength ISO : Unknown error (0x000d0000) TCP : Can't send after Socket shutdown"
6104907,"CLI : invalid WordLength ISO : Unknown error (0x000d0000) TCP : Too many references:can't splice"
6104908,"CLI : invalid WordLength ISO : Unknown error (0x000d0000) TCP : Connection timed out"
6104909,"CLI : invalid WordLength ISO : Unknown error (0x000d0000) TCP : Connection refused"
6104910,"CLI : invalid WordLength ISO : Unknown error (0x000d0000) TCP : Too many levels of symbolic links"
6104911,"CLI : invalid WordLength ISO : Unknown error (0x000d0000) TCP : File name is too long"
6104912,"CLI : invalid WordLength ISO : Unknown error (0x000d0000) TCP : Host is down"
6104913,"CLI : invalid WordLength ISO : Unknown error (0x000d0000) TCP : Unreachable peer"
6104914,"CLI : invalid WordLength ISO : Unknown error (0x000d0000) TCP : Directory is not empty"
6104915,"CLI : invalid WordLength ISO : Unknown error (0x000d0000) TCP : Too many processes"
6104916,"CLI : invalid WordLength ISO : Unknown error (0x000d0000) TCP : Too many users"
6104917,"CLI : invalid WordLength ISO : Unknown error (0x000d0000) TCP : Disk quota exceeded"
6104918,"CLI : invalid WordLength ISO : Unknown error (0x000d0000) TCP : Stale NFS file handle"
6104919,"CLI : invalid WordLength ISO : Unknown error (0x000d0000) TCP : Too many levels of remote in path"
6104939,"CLI : invalid WordLength ISO : Unknown error (0x000d0000) TCP : Network subsystem is unusable"
6104940,"CLI : invalid WordLength ISO : Unknown error (0x000d0000) TCP : Winsock DLL cannot support this application"
6104941,"CLI : invalid WordLength ISO : Unknown error (0x000d0000) TCP : Winsock not initialized"
6104949,"CLI : invalid WordLength ISO : Unknown error (0x000d0000) TCP : Disconnect"
6105849,"CLI : invalid WordLength ISO : Unknown error (0x000d0000) TCP : Host not found"
6105850,"CLI : invalid WordLength ISO : Unknown error (0x000d0000) TCP : Non authoritative - host not found"
6105851,"CLI : invalid WordLength ISO : Unknown error (0x000d0000) TCP : Non recoverable error"
6105852,"CLI : invalid WordLength ISO : Unknown error (0x000d0000) TCP : Valid name, no data record of requested type"
6106849,"CLI : invalid WordLength ISO : Unknown error (0x000d0000) TCP : Invalid address"
6160384,"CLI : invalid WordLength ISO : Unknown error (0x000e0000)"
6170388,"CLI : invalid WordLength ISO : Unknown error (0x000e0000) TCP : Interrupted system call"
6170393,"CLI : invalid WordLength ISO : Unknown error (0x000e0000) TCP : Bad file number"
6170397,"CLI : invalid WordLength ISO : Unknown error (0x000e0000) TCP : Permission denied"
6170398,"CLI : invalid WordLength ISO : Unknown error (0x000e0000) TCP : Bad address"
6170406,"CLI : invalid WordLength ISO : Unknown error (0x000e0000) TCP : Invalid argument"
6170408,"CLI : invalid WordLength ISO : Unknown error (0x000e0000) TCP : Too many open files"
6170419,"CLI : invalid WordLength ISO : Unknown error (0x000e0000) TCP : Operation would block"
6170420,"CLI : invalid WordLength ISO : Unknown error (0x000e0000) TCP : Operation now in progress"
6170421,"CLI : invalid WordLength ISO : Unknown error (0x000e0000) TCP : Operation already in progress"
6170422,"CLI : invalid WordLength ISO : Unknown error (0x000e0000) TCP : Socket operation on non socket"
6170423,"CLI : invalid WordLength ISO : Unknown error (0x000e0000) TCP : Destination address required"
6170424,"CLI : invalid WordLength ISO : Unknown error (0x000e0000) TCP : Message too long"
6170425,"CLI : invalid WordLength ISO : Unknown error (0x000e0000) TCP : Protocol wrong type for Socket"
6170426,"CLI : invalid WordLength ISO : Unknown error (0x000e0000) TCP : Protocol not available"
6170427,"CLI : invalid WordLength ISO : Unknown error (0x000e0000) TCP : Protocol not supported"
6170428,"CLI : invalid WordLength ISO : Unknown error (0x000e0000) TCP : Socket not supported"
6170429,"CLI : invalid WordLength ISO : Unknown error (0x000e0000) TCP : Operation not supported on Socket"
6170430,"CLI : invalid WordLength ISO : Unknown error (0x000e0000) TCP : Protocol family not supported"
6170431,"CLI : invalid WordLength ISO : Unknown error (0x000e0000) TCP : Address family not supported"
6170432,"CLI : invalid WordLength ISO : Unknown error (0x000e0000) TCP : Address already in use"
6170433,"CLI : invalid WordLength ISO : Unknown error (0x000e0000) TCP : Can't assign requested address"
6170434,"CLI : invalid WordLength ISO : Unknown error (0x000e0000) TCP : Network is down"
6170435,"CLI : invalid WordLength ISO : Unknown error (0x000e0000) TCP : Network is unreachable"
6170436,"CLI : invalid WordLength ISO : Unknown error (0x000e0000) TCP : Network dropped connection on reset"
6170437,"CLI : invalid WordLength ISO : Unknown error (0x000e0000) TCP : Software caused connection abort"
6170438,"CLI : invalid WordLength ISO : Unknown error (0x000e0000) TCP : Connection reset by peer"
6170439,"CLI : invalid WordLength ISO : Unknown error (0x000e0000) TCP : No Buffer space available"
6170440,"CLI : invalid WordLength ISO : Unknown error (0x000e0000) TCP : Socket is already connected"
6170441,"CLI : invalid WordLength ISO : Unknown error (0x000e0000) TCP : Socket is not connected"
6170442,"CLI : invalid WordLength ISO : Unknown error (0x000e0000) TCP : Can't send after Socket shutdown"
6170443,"CLI : invalid WordLength ISO : Unknown error (0x000e0000) TCP : Too many references:can't splice"
6170444,"CLI : invalid WordLength ISO : Unknown error (0x000e0000) TCP : Connection timed out"
6170445,"CLI : invalid WordLength ISO : Unknown error (0x000e0000) TCP : Connection refused"
6170446,"CLI : invalid WordLength ISO : Unknown error (0x000e0000) TCP : Too many levels of symbolic links"
6170447,"CLI : invalid WordLength ISO : Unknown error (0x000e0000) TCP : File name is too long"
6170448,"CLI : invalid WordLength ISO : Unknown error (0x000e0000) TCP : Host is down"
6170449,"CLI : invalid WordLength ISO : Unknown error (0x000e0000) TCP : Unreachable peer"
6170450,"CLI : invalid WordLength ISO : Unknown error (0x000e0000) TCP : Directory is not empty"
6170451,"CLI : invalid WordLength ISO : Unknown error (0x000e0000) TCP : Too many processes"
6170452,"CLI : invalid WordLength ISO : Unknown error (0x000e0000) TCP : Too many users"
6170453,"CLI : invalid WordLength ISO : Unknown error (0x000e0000) TCP : Disk quota exceeded"
6170454,"CLI : invalid WordLength ISO : Unknown error (0x000e0000) TCP : Stale NFS file handle"
6170455,"CLI : invalid WordLength ISO : Unknown error (0x000e0000) TCP : Too many levels of remote in path"
6170475,"CLI : invalid WordLength ISO : Unknown error (0x000e0000) TCP : Network subsystem is unusable"
6170476,"CLI : invalid WordLength ISO : Unknown error (0x000e0000) TCP : Winsock DLL cannot support this application"
6170477,"CLI : invalid WordLength ISO : Unknown error (0x000e0000) TCP : Winsock not initialized"
6170485,"CLI : invalid WordLength ISO : Unknown error (0x000e0000) TCP : Disconnect"
6171385,"CLI : invalid WordLength ISO : Unknown error (0x000e0000) TCP : Host not found"
6171386,"CLI : invalid WordLength ISO : Unknown error (0x000e0000) TCP : Non authoritative - host not found"
6171387,"CLI : invalid WordLength ISO : Unknown error (0x000e0000) TCP : Non recoverable error"
6171388,"CLI : invalid WordLength ISO : Unknown error (0x000e0000) TCP : Valid name, no data record of requested type"
6172385,"CLI : invalid WordLength ISO : Unknown error (0x000e0000) TCP : Invalid address"
6225920,"CLI : invalid WordLength ISO : Unknown error (0x000f0000)"
6235924,"CLI : invalid WordLength ISO : Unknown error (0x000f0000) TCP : Interrupted system call"
6235929,"CLI : invalid WordLength ISO : Unknown error (0x000f0000) TCP : Bad file number"
6235933,"CLI : invalid WordLength ISO : Unknown error (0x000f0000) TCP : Permission denied"
6235934,"CLI : invalid WordLength ISO : Unknown error (0x000f0000) TCP : Bad address"
6235942,"CLI : invalid WordLength ISO : Unknown error (0x000f0000) TCP : Invalid argument"
6235944,"CLI : invalid WordLength ISO : Unknown error (0x000f0000) TCP : Too many open files"
6235955,"CLI : invalid WordLength ISO : Unknown error (0x000f0000) TCP : Operation would block"
6235956,"CLI : invalid WordLength ISO : Unknown error (0x000f0000) TCP : Operation now in progress"
6235957,"CLI : invalid WordLength ISO : Unknown error (0x000f0000) TCP : Operation already in progress"
6235958,"CLI : invalid WordLength ISO : Unknown error (0x000f0000) TCP : Socket operation on non socket"
6235959,"CLI : invalid WordLength ISO : Unknown error (0x000f0000) TCP : Destination address required"
6235960,"CLI : invalid WordLength ISO : Unknown error (0x000f0000) TCP : Message too long"
6235961,"CLI : invalid WordLength ISO : Unknown error (0x000f0000) TCP : Protocol wrong type for Socket"
6235962,"CLI : invalid WordLength ISO : Unknown error (0x000f0000) TCP : Protocol not available"
6235963,"CLI : invalid WordLength ISO : Unknown error (0x000f0000) TCP : Protocol not supported"
6235964,"CLI : invalid WordLength ISO : Unknown error (0x000f0000) TCP : Socket not supported"
6235965,"CLI : invalid WordLength ISO : Unknown error (0x000f0000) TCP : Operation not supported on Socket"
6235966,"CLI : invalid WordLength ISO : Unknown error (0x000f0000) TCP : Protocol family not supported"
6235967,"CLI : invalid WordLength ISO : Unknown error (0x000f0000) TCP : Address family not supported"
6235968,"CLI : invalid WordLength ISO : Unknown error (0x000f0000) TCP : Address already in use"
6235969,"CLI : invalid WordLength ISO : Unknown error (0x000f0000) TCP : Can't assign requested address"
6235970,"CLI : invalid WordLength ISO : Unknown error (0x000f0000) TCP : Network is down"
6235971,"CLI : invalid WordLength ISO : Unknown error (0x000f0000) TCP : Network is unreachable"
6235972,"CLI : invalid WordLength ISO : Unknown error (0x000f0000) TCP : Network dropped connection on reset"
6235973,"CLI : invalid WordLength ISO : Unknown error (0x000f0000) TCP : Software caused connection abort"
6235974,"CLI : invalid WordLength ISO : Unknown error (0x000f0000) TCP : Connection reset by peer"
6235975,"CLI : invalid WordLength ISO : Unknown error (0x000f0000) TCP : No Buffer space available"
6235976,"CLI : invalid WordLength ISO : Unknown error (0x000f0000) TCP : Socket is already connected"
6235977,"CLI : invalid WordLength ISO : Unknown error (0x000f0000) TCP : Socket is not connected"
6235978,"CLI : invalid WordLength ISO : Unknown error (0x000f0000) TCP : Can't send after Socket shutdown"
6235979,"CLI : invalid WordLength ISO : Unknown error (0x000f0000) TCP : Too many references:can't splice"
6235980,"CLI : invalid WordLength ISO : Unknown error (0x000f0000) TCP : Connection timed out"
6235981,"CLI : invalid WordLength ISO : Unknown error (0x000f0000) TCP : Connection refused"
6235982,"CLI : invalid WordLength ISO : Unknown error (0x000f0000) TCP : Too many levels of symbolic links"
6235983,"CLI : invalid WordLength ISO : Unknown error (0x000f0000) TCP : File name is too long"
6235984,"CLI : invalid WordLength ISO : Unknown error (0x000f0000) TCP : Host is down"
6235985,"CLI : invalid WordLength ISO : Unknown error (0x000f0000) TCP : Unreachable peer"
6235986,"CLI : invalid WordLength ISO : Unknown error (0x000f0000) TCP : Directory is not empty"
6235987,"CLI : invalid WordLength ISO : Unknown error (0x000f0000) TCP : Too many processes"
6235988,"CLI : invalid WordLength ISO : Unknown error (0x000f0000) TCP : Too many users"
6235989,"CLI : invalid WordLength ISO : Unknown error (0x000f0000) TCP : Disk quota exceeded"
6235990,"CLI : invalid WordLength ISO : Unknown error (0x000f0000) TCP : Stale NFS file handle"
6235991,"CLI : invalid WordLength ISO : Unknown error (0x000f0000) TCP : Too many levels of remote in path"
6236011,"CLI : invalid WordLength ISO : Unknown error (0x000f0000) TCP : Network subsystem is unusable"
6236012,"CLI : invalid WordLength ISO : Unknown error (0x000f0000) TCP : Winsock DLL cannot support this application"
6236013,"CLI : invalid WordLength ISO : Unknown error (0x000f0000) TCP : Winsock not initialized"
6236021,"CLI : invalid WordLength ISO : Unknown error (0x000f0000) TCP : Disconnect"
6236921,"CLI : invalid WordLength ISO : Unknown error (0x000f0000) TCP : Host not found"
6236922,"CLI : invalid WordLength ISO : Unknown error (0x000f0000) TCP : Non authoritative - host not found"
6236923,"CLI : invalid WordLength ISO : Unknown error (0x000f0000) TCP : Non recoverable error"
6236924,"CLI : invalid WordLength ISO : Unknown error (0x000f0000) TCP : Valid name, no data record of requested type"
6237921,"CLI : invalid WordLength ISO : Unknown error (0x000f0000) TCP : Invalid address"
6291456,"CLI : Partial data written"
6301460,"CLI : Partial data written TCP : Interrupted system call"
6301465,"CLI : Partial data written TCP : Bad file number"
6301469,"CLI : Partial data written TCP : Permission denied"
6301470,"CLI : Partial data written TCP : Bad address"
6301478,"CLI : Partial data written TCP : Invalid argument"
6301480,"CLI : Partial data written TCP : Too many open files"
6301491,"CLI : Partial data written TCP : Operation would block"
6301492,"CLI : Partial data written TCP : Operation now in progress"
6301493,"CLI : Partial data written TCP : Operation already in progress"
6301494,"CLI : Partial data written TCP : Socket operation on non socket"
6301495,"CLI : Partial data written TCP : Destination address required"
6301496,"CLI : Partial data written TCP : Message too long"
6301497,"CLI : Partial data written TCP : Protocol wrong type for Socket"
6301498,"CLI : Partial data written TCP : Protocol not available"
6301499,"CLI : Partial data written TCP : Protocol not supported"
6301500,"CLI : Partial data written TCP : Socket not supported"
6301501,"CLI : Partial data written TCP : Operation not supported on Socket"
6301502,"CLI : Partial data written TCP : Protocol family not supported"
6301503,"CLI : Partial data written TCP : Address family not supported"
6301504,"CLI : Partial data written TCP : Address already in use"
6301505,"CLI : Partial data written TCP : Can't assign requested address"
6301506,"CLI : Partial data written TCP : Network is down"
6301507,"CLI : Partial data written TCP : Network is unreachable"
6301508,"CLI : Partial data written TCP : Network dropped connection on reset"
6301509,"CLI : Partial data written TCP : Software caused connection abort"
6301510,"CLI : Partial data written TCP : Connection reset by peer"
6301511,"CLI : Partial data written TCP : No Buffer space available"
6301512,"CLI : Partial data written TCP : Socket is already connected"
6301513,"CLI : Partial data written TCP : Socket is not connected"
6301514,"CLI : Partial data written TCP : Can't send after Socket shutdown"
6301515,"CLI : Partial data written TCP : Too many references:can't splice"
6301516,"CLI : Partial data written TCP : Connection timed out"
6301517,"CLI : Partial data written TCP : Connection refused"
6301518,"CLI : Partial data written TCP : Too many levels of symbolic links"
6301519,"CLI : Partial data written TCP : File name is too long"
6301520,"CLI : Partial data written TCP : Host is down"
6301521,"CLI : Partial data written TCP : Unreachable peer"
6301522,"CLI : Partial data written TCP : Directory is not empty"
6301523,"CLI : Partial data written TCP : Too many processes"
6301524,"CLI : Partial data written TCP : Too many users"
6301525,"CLI : Partial data written TCP : Disk quota exceeded"
6301526,"CLI : Partial data written TCP : Stale NFS file handle"
6301527,"CLI : Partial data written TCP : Too many levels of remote in path"
6301547,"CLI : Partial data written TCP : Network subsystem is unusable"
6301548,"CLI : Partial data written TCP : Winsock DLL cannot support this application"
6301549,"CLI : Partial data written TCP : Winsock not initialized"
6301557,"CLI : Partial data written TCP : Disconnect"
6302457,"CLI : Partial data written TCP : Host not found"
6302458,"CLI : Partial data written TCP : Non authoritative - host not found"
6302459,"CLI : Partial data written TCP : Non recoverable error"
6302460,"CLI : Partial data written TCP : Valid name, no data record of requested type"
6303457,"CLI : Partial data written TCP : Invalid address"
6356992,"CLI : Partial data written ISO : Connection error"
6366996,"CLI : Partial data written ISO : Connection error TCP : Interrupted system call"
6367001,"CLI : Partial data written ISO : Connection error TCP : Bad file number"
6367005,"CLI : Partial data written ISO : Connection error TCP : Permission denied"
6367006,"CLI : Partial data written ISO : Connection error TCP : Bad address"
6367014,"CLI : Partial data written ISO : Connection error TCP : Invalid argument"
6367016,"CLI : Partial data written ISO : Connection error TCP : Too many open files"
6367027,"CLI : Partial data written ISO : Connection error TCP : Operation would block"
6367028,"CLI : Partial data written ISO : Connection error TCP : Operation now in progress"
6367029,"CLI : Partial data written ISO : Connection error TCP : Operation already in progress"
6367030,"CLI : Partial data written ISO : Connection error TCP : Socket operation on non socket"
6367031,"CLI : Partial data written ISO : Connection error TCP : Destination address required"
6367032,"CLI : Partial data written ISO : Connection error TCP : Message too long"
6367033,"CLI : Partial data written ISO : Connection error TCP : Protocol wrong type for Socket"
6367034,"CLI : Partial data written ISO : Connection error TCP : Protocol not available"
6367035,"CLI : Partial data written ISO : Connection error TCP : Protocol not supported"
6367036,"CLI : Partial data written ISO : Connection error TCP : Socket not supported"
6367037,"CLI : Partial data written ISO : Connection error TCP : Operation not supported on Socket"
6367038,"CLI : Partial data written ISO : Connection error TCP : Protocol family not supported"
6367039,"CLI : Partial data written ISO : Connection error TCP : Address family not supported"
6367040,"CLI : Partial data written ISO : Connection error TCP : Address already in use"
6367041,"CLI : Partial data written ISO : Connection error TCP : Can't assign requested address"
6367042,"CLI : Partial data written ISO : Connection error TCP : Network is down"
6367043,"CLI : Partial data written ISO : Connection error TCP : Network is unreachable"
6367044,"CLI : Partial data written ISO : Connection error TCP : Network dropped connection on reset"
6367045,"CLI : Partial data written ISO : Connection error TCP : Software caused connection abort"
6367046,"CLI : Partial data written ISO : Connection error TCP : Connection reset by peer"
6367047,"CLI : Partial data written ISO : Connection error TCP : No Buffer space available"
6367048,"CLI : Partial data written ISO : Connection error TCP : Socket is already connected"
6367049,"CLI : Partial data written ISO : Connection error TCP : Socket is not connected"
6367050,"CLI : Partial data written ISO : Connection error TCP : Can't send after Socket shutdown"
6367051,"CLI : Partial data written ISO : Connection error TCP : Too many references:can't splice"
6367052,"CLI : Partial data written ISO : Connection error TCP : Connection timed out"
6367053,"CLI : Partial data written ISO : Connection error TCP : Connection refused"
6367054,"CLI : Partial data written ISO : Connection error TCP : Too many levels of symbolic links"
6367055,"CLI : Partial data written ISO : Connection error TCP : File name is too long"
6367056,"CLI : Partial data written ISO : Connection error TCP : Host is down"
6367057,"CLI : Partial data written ISO : Connection error TCP : Unreachable peer"
6367058,"CLI : Partial data written ISO : Connection error TCP : Directory is not empty"
6367059,"CLI : Partial data written ISO : Connection error TCP : Too many processes"
6367060,"CLI : Partial data written ISO : Connection error TCP : Too many users"
6367061,"CLI : Partial data written ISO : Connection error TCP : Disk quota exceeded"
6367062,"CLI : Partial data written ISO : Connection error TCP : Stale NFS file handle"
6367063,"CLI : Partial data written ISO : Connection error TCP : Too many levels of remote in path"
6367083,"CLI : Partial data written ISO : Connection error TCP : Network subsystem is unusable"
6367084,"CLI : Partial data written ISO : Connection error TCP : Winsock DLL cannot support this application"
6367085,"CLI : Partial data written ISO : Connection error TCP : Winsock not initialized"
6367093,"CLI : Partial data written ISO : Connection error TCP : Disconnect"
6367993,"CLI : Partial data written ISO : Connection error TCP : Host not found"
6367994,"CLI : Partial data written ISO : Connection error TCP : Non authoritative - host not found"
6367995,"CLI : Partial data written ISO : Connection error TCP : Non recoverable error"
6367996,"CLI : Partial data written ISO : Connection error TCP : Valid name, no data record of requested type"
6368993,"CLI : Partial data written ISO : Connection error TCP : Invalid address"
6422528,"CLI : Partial data written ISO : Disconnect error"
6432532,"CLI : Partial data written ISO : Disconnect error TCP : Interrupted system call"
6432537,"CLI : Partial data written ISO : Disconnect error TCP : Bad file number"
6432541,"CLI : Partial data written ISO : Disconnect error TCP : Permission denied"
6432542,"CLI : Partial data written ISO : Disconnect error TCP : Bad address"
6432550,"CLI : Partial data written ISO : Disconnect error TCP : Invalid argument"
6432552,"CLI : Partial data written ISO : Disconnect error TCP : Too many open files"
6432563,"CLI : Partial data written ISO : Disconnect error TCP : Operation would block"
6432564,"CLI : Partial data written ISO : Disconnect error TCP : Operation now in progress"
6432565,"CLI : Partial data written ISO : Disconnect error TCP : Operation already in progress"
6432566,"CLI : Partial data written ISO : Disconnect error TCP : Socket operation on non socket"
6432567,"CLI : Partial data written ISO : Disconnect error TCP : Destination address required"
6432568,"CLI : Partial data written ISO : Disconnect error TCP : Message too long"
6432569,"CLI : Partial data written ISO : Disconnect error TCP : Protocol wrong type for Socket"
6432570,"CLI : Partial data written ISO : Disconnect error TCP : Protocol not available"
6432571,"CLI : Partial data written ISO : Disconnect error TCP : Protocol not supported"
6432572,"CLI : Partial data written ISO : Disconnect error TCP : Socket not supported"
6432573,"CLI : Partial data written ISO : Disconnect error TCP : Operation not supported on Socket"
6432574,"CLI : Partial data written ISO : Disconnect error TCP : Protocol family not supported"
6432575,"CLI : Partial data written ISO : Disconnect error TCP : Address family not supported"
6432576,"CLI : Partial data written ISO : Disconnect error TCP : Address already in use"
6432577,"CLI : Partial data written ISO : Disconnect error TCP : Can't assign requested address"
6432578,"CLI : Partial data written ISO : Disconnect error TCP : Network is down"
6432579,"CLI : Partial data written ISO : Disconnect error TCP : Network is unreachable"
6432580,"CLI : Partial data written ISO : Disconnect error TCP : Network dropped connection on reset"
6432581,"CLI : Partial data written ISO : Disconnect error TCP : Software caused connection abort"
6432582,"CLI : Partial data written ISO : Disconnect error TCP : Connection reset by peer"
6432583,"CLI : Partial data written ISO : Disconnect error TCP : No Buffer space available"
6432584,"CLI : Partial data written ISO : Disconnect error TCP : Socket is already connected"
6432585,"CLI : Partial data written ISO : Disconnect error TCP : Socket is not connected"
6432586,"CLI : Partial data written ISO : Disconnect error TCP : Can't send after Socket shutdown"
6432587,"CLI : Partial data written ISO : Disconnect error TCP : Too many references:can't splice"
6432588,"CLI : Partial data written ISO : Disconnect error TCP : Connection timed out"
6432589,"CLI : Partial data written ISO : Disconnect error TCP : Connection refused"
6432590,"CLI : Partial data written ISO : Disconnect error TCP : Too many levels of symbolic links"
6432591,"CLI : Partial data written ISO : Disconnect error TCP : File name is too long"
6432592,"CLI : Partial data written ISO : Disconnect error TCP : Host is down"
6432593,"CLI : Partial data written ISO : Disconnect error TCP : Unreachable peer"
6432594,"CLI : Partial data written ISO : Disconnect error TCP : Directory is not empty"
6432595,"CLI : Partial data written ISO : Disconnect error TCP : Too many processes"
6432596,"CLI : Partial data written ISO : Disconnect error TCP : Too many users"
6432597,"CLI : Partial data written ISO : Disconnect error TCP : Disk quota exceeded"
6432598,"CLI : Partial data written ISO : Disconnect error TCP : Stale NFS file handle"
6432599,"CLI : Partial data written ISO : Disconnect error TCP : Too many levels of remote in path"
6432619,"CLI : Partial data written ISO : Disconnect error TCP : Network subsystem is unusable"
6432620,"CLI : Partial data written ISO : Disconnect error TCP : Winsock DLL cannot support this application"
6432621,"CLI : Partial data written ISO : Disconnect error TCP : Winsock not initialized"
6432629,"CLI : Partial data written ISO : Disconnect error TCP : Disconnect"
6433529,"CLI : Partial data written ISO : Disconnect error TCP : Host not found"
6433530,"CLI : Partial data written ISO : Disconnect error TCP : Non authoritative - host not found"
6433531,"CLI : Partial data written ISO : Disconnect error TCP : Non recoverable error"
6433532,"CLI : Partial data written ISO : Disconnect error TCP : Valid name, no data record of requested type"
6434529,"CLI : Partial data written ISO : Disconnect error TCP : Invalid address"
6488064,"CLI : Partial data written ISO : Bad PDU format"
6498068,"CLI : Partial data written ISO : Bad PDU format TCP : Interrupted system call"
6498073,"CLI : Partial data written ISO : Bad PDU format TCP : Bad file number"
6498077,"CLI : Partial data written ISO : Bad PDU format TCP : Permission denied"
6498078,"CLI : Partial data written ISO : Bad PDU format TCP : Bad address"
6498086,"CLI : Partial data written ISO : Bad PDU format TCP : Invalid argument"
6498088,"CLI : Partial data written ISO : Bad PDU format TCP : Too many open files"
6498099,"CLI : Partial data written ISO : Bad PDU format TCP : Operation would block"
6498100,"CLI : Partial data written ISO : Bad PDU format TCP : Operation now in progress"
6498101,"CLI : Partial data written ISO : Bad PDU format TCP : Operation already in progress"
6498102,"CLI : Partial data written ISO : Bad PDU format TCP : Socket operation on non socket"
6498103,"CLI : Partial data written ISO : Bad PDU format TCP : Destination address required"
6498104,"CLI : Partial data written ISO : Bad PDU format TCP : Message too long"
6498105,"CLI : Partial data written ISO : Bad PDU format TCP : Protocol wrong type for Socket"
6498106,"CLI : Partial data written ISO : Bad PDU format TCP : Protocol not available"
6498107,"CLI : Partial data written ISO : Bad PDU format TCP : Protocol not supported"
6498108,"CLI : Partial data written ISO : Bad PDU format TCP : Socket not supported"
6498109,"CLI : Partial data written ISO : Bad PDU format TCP : Operation not supported on Socket"
6498110,"CLI : Partial data written ISO : Bad PDU format TCP : Protocol family not supported"
6498111,"CLI : Partial data written ISO : Bad PDU format TCP : Address family not supported"
6498112,"CLI : Partial data written ISO : Bad PDU format TCP : Address already in use"
6498113,"CLI : Partial data written ISO : Bad PDU format TCP : Can't assign requested address"
6498114,"CLI : Partial data written ISO : Bad PDU format TCP : Network is down"
6498115,"CLI : Partial data written ISO : Bad PDU format TCP : Network is unreachable"
6498116,"CLI : Partial data written ISO : Bad PDU format TCP : Network dropped connection on reset"
6498117,"CLI : Partial data written ISO : Bad PDU format TCP : Software caused connection abort"
6498118,"CLI : Partial data written ISO : Bad PDU format TCP : Connection reset by peer"
6498119,"CLI : Partial data written ISO : Bad PDU format TCP : No Buffer space available"
6498120,"CLI : Partial data written ISO : Bad PDU format TCP : Socket is already connected"
6498121,"CLI : Partial data written ISO : Bad PDU format TCP : Socket is not connected"
6498122,"CLI : Partial data written ISO : Bad PDU format TCP : Can't send after Socket shutdown"
6498123,"CLI : Partial data written ISO : Bad PDU format TCP : Too many references:can't splice"
6498124,"CLI : Partial data written ISO : Bad PDU format TCP : Connection timed out"
6498125,"CLI : Partial data written ISO : Bad PDU format TCP : Connection refused"
6498126,"CLI : Partial data written ISO : Bad PDU format TCP : Too many levels of symbolic links"
6498127,"CLI : Partial data written ISO : Bad PDU format TCP : File name is too long"
6498128,"CLI : Partial data written ISO : Bad PDU format TCP : Host is down"
6498129,"CLI : Partial data written ISO : Bad PDU format TCP : Unreachable peer"
6498130,"CLI : Partial data written ISO : Bad PDU format TCP : Directory is not empty"
6498131,"CLI : Partial data written ISO : Bad PDU format TCP : Too many processes"
6498132,"CLI : Partial data written ISO : Bad PDU format TCP : Too many users"
6498133,"CLI : Partial data written ISO : Bad PDU format TCP : Disk quota exceeded"
6498134,"CLI : Partial data written ISO : Bad PDU format TCP : Stale NFS file handle"
6498135,"CLI : Partial data written ISO : Bad PDU format TCP : Too many levels of remote in path"
6498155,"CLI : Partial data written ISO : Bad PDU format TCP : Network subsystem is unusable"
6498156,"CLI : Partial data written ISO : Bad PDU format TCP : Winsock DLL cannot support this application"
6498157,"CLI : Partial data written ISO : Bad PDU format TCP : Winsock not initialized"
6498165,"CLI : Partial data written ISO : Bad PDU format TCP : Disconnect"
6499065,"CLI : Partial data written ISO : Bad PDU format TCP : Host not found"
6499066,"CLI : Partial data written ISO : Bad PDU format TCP : Non authoritative - host not found"
6499067,"CLI : Partial data written ISO : Bad PDU format TCP : Non recoverable error"
6499068,"CLI : Partial data written ISO : Bad PDU format TCP : Valid name, no data record of requested type"
6500065,"CLI : Partial data written ISO : Bad PDU format TCP : Invalid address"
6553600,"CLI : Partial data written ISO : Datasize passed to send/recv buffer is invalid"
6563604,"CLI : Partial data written ISO : Datasize passed to send/recv buffer is invalid TCP : Interrupted system call"
6563609,"CLI : Partial data written ISO : Datasize passed to send/recv buffer is invalid TCP : Bad file number"
6563613,"CLI : Partial data written ISO : Datasize passed to send/recv buffer is invalid TCP : Permission denied"
6563614,"CLI : Partial data written ISO : Datasize passed to send/recv buffer is invalid TCP : Bad address"
6563622,"CLI : Partial data written ISO : Datasize passed to send/recv buffer is invalid TCP : Invalid argument"
6563624,"CLI : Partial data written ISO : Datasize passed to send/recv buffer is invalid TCP : Too many open files"
6563635,"CLI : Partial data written ISO : Datasize passed to send/recv buffer is invalid TCP : Operation would block"
6563636,"CLI : Partial data written ISO : Datasize passed to send/recv buffer is invalid TCP : Operation now in progress"
6563637,"CLI : Partial data written ISO : Datasize passed to send/recv buffer is invalid TCP : Operation already in progress"
6563638,"CLI : Partial data written ISO : Datasize passed to send/recv buffer is invalid TCP : Socket operation on non socket"
6563639,"CLI : Partial data written ISO : Datasize passed to send/recv buffer is invalid TCP : Destination address required"
6563640,"CLI : Partial data written ISO : Datasize passed to send/recv buffer is invalid TCP : Message too long"
6563641,"CLI : Partial data written ISO : Datasize passed to send/recv buffer is invalid TCP : Protocol wrong type for Socket"
6563642,"CLI : Partial data written ISO : Datasize passed to send/recv buffer is invalid TCP : Protocol not available"
6563643,"CLI : Partial data written ISO : Datasize passed to send/recv buffer is invalid TCP : Protocol not supported"
6563644,"CLI : Partial data written ISO : Datasize passed to send/recv buffer is invalid TCP : Socket not supported"
6563645,"CLI : Partial data written ISO : Datasize passed to send/recv buffer is invalid TCP : Operation not supported on Socket"
6563646,"CLI : Partial data written ISO : Datasize passed to send/recv buffer is invalid TCP : Protocol family not supported"
6563647,"CLI : Partial data written ISO : Datasize passed to send/recv buffer is invalid TCP : Address family not supported"
6563648,"CLI : Partial data written ISO : Datasize passed to send/recv buffer is invalid TCP : Address already in use"
6563649,"CLI : Partial data written ISO : Datasize passed to send/recv buffer is invalid TCP : Can't assign requested address"
6563650,"CLI : Partial data written ISO : Datasize passed to send/recv buffer is invalid TCP : Network is down"
6563651,"CLI : Partial data written ISO : Datasize passed to send/recv buffer is invalid TCP : Network is unreachable"
6563652,"CLI : Partial data written ISO : Datasize passed to send/recv buffer is invalid TCP : Network dropped connection on reset"
6563653,"CLI : Partial data written ISO : Datasize passed to send/recv buffer is invalid TCP : Software caused connection abort"
6563654,"CLI : Partial data written ISO : Datasize passed to send/recv buffer is invalid TCP : Connection reset by peer"
6563655,"CLI : Partial data written ISO : Datasize passed to send/recv buffer is invalid TCP : No Buffer space available"
6563656,"CLI : Partial data written ISO : Datasize passed to send/recv buffer is invalid TCP : Socket is already connected"
6563657,"CLI : Partial data written ISO : Datasize passed to send/recv buffer is invalid TCP : Socket is not connected"
6563658,"CLI : Partial data written ISO : Datasize passed to send/recv buffer is invalid TCP : Can't send after Socket shutdown"
6563659,"CLI : Partial data written ISO : Datasize passed to send/recv buffer is invalid TCP : Too many references:can't splice"
6563660,"CLI : Partial data written ISO : Datasize passed to send/recv buffer is invalid TCP : Connection timed out"
6563661,"CLI : Partial data written ISO : Datasize passed to send/recv buffer is invalid TCP : Connection refused"
6563662,"CLI : Partial data written ISO : Datasize passed to send/recv buffer is invalid TCP : Too many levels of symbolic links"
6563663,"CLI : Partial data written ISO : Datasize passed to send/recv buffer is invalid TCP : File name is too long"
6563664,"CLI : Partial data written ISO : Datasize passed to send/recv buffer is invalid TCP : Host is down"
6563665,"CLI : Partial data written ISO : Datasize passed to send/recv buffer is invalid TCP : Unreachable peer"
6563666,"CLI : Partial data written ISO : Datasize passed to send/recv buffer is invalid TCP : Directory is not empty"
6563667,"CLI : Partial data written ISO : Datasize passed to send/recv buffer is invalid TCP : Too many processes"
6563668,"CLI : Partial data written ISO : Datasize passed to send/recv buffer is invalid TCP : Too many users"
6563669,"CLI : Partial data written ISO : Datasize passed to send/recv buffer is invalid TCP : Disk quota exceeded"
6563670,"CLI : Partial data written ISO : Datasize passed to send/recv buffer is invalid TCP : Stale NFS file handle"
6563671,"CLI : Partial data written ISO : Datasize passed to send/recv buffer is invalid TCP : Too many levels of remote in path"
6563691,"CLI : Partial data written ISO : Datasize passed to send/recv buffer is invalid TCP : Network subsystem is unusable"
6563692,"CLI : Partial data written ISO : Datasize passed to send/recv buffer is invalid TCP : Winsock DLL cannot support this application"
6563693,"CLI : Partial data written ISO : Datasize passed to send/recv buffer is invalid TCP : Winsock not initialized"
6563701,"CLI : Partial data written ISO : Datasize passed to send/recv buffer is invalid TCP : Disconnect"
6564601,"CLI : Partial data written ISO : Datasize passed to send/recv buffer is invalid TCP : Host not found"
6564602,"CLI : Partial data written ISO : Datasize passed to send/recv buffer is invalid TCP : Non authoritative - host not found"
6564603,"CLI : Partial data written ISO : Datasize passed to send/recv buffer is invalid TCP : Non recoverable error"
6564604,"CLI : Partial data written ISO : Datasize passed to send/recv buffer is invalid TCP : Valid name, no data record of requested type"
6565601,"CLI : Partial data written ISO : Datasize passed to send/recv buffer is invalid TCP : Invalid address"
6619136,"CLI : Partial data written ISO : Null passed as pointer"
6629140,"CLI : Partial data written ISO : Null passed as pointer TCP : Interrupted system call"
6629145,"CLI : Partial data written ISO : Null passed as pointer TCP : Bad file number"
6629149,"CLI : Partial data written ISO : Null passed as pointer TCP : Permission denied"
6629150,"CLI : Partial data written ISO : Null passed as pointer TCP : Bad address"
6629158,"CLI : Partial data written ISO : Null passed as pointer TCP : Invalid argument"
6629160,"CLI : Partial data written ISO : Null passed as pointer TCP : Too many open files"
6629171,"CLI : Partial data written ISO : Null passed as pointer TCP : Operation would block"
6629172,"CLI : Partial data written ISO : Null passed as pointer TCP : Operation now in progress"
6629173,"CLI : Partial data written ISO : Null passed as pointer TCP : Operation already in progress"
6629174,"CLI : Partial data written ISO : Null passed as pointer TCP : Socket operation on non socket"
6629175,"CLI : Partial data written ISO : Null passed as pointer TCP : Destination address required"
6629176,"CLI : Partial data written ISO : Null passed as pointer TCP : Message too long"
6629177,"CLI : Partial data written ISO : Null passed as pointer TCP : Protocol wrong type for Socket"
6629178,"CLI : Partial data written ISO : Null passed as pointer TCP : Protocol not available"
6629179,"CLI : Partial data written ISO : Null passed as pointer TCP : Protocol not supported"
6629180,"CLI : Partial data written ISO : Null passed as pointer TCP : Socket not supported"
6629181,"CLI : Partial data written ISO : Null passed as pointer TCP : Operation not supported on Socket"
6629182,"CLI : Partial data written ISO : Null passed as pointer TCP : Protocol family not supported"
6629183,"CLI : Partial data written ISO : Null passed as pointer TCP : Address family not supported"
6629184,"CLI : Partial data written ISO : Null passed as pointer TCP : Address already in use"
6629185,"CLI : Partial data written ISO : Null passed as pointer TCP : Can't assign requested address"
6629186,"CLI : Partial data written ISO : Null passed as pointer TCP : Network is down"
6629187,"CLI : Partial data written ISO : Null passed as pointer TCP : Network is unreachable"
6629188,"CLI : Partial data written ISO : Null passed as pointer TCP : Network dropped connection on reset"
6629189,"CLI : Partial data written ISO : Null passed as pointer TCP : Software caused connection abort"
6629190,"CLI : Partial data written ISO : Null passed as pointer TCP : Connection reset by peer"
6629191,"CLI : Partial data written ISO : Null passed as pointer TCP : No Buffer space available"
6629192,"CLI : Partial data written ISO : Null passed as pointer TCP : Socket is already connected"
6629193,"CLI : Partial data written ISO : Null passed as pointer TCP : Socket is not connected"
6629194,"CLI : Partial data written ISO : Null passed as pointer TCP : Can't send after Socket shutdown"
6629195,"CLI : Partial data written ISO : Null passed as pointer TCP : Too many references:can't splice"
6629196,"CLI : Partial data written ISO : Null passed as pointer TCP : Connection timed out"
6629197,"CLI : Partial data written ISO : Null passed as pointer TCP : Connection refused"
6629198,"CLI : Partial data written ISO : Null passed as pointer TCP : Too many levels of symbolic links"
6629199,"CLI : Partial data written ISO : Null passed as pointer TCP : File name is too long"
6629200,"CLI : Partial data written ISO : Null passed as pointer TCP : Host is down"
6629201,"CLI : Partial data written ISO : Null passed as pointer TCP : Unreachable peer"
6629202,"CLI : Partial data written ISO : Null passed as pointer TCP : Directory is not empty"
6629203,"CLI : Partial data written ISO : Null passed as pointer TCP : Too many processes"
6629204,"CLI : Partial data written ISO : Null passed as pointer TCP : Too many users"
6629205,"CLI : Partial data written ISO : Null passed as pointer TCP : Disk quota exceeded"
6629206,"CLI : Partial data written ISO : Null passed as pointer TCP : Stale NFS file handle"
6629207,"CLI : Partial data written ISO : Null passed as pointer TCP : Too many levels of remote in path"
6629227,"CLI : Partial data written ISO : Null passed as pointer TCP : Network subsystem is unusable"
6629228,"CLI : Partial data written ISO : Null passed as pointer TCP : Winsock DLL cannot support this application"
6629229,"CLI : Partial data written ISO : Null passed as pointer TCP : Winsock not initialized"
6629237,"CLI : Partial data written ISO : Null passed as pointer TCP : Disconnect"
6630137,"CLI : Partial data written ISO : Null passed as pointer TCP : Host not found"
6630138,"CLI : Partial data written ISO : Null passed as pointer TCP : Non authoritative - host not found"
6630139,"CLI : Partial data written ISO : Null passed as pointer TCP : Non recoverable error"
6630140,"CLI : Partial data written ISO : Null passed as pointer TCP : Valid name, no data record of requested type"
6631137,"CLI : Partial data written ISO : Null passed as pointer TCP : Invalid address"
6684672,"CLI : Partial data written ISO : A short packet received"
6694676,"CLI : Partial data written ISO : A short packet received TCP : Interrupted system call"
6694681,"CLI : Partial data written ISO : A short packet received TCP : Bad file number"
6694685,"CLI : Partial data written ISO : A short packet received TCP : Permission denied"
6694686,"CLI : Partial data written ISO : A short packet received TCP : Bad address"
6694694,"CLI : Partial data written ISO : A short packet received TCP : Invalid argument"
6694696,"CLI : Partial data written ISO : A short packet received TCP : Too many open files"
6694707,"CLI : Partial data written ISO : A short packet received TCP : Operation would block"
6694708,"CLI : Partial data written ISO : A short packet received TCP : Operation now in progress"
6694709,"CLI : Partial data written ISO : A short packet received TCP : Operation already in progress"
6694710,"CLI : Partial data written ISO : A short packet received TCP : Socket operation on non socket"
6694711,"CLI : Partial data written ISO : A short packet received TCP : Destination address required"
6694712,"CLI : Partial data written ISO : A short packet received TCP : Message too long"
6694713,"CLI : Partial data written ISO : A short packet received TCP : Protocol wrong type for Socket"
6694714,"CLI : Partial data written ISO : A short packet received TCP : Protocol not available"
6694715,"CLI : Partial data written ISO : A short packet received TCP : Protocol not supported"
6694716,"CLI : Partial data written ISO : A short packet received TCP : Socket not supported"
6694717,"CLI : Partial data written ISO : A short packet received TCP : Operation not supported on Socket"
6694718,"CLI : Partial data written ISO : A short packet received TCP : Protocol family not supported"
6694719,"CLI : Partial data written ISO : A short packet received TCP : Address family not supported"
6694720,"CLI : Partial data written ISO : A short packet received TCP : Address already in use"
6694721,"CLI : Partial data written ISO : A short packet received TCP : Can't assign requested address"
6694722,"CLI : Partial data written ISO : A short packet received TCP : Network is down"
6694723,"CLI : Partial data written ISO : A short packet received TCP : Network is unreachable"
6694724,"CLI : Partial data written ISO : A short packet received TCP : Network dropped connection on reset"
6694725,"CLI : Partial data written ISO : A short packet received TCP : Software caused connection abort"
6694726,"CLI : Partial data written ISO : A short packet received TCP : Connection reset by peer"
6694727,"CLI : Partial data written ISO : A short packet received TCP : No Buffer space available"
6694728,"CLI : Partial data written ISO : A short packet received TCP : Socket is already connected"
6694729,"CLI : Partial data written ISO : A short packet received TCP : Socket is not connected"
6694730,"CLI : Partial data written ISO : A short packet received TCP : Can't send after Socket shutdown"
6694731,"CLI : Partial data written ISO : A short packet received TCP : Too many references:can't splice"
6694732,"CLI : Partial data written ISO : A short packet received TCP : Connection timed out"
6694733,"CLI : Partial data written ISO : A short packet received TCP : Connection refused"
6694734,"CLI : Partial data written ISO : A short packet received TCP : Too many levels of symbolic links"
6694735,"CLI : Partial data written ISO : A short packet received TCP : File name is too long"
6694736,"CLI : Partial data written ISO : A short packet received TCP : Host is down"
6694737,"CLI : Partial data written ISO : A short packet received TCP : Unreachable peer"
6694738,"CLI : Partial data written ISO : A short packet received TCP : Directory is not empty"
6694739,"CLI : Partial data written ISO : A short packet received TCP : Too many processes"
6694740,"CLI : Partial data written ISO : A short packet received TCP : Too many users"
6694741,"CLI : Partial data written ISO : A short packet received TCP : Disk quota exceeded"
6694742,"CLI : Partial data written ISO : A short packet received TCP : Stale NFS file handle"
6694743,"CLI : Partial data written ISO : A short packet received TCP : Too many levels of remote in path"
6694763,"CLI : Partial data written ISO : A short packet received TCP : Network subsystem is unusable"
6694764,"CLI : Partial data written ISO : A short packet received TCP : Winsock DLL cannot support this application"
6694765,"CLI : Partial data written ISO : A short packet received TCP : Winsock not initialized"
6694773,"CLI : Partial data written ISO : A short packet received TCP : Disconnect"
6695673,"CLI : Partial data written ISO : A short packet received TCP : Host not found"
6695674,"CLI : Partial data written ISO : A short packet received TCP : Non authoritative - host not found"
6695675,"CLI : Partial data written ISO : A short packet received TCP : Non recoverable error"
6695676,"CLI : Partial data written ISO : A short packet received TCP : Valid name, no data record of requested type"
6696673,"CLI : Partial data written ISO : A short packet received TCP : Invalid address"
6750208,"CLI : Partial data written ISO : Too many packets without EoT flag"
6760212,"CLI : Partial data written ISO : Too many packets without EoT flag TCP : Interrupted system call"
6760217,"CLI : Partial data written ISO : Too many packets without EoT flag TCP : Bad file number"
6760221,"CLI : Partial data written ISO : Too many packets without EoT flag TCP : Permission denied"
6760222,"CLI : Partial data written ISO : Too many packets without EoT flag TCP : Bad address"
6760230,"CLI : Partial data written ISO : Too many packets without EoT flag TCP : Invalid argument"
6760232,"CLI : Partial data written ISO : Too many packets without EoT flag TCP : Too many open files"
6760243,"CLI : Partial data written ISO : Too many packets without EoT flag TCP : Operation would block"
6760244,"CLI : Partial data written ISO : Too many packets without EoT flag TCP : Operation now in progress"
6760245,"CLI : Partial data written ISO : Too many packets without EoT flag TCP : Operation already in progress"
6760246,"CLI : Partial data written ISO : Too many packets without EoT flag TCP : Socket operation on non socket"
6760247,"CLI : Partial data written ISO : Too many packets without EoT flag TCP : Destination address required"
6760248,"CLI : Partial data written ISO : Too many packets without EoT flag TCP : Message too long"
6760249,"CLI : Partial data written ISO : Too many packets without EoT flag TCP : Protocol wrong type for Socket"
6760250,"CLI : Partial data written ISO : Too many packets without EoT flag TCP : Protocol not available"
6760251,"CLI : Partial data written ISO : Too many packets without EoT flag TCP : Protocol not supported"
6760252,"CLI : Partial data written ISO : Too many packets without EoT flag TCP : Socket not supported"
6760253,"CLI : Partial data written ISO : Too many packets without EoT flag TCP : Operation not supported on Socket"
6760254,"CLI : Partial data written ISO : Too many packets without EoT flag TCP : Protocol family not supported"
6760255,"CLI : Partial data written ISO : Too many packets without EoT flag TCP : Address family not supported"
6760256,"CLI : Partial data written ISO : Too many packets without EoT flag TCP : Address already in use"
6760257,"CLI : Partial data written ISO : Too many packets without EoT flag TCP : Can't assign requested address"
6760258,"CLI : Partial data written ISO : Too many packets without EoT flag TCP : Network is down"
6760259,"CLI : Partial data written ISO : Too many packets without EoT flag TCP : Network is unreachable"
6760260,"CLI : Partial data written ISO : Too many packets without EoT flag TCP : Network dropped connection on reset"
6760261,"CLI : Partial data written ISO : Too many packets without EoT flag TCP : Software caused connection abort"
6760262,"CLI : Partial data written ISO : Too many packets without EoT flag TCP : Connection reset by peer"
6760263,"CLI : Partial data written ISO : Too many packets without EoT flag TCP : No Buffer space available"
6760264,"CLI : Partial data written ISO : Too many packets without EoT flag TCP : Socket is already connected"
6760265,"CLI : Partial data written ISO : Too many packets without EoT flag TCP : Socket is not connected"
6760266,"CLI : Partial data written ISO : Too many packets without EoT flag TCP : Can't send after Socket shutdown"
6760267,"CLI : Partial data written ISO : Too many packets without EoT flag TCP : Too many references:can't splice"
6760268,"CLI : Partial data written ISO : Too many packets without EoT flag TCP : Connection timed out"
6760269,"CLI : Partial data written ISO : Too many packets without EoT flag TCP : Connection refused"
6760270,"CLI : Partial data written ISO : Too many packets without EoT flag TCP : Too many levels of symbolic links"
6760271,"CLI : Partial data written ISO : Too many packets without EoT flag TCP : File name is too long"
6760272,"CLI : Partial data written ISO : Too many packets without EoT flag TCP : Host is down"
6760273,"CLI : Partial data written ISO : Too many packets without EoT flag TCP : Unreachable peer"
6760274,"CLI : Partial data written ISO : Too many packets without EoT flag TCP : Directory is not empty"
6760275,"CLI : Partial data written ISO : Too many packets without EoT flag TCP : Too many processes"
6760276,"CLI : Partial data written ISO : Too many packets without EoT flag TCP : Too many users"
6760277,"CLI : Partial data written ISO : Too many packets without EoT flag TCP : Disk quota exceeded"
6760278,"CLI : Partial data written ISO : Too many packets without EoT flag TCP : Stale NFS file handle"
6760279,"CLI : Partial data written ISO : Too many packets without EoT flag TCP : Too many levels of remote in path"
6760299,"CLI : Partial data written ISO : Too many packets without EoT flag TCP : Network subsystem is unusable"
6760300,"CLI : Partial data written ISO : Too many packets without EoT flag TCP : Winsock DLL cannot support this application"
6760301,"CLI : Partial data written ISO : Too many packets without EoT flag TCP : Winsock not initialized"
6760309,"CLI : Partial data written ISO : Too many packets without EoT flag TCP : Disconnect"
6761209,"CLI : Partial data written ISO : Too many packets without EoT flag TCP : Host not found"
6761210,"CLI : Partial data written ISO : Too many packets without EoT flag TCP : Non authoritative - host not found"
6761211,"CLI : Partial data written ISO : Too many packets without EoT flag TCP : Non recoverable error"
6761212,"CLI : Partial data written ISO : Too many packets without EoT flag TCP : Valid name, no data record of requested type"
6762209,"CLI : Partial data written ISO : Too many packets without EoT flag TCP : Invalid address"
6815744,"CLI : Partial data written ISO : The sum of fragments data exceded maximum packet size"
6825748,"CLI : Partial data written ISO : The sum of fragments data exceded maximum packet size TCP : Interrupted system call"
6825753,"CLI : Partial data written ISO : The sum of fragments data exceded maximum packet size TCP : Bad file number"
6825757,"CLI : Partial data written ISO : The sum of fragments data exceded maximum packet size TCP : Permission denied"
6825758,"CLI : Partial data written ISO : The sum of fragments data exceded maximum packet size TCP : Bad address"
6825766,"CLI : Partial data written ISO : The sum of fragments data exceded maximum packet size TCP : Invalid argument"
6825768,"CLI : Partial data written ISO : The sum of fragments data exceded maximum packet size TCP : Too many open files"
6825779,"CLI : Partial data written ISO : The sum of fragments data exceded maximum packet size TCP : Operation would block"
6825780,"CLI : Partial data written ISO : The sum of fragments data exceded maximum packet size TCP : Operation now in progress"
6825781,"CLI : Partial data written ISO : The sum of fragments data exceded maximum packet size TCP : Operation already in progress"
6825782,"CLI : Partial data written ISO : The sum of fragments data exceded maximum packet size TCP : Socket operation on non socket"
6825783,"CLI : Partial data written ISO : The sum of fragments data exceded maximum packet size TCP : Destination address required"
6825784,"CLI : Partial data written ISO : The sum of fragments data exceded maximum packet size TCP : Message too long"
6825785,"CLI : Partial data written ISO : The sum of fragments data exceded maximum packet size TCP : Protocol wrong type for Socket"
6825786,"CLI : Partial data written ISO : The sum of fragments data exceded maximum packet size TCP : Protocol not available"
6825787,"CLI : Partial data written ISO : The sum of fragments data exceded maximum packet size TCP : Protocol not supported"
6825788,"CLI : Partial data written ISO : The sum of fragments data exceded maximum packet size TCP : Socket not supported"
6825789,"CLI : Partial data written ISO : The sum of fragments data exceded maximum packet size TCP : Operation not supported on Socket"
6825790,"CLI : Partial data written ISO : The sum of fragments data exceded maximum packet size TCP : Protocol family not supported"
6825791,"CLI : Partial data written ISO : The sum of fragments data exceded maximum packet size TCP : Address family not supported"
6825792,"CLI : Partial data written ISO : The sum of fragments data exceded maximum packet size TCP : Address already in use"
6825793,"CLI : Partial data written ISO : The sum of fragments data exceded maximum packet size TCP : Can't assign requested address"
6825794,"CLI : Partial data written ISO : The sum of fragments data exceded maximum packet size TCP : Network is down"
6825795,"CLI : Partial data written ISO : The sum of fragments data exceded maximum packet size TCP : Network is unreachable"
6825796,"CLI : Partial data written ISO : The sum of fragments data exceded maximum packet size TCP : Network dropped connection on reset"
6825797,"CLI : Partial data written ISO : The sum of fragments data exceded maximum packet size TCP : Software caused connection abort"
6825798,"CLI : Partial data written ISO : The sum of fragments data exceded maximum packet size TCP : Connection reset by peer"
6825799,"CLI : Partial data written ISO : The sum of fragments data exceded maximum packet size TCP : No Buffer space available"
6825800,"CLI : Partial data written ISO : The sum of fragments data exceded maximum packet size TCP : Socket is already connected"
6825801,"CLI : Partial data written ISO : The sum of fragments data exceded maximum packet size TCP : Socket is not connected"
6825802,"CLI : Partial data written ISO : The sum of fragments data exceded maximum packet size TCP : Can't send after Socket shutdown"
6825803,"CLI : Partial data written ISO : The sum of fragments data exceded maximum packet size TCP : Too many references:can't splice"
6825804,"CLI : Partial data written ISO : The sum of fragments data exceded maximum packet size TCP : Connection timed out"
6825805,"CLI : Partial data written ISO : The sum of fragments data exceded maximum packet size TCP : Connection refused"
6825806,"CLI : Partial data written ISO : The sum of fragments data exceded maximum packet size TCP : Too many levels of symbolic links"
6825807,"CLI : Partial data written ISO : The sum of fragments data exceded maximum packet size TCP : File name is too long"
6825808,"CLI : Partial data written ISO : The sum of fragments data exceded maximum packet size TCP : Host is down"
6825809,"CLI : Partial data written ISO : The sum of fragments data exceded maximum packet size TCP : Unreachable peer"
6825810,"CLI : Partial data written ISO : The sum of fragments data exceded maximum packet size TCP : Directory is not empty"
6825811,"CLI : Partial data written ISO : The sum of fragments data exceded maximum packet size TCP : Too many processes"
6825812,"CLI : Partial data written ISO : The sum of fragments data exceded maximum packet size TCP : Too many users"
6825813,"CLI : Partial data written ISO : The sum of fragments data exceded maximum packet size TCP : Disk quota exceeded"
6825814,"CLI : Partial data written ISO : The sum of fragments data exceded maximum packet size TCP : Stale NFS file handle"
6825815,"CLI : Partial data written ISO : The sum of fragments data exceded maximum packet size TCP : Too many levels of remote in path"
6825835,"CLI : Partial data written ISO : The sum of fragments data exceded maximum packet size TCP : Network subsystem is unusable"
6825836,"CLI : Partial data written ISO : The sum of fragments data exceded maximum packet size TCP : Winsock DLL cannot support this application"
6825837,"CLI : Partial data written ISO : The sum of fragments data exceded maximum packet size TCP : Winsock not initialized"
6825845,"CLI : Partial data written ISO : The sum of fragments data exceded maximum packet size TCP : Disconnect"
6826745,"CLI : Partial data written ISO : The sum of fragments data exceded maximum packet size TCP : Host not found"
6826746,"CLI : Partial data written ISO : The sum of fragments data exceded maximum packet size TCP : Non authoritative - host not found"
6826747,"CLI : Partial data written ISO : The sum of fragments data exceded maximum packet size TCP : Non recoverable error"
6826748,"CLI : Partial data written ISO : The sum of fragments data exceded maximum packet size TCP : Valid name, no data record of requested type"
6827745,"CLI : Partial data written ISO : The sum of fragments data exceded maximum packet size TCP : Invalid address"
6881280,"CLI : Partial data written ISO : An error occurred during send"
6891284,"CLI : Partial data written ISO : An error occurred during send TCP : Interrupted system call"
6891289,"CLI : Partial data written ISO : An error occurred during send TCP : Bad file number"
6891293,"CLI : Partial data written ISO : An error occurred during send TCP : Permission denied"
6891294,"CLI : Partial data written ISO : An error occurred during send TCP : Bad address"
6891302,"CLI : Partial data written ISO : An error occurred during send TCP : Invalid argument"
6891304,"CLI : Partial data written ISO : An error occurred during send TCP : Too many open files"
6891315,"CLI : Partial data written ISO : An error occurred during send TCP : Operation would block"
6891316,"CLI : Partial data written ISO : An error occurred during send TCP : Operation now in progress"
6891317,"CLI : Partial data written ISO : An error occurred during send TCP : Operation already in progress"
6891318,"CLI : Partial data written ISO : An error occurred during send TCP : Socket operation on non socket"
6891319,"CLI : Partial data written ISO : An error occurred during send TCP : Destination address required"
6891320,"CLI : Partial data written ISO : An error occurred during send TCP : Message too long"
6891321,"CLI : Partial data written ISO : An error occurred during send TCP : Protocol wrong type for Socket"
6891322,"CLI : Partial data written ISO : An error occurred during send TCP : Protocol not available"
6891323,"CLI : Partial data written ISO : An error occurred during send TCP : Protocol not supported"
6891324,"CLI : Partial data written ISO : An error occurred during send TCP : Socket not supported"
6891325,"CLI : Partial data written ISO : An error occurred during send TCP : Operation not supported on Socket"
6891326,"CLI : Partial data written ISO : An error occurred during send TCP : Protocol family not supported"
6891327,"CLI : Partial data written ISO : An error occurred during send TCP : Address family not supported"
6891328,"CLI : Partial data written ISO : An error occurred during send TCP : Address already in use"
6891329,"CLI : Partial data written ISO : An error occurred during send TCP : Can't assign requested address"
6891330,"CLI : Partial data written ISO : An error occurred during send TCP : Network is down"
6891331,"CLI : Partial data written ISO : An error occurred during send TCP : Network is unreachable"
6891332,"CLI : Partial data written ISO : An error occurred during send TCP : Network dropped connection on reset"
6891333,"CLI : Partial data written ISO : An error occurred during send TCP : Software caused connection abort"
6891334,"CLI : Partial data written ISO : An error occurred during send TCP : Connection reset by peer"
6891335,"CLI : Partial data written ISO : An error occurred during send TCP : No Buffer space available"
6891336,"CLI : Partial data written ISO : An error occurred during send TCP : Socket is already connected"
6891337,"CLI : Partial data written ISO : An error occurred during send TCP : Socket is not connected"
6891338,"CLI : Partial data written ISO : An error occurred during send TCP : Can't send after Socket shutdown"
6891339,"CLI : Partial data written ISO : An error occurred during send TCP : Too many references:can't splice"
6891340,"CLI : Partial data written ISO : An error occurred during send TCP : Connection timed out"
6891341,"CLI : Partial data written ISO : An error occurred during send TCP : Connection refused"
6891342,"CLI : Partial data written ISO : An error occurred during send TCP : Too many levels of symbolic links"
6891343,"CLI : Partial data written ISO : An error occurred during send TCP : File name is too long"
6891344,"CLI : Partial data written ISO : An error occurred during send TCP : Host is down"
6891345,"CLI : Partial data written ISO : An error occurred during send TCP : Unreachable peer"
6891346,"CLI : Partial data written ISO : An error occurred during send TCP : Directory is not empty"
6891347,"CLI : Partial data written ISO : An error occurred during send TCP : Too many processes"
6891348,"CLI : Partial data written ISO : An error occurred during send TCP : Too many users"
6891349,"CLI : Partial data written ISO : An error occurred during send TCP : Disk quota exceeded"
6891350,"CLI : Partial data written ISO : An error occurred during send TCP : Stale NFS file handle"
6891351,"CLI : Partial data written ISO : An error occurred during send TCP : Too many levels of remote in path"
6891371,"CLI : Partial data written ISO : An error occurred during send TCP : Network subsystem is unusable"
6891372,"CLI : Partial data written ISO : An error occurred during send TCP : Winsock DLL cannot support this application"
6891373,"CLI : Partial data written ISO : An error occurred during send TCP : Winsock not initialized"
6891381,"CLI : Partial data written ISO : An error occurred during send TCP : Disconnect"
6892281,"CLI : Partial data written ISO : An error occurred during send TCP : Host not found"
6892282,"CLI : Partial data written ISO : An error occurred during send TCP : Non authoritative - host not found"
6892283,"CLI : Partial data written ISO : An error occurred during send TCP : Non recoverable error"
6892284,"CLI : Partial data written ISO : An error occurred during send TCP : Valid name, no data record of requested type"
6893281,"CLI : Partial data written ISO : An error occurred during send TCP : Invalid address"
6946816,"CLI : Partial data written ISO : An error occurred during recv"
6956820,"CLI : Partial data written ISO : An error occurred during recv TCP : Interrupted system call"
6956825,"CLI : Partial data written ISO : An error occurred during recv TCP : Bad file number"
6956829,"CLI : Partial data written ISO : An error occurred during recv TCP : Permission denied"
6956830,"CLI : Partial data written ISO : An error occurred during recv TCP : Bad address"
6956838,"CLI : Partial data written ISO : An error occurred during recv TCP : Invalid argument"
6956840,"CLI : Partial data written ISO : An error occurred during recv TCP : Too many open files"
6956851,"CLI : Partial data written ISO : An error occurred during recv TCP : Operation would block"
6956852,"CLI : Partial data written ISO : An error occurred during recv TCP : Operation now in progress"
6956853,"CLI : Partial data written ISO : An error occurred during recv TCP : Operation already in progress"
6956854,"CLI : Partial data written ISO : An error occurred during recv TCP : Socket operation on non socket"
6956855,"CLI : Partial data written ISO : An error occurred during recv TCP : Destination address required"
6956856,"CLI : Partial data written ISO : An error occurred during recv TCP : Message too long"
6956857,"CLI : Partial data written ISO : An error occurred during recv TCP : Protocol wrong type for Socket"
6956858,"CLI : Partial data written ISO : An error occurred during recv TCP : Protocol not available"
6956859,"CLI : Partial data written ISO : An error occurred during recv TCP : Protocol not supported"
6956860,"CLI : Partial data written ISO : An error occurred during recv TCP : Socket not supported"
6956861,"CLI : Partial data written ISO : An error occurred during recv TCP : Operation not supported on Socket"
6956862,"CLI : Partial data written ISO : An error occurred during recv TCP : Protocol family not supported"
6956863,"CLI : Partial data written ISO : An error occurred during recv TCP : Address family not supported"
6956864,"CLI : Partial data written ISO : An error occurred during recv TCP : Address already in use"
6956865,"CLI : Partial data written ISO : An error occurred during recv TCP : Can't assign requested address"
6956866,"CLI : Partial data written ISO : An error occurred during recv TCP : Network is down"
6956867,"CLI : Partial data written ISO : An error occurred during recv TCP : Network is unreachable"
6956868,"CLI : Partial data written ISO : An error occurred during recv TCP : Network dropped connection on reset"
6956869,"CLI : Partial data written ISO : An error occurred during recv TCP : Software caused connection abort"
6956870,"CLI : Partial data written ISO : An error occurred during recv TCP : Connection reset by peer"
6956871,"CLI : Partial data written ISO : An error occurred during recv TCP : No Buffer space available"
6956872,"CLI : Partial data written ISO : An error occurred during recv TCP : Socket is already connected"
6956873,"CLI : Partial data written ISO : An error occurred during recv TCP : Socket is not connected"
6956874,"CLI : Partial data written ISO : An error occurred during recv TCP : Can't send after Socket shutdown"
6956875,"CLI : Partial data written ISO : An error occurred during recv TCP : Too many references:can't splice"
6956876,"CLI : Partial data written ISO : An error occurred during recv TCP : Connection timed out"
6956877,"CLI : Partial data written ISO : An error occurred during recv TCP : Connection refused"
6956878,"CLI : Partial data written ISO : An error occurred during recv TCP : Too many levels of symbolic links"
6956879,"CLI : Partial data written ISO : An error occurred during recv TCP : File name is too long"
6956880,"CLI : Partial data written ISO : An error occurred during recv TCP : Host is down"
6956881,"CLI : Partial data written ISO : An error occurred during recv TCP : Unreachable peer"
6956882,"CLI : Partial data written ISO : An error occurred during recv TCP : Directory is not empty"
6956883,"CLI : Partial data written ISO : An error occurred during recv TCP : Too many processes"
6956884,"CLI : Partial data written ISO : An error occurred during recv TCP : Too many users"
6956885,"CLI : Partial data written ISO : An error occurred during recv TCP : Disk quota exceeded"
6956886,"CLI : Partial data written ISO : An error occurred during recv TCP : Stale NFS file handle"
6956887,"CLI : Partial data written ISO : An error occurred during recv TCP : Too many levels of remote in path"
6956907,"CLI : Partial data written ISO : An error occurred during recv TCP : Network subsystem is unusable"
6956908,"CLI : Partial data written ISO : An error occurred during recv TCP : Winsock DLL cannot support this application"
6956909,"CLI : Partial data written ISO : An error occurred during recv TCP : Winsock not initialized"
6956917,"CLI : Partial data written ISO : An error occurred during recv TCP : Disconnect"
6957817,"CLI : Partial data written ISO : An error occurred during recv TCP : Host not found"
6957818,"CLI : Partial data written ISO : An error occurred during recv TCP : Non authoritative - host not found"
6957819,"CLI : Partial data written ISO : An error occurred during recv TCP : Non recoverable error"
6957820,"CLI : Partial data written ISO : An error occurred during recv TCP : Valid name, no data record of requested type"
6958817,"CLI : Partial data written ISO : An error occurred during recv TCP : Invalid address"
7012352,"CLI : Partial data written ISO : Invalid connection params (wrong TSAPs)"
7022356,"CLI : Partial data written ISO : Invalid connection params (wrong TSAPs) TCP : Interrupted system call"
7022361,"CLI : Partial data written ISO : Invalid connection params (wrong TSAPs) TCP : Bad file number"
7022365,"CLI : Partial data written ISO : Invalid connection params (wrong TSAPs) TCP : Permission denied"
7022366,"CLI : Partial data written ISO : Invalid connection params (wrong TSAPs) TCP : Bad address"
7022374,"CLI : Partial data written ISO : Invalid connection params (wrong TSAPs) TCP : Invalid argument"
7022376,"CLI : Partial data written ISO : Invalid connection params (wrong TSAPs) TCP : Too many open files"
7022387,"CLI : Partial data written ISO : Invalid connection params (wrong TSAPs) TCP : Operation would block"
7022388,"CLI : Partial data written ISO : Invalid connection params (wrong TSAPs) TCP : Operation now in progress"
7022389,"CLI : Partial data written ISO : Invalid connection params (wrong TSAPs) TCP : Operation already in progress"
7022390,"CLI : Partial data written ISO : Invalid connection params (wrong TSAPs) TCP : Socket operation on non socket"
7022391,"CLI : Partial data written ISO : Invalid connection params (wrong TSAPs) TCP : Destination address required"
7022392,"CLI : Partial data written ISO : Invalid connection params (wrong TSAPs) TCP : Message too long"
7022393,"CLI : Partial data written ISO : Invalid connection params (wrong TSAPs) TCP : Protocol wrong type for Socket"
7022394,"CLI : Partial data written ISO : Invalid connection params (wrong TSAPs) TCP : Protocol not available"
7022395,"CLI : Partial data written ISO : Invalid connection params (wrong TSAPs) TCP : Protocol not supported"
7022396,"CLI : Partial data written ISO : Invalid connection params (wrong TSAPs) TCP : Socket not supported"
7022397,"CLI : Partial data written ISO : Invalid connection params (wrong TSAPs) TCP : Operation not supported on Socket"
7022398,"CLI : Partial data written ISO : Invalid connection params (wrong TSAPs) TCP : Protocol family not supported"
7022399,"CLI : Partial data written ISO : Invalid connection params (wrong TSAPs) TCP : Address family not supported"
7022400,"CLI : Partial data written ISO : Invalid connection params (wrong TSAPs) TCP : Address already in use"
7022401,"CLI : Partial data written ISO : Invalid connection params (wrong TSAPs) TCP : Can't assign requested address"
7022402,"CLI : Partial data written ISO : Invalid connection params (wrong TSAPs) TCP : Network is down"
7022403,"CLI : Partial data written ISO : Invalid connection params (wrong TSAPs) TCP : Network is unreachable"
7022404,"CLI : Partial data written ISO : Invalid connection params (wrong TSAPs) TCP : Network dropped connection on reset"
7022405,"CLI : Partial data written ISO : Invalid connection params (wrong TSAPs) TCP : Software caused connection abort"
7022406,"CLI : Partial data written ISO : Invalid connection params (wrong TSAPs) TCP : Connection reset by peer"
7022407,"CLI : Partial data written ISO : Invalid connection params (wrong TSAPs) TCP : No Buffer space available"
7022408,"CLI : Partial data written ISO : Invalid connection params (wrong TSAPs) TCP : Socket is already connected"
7022409,"CLI : Partial data written ISO : Invalid connection params (wrong TSAPs) TCP : Socket is not connected"
7022410,"CLI : Partial data written ISO : Invalid connection params (wrong TSAPs) TCP : Can't send after Socket shutdown"
7022411,"CLI : Partial data written ISO : Invalid connection params (wrong TSAPs) TCP : Too many references:can't splice"
7022412,"CLI : Partial data written ISO : Invalid connection params (wrong TSAPs) TCP : Connection timed out"
7022413,"CLI : Partial data written ISO : Invalid connection params (wrong TSAPs) TCP : Connection refused"
7022414,"CLI : Partial data written ISO : Invalid connection params (wrong TSAPs) TCP : Too many levels of symbolic links"
7022415,"CLI : Partial data written ISO : Invalid connection params (wrong TSAPs) TCP : File name is too long"
7022416,"CLI : Partial data written ISO : Invalid connection params (wrong TSAPs) TCP : Host is down"
7022417,"CLI : Partial data written ISO : Invalid connection params (wrong TSAPs) TCP : Unreachable peer"
7022418,"CLI : Partial data written ISO : Invalid connection params (wrong TSAPs) TCP : Directory is not empty"
7022419,"CLI : Partial data written ISO : Invalid connection params (wrong TSAPs) TCP : Too many processes"
7022420,"CLI : Partial data written ISO : Invalid connection params (wrong TSAPs) TCP : Too many users"
7022421,"CLI : Partial data written ISO : Invalid connection params (wrong TSAPs) TCP : Disk quota exceeded"
7022422,"CLI : Partial data written ISO : Invalid connection params (wrong TSAPs) TCP : Stale NFS file handle"
7022423,"CLI : Partial data written ISO : Invalid connection params (wrong TSAPs) TCP : Too many levels of remote in path"
7022443,"CLI : Partial data written ISO : Invalid connection params (wrong TSAPs) TCP : Network subsystem is unusable"
7022444,"CLI : Partial data written ISO : Invalid connection params (wrong TSAPs) TCP : Winsock DLL cannot support this application"
7022445,"CLI : Partial data written ISO : Invalid connection params (wrong TSAPs) TCP : Winsock not initialized"
7022453,"CLI : Partial data written ISO : Invalid connection params (wrong TSAPs) TCP : Disconnect"
7023353,"CLI : Partial data written ISO : Invalid connection params (wrong TSAPs) TCP : Host not found"
7023354,"CLI : Partial data written ISO : Invalid connection params (wrong TSAPs) TCP : Non authoritative - host not found"
7023355,"CLI : Partial data written ISO : Invalid connection params (wrong TSAPs) TCP : Non recoverable error"
7023356,"CLI : Partial data written ISO : Invalid connection params (wrong TSAPs) TCP : Valid name, no data record of requested type"
7024353,"CLI : Partial data written ISO : Invalid connection params (wrong TSAPs) TCP : Invalid address"
7077888,"CLI : Partial data written ISO : Unknown error (0x000c0000)"
7087892,"CLI : Partial data written ISO : Unknown error (0x000c0000) TCP : Interrupted system call"
7087897,"CLI : Partial data written ISO : Unknown error (0x000c0000) TCP : Bad file number"
7087901,"CLI : Partial data written ISO : Unknown error (0x000c0000) TCP : Permission denied"
7087902,"CLI : Partial data written ISO : Unknown error (0x000c0000) TCP : Bad address"
7087910,"CLI : Partial data written ISO : Unknown error (0x000c0000) TCP : Invalid argument"
7087912,"CLI : Partial data written ISO : Unknown error (0x000c0000) TCP : Too many open files"
7087923,"CLI : Partial data written ISO : Unknown error (0x000c0000) TCP : Operation would block"
7087924,"CLI : Partial data written ISO : Unknown error (0x000c0000) TCP : Operation now in progress"
7087925,"CLI : Partial data written ISO : Unknown error (0x000c0000) TCP : Operation already in progress"
7087926,"CLI : Partial data written ISO : Unknown error (0x000c0000) TCP : Socket operation on non socket"
7087927,"CLI : Partial data written ISO : Unknown error (0x000c0000) TCP : Destination address required"
7087928,"CLI : Partial data written ISO : Unknown error (0x000c0000) TCP : Message too long"
7087929,"CLI : Partial data written ISO : Unknown error (0x000c0000) TCP : Protocol wrong type for Socket"
7087930,"CLI : Partial data written ISO : Unknown error (0x000c0000) TCP : Protocol not available"
7087931,"CLI : Partial data written ISO : Unknown error (0x000c0000) TCP : Protocol not supported"
7087932,"CLI : Partial data written ISO : Unknown error (0x000c0000) TCP : Socket not supported"
7087933,"CLI : Partial data written ISO : Unknown error (0x000c0000) TCP : Operation not supported on Socket"
7087934,"CLI : Partial data written ISO : Unknown error (0x000c0000) TCP : Protocol family not supported"
7087935,"CLI : Partial data written ISO : Unknown error (0x000c0000) TCP : Address family not supported"
7087936,"CLI : Partial data written ISO : Unknown error (0x000c0000) TCP : Address already in use"
7087937,"CLI : Partial data written ISO : Unknown error (0x000c0000) TCP : Can't assign requested address"
7087938,"CLI : Partial data written ISO : Unknown error (0x000c0000) TCP : Network is down"
7087939,"CLI : Partial data written ISO : Unknown error (0x000c0000) TCP : Network is unreachable"
7087940,"CLI : Partial data written ISO : Unknown error (0x000c0000) TCP : Network dropped connection on reset"
7087941,"CLI : Partial data written ISO : Unknown error (0x000c0000) TCP : Software caused connection abort"
7087942,"CLI : Partial data written ISO : Unknown error (0x000c0000) TCP : Connection reset by peer"
7087943,"CLI : Partial data written ISO : Unknown error (0x000c0000) TCP : No Buffer space available"
7087944,"CLI : Partial data written ISO : Unknown error (0x000c0000) TCP : Socket is already connected"
7087945,"CLI : Partial data written ISO : Unknown error (0x000c0000) TCP : Socket is not connected"
7087946,"CLI : Partial data written ISO : Unknown error (0x000c0000) TCP : Can't send after Socket shutdown"
7087947,"CLI : Partial data written ISO : Unknown error (0x000c0000) TCP : Too many references:can't splice"
7087948,"CLI : Partial data written ISO : Unknown error (0x000c0000) TCP : Connection timed out"
7087949,"CLI : Partial data written ISO : Unknown error (0x000c0000) TCP : Connection refused"
7087950,"CLI : Partial data written ISO : Unknown error (0x000c0000) TCP : Too many levels of symbolic links"
7087951,"CLI : Partial data written ISO : Unknown error (0x000c0000) TCP : File name is too long"
7087952,"CLI : Partial data written ISO : Unknown error (0x000c0000) TCP : Host is down"
7087953,"CLI : Partial data written ISO : Unknown error (0x000c0000) TCP : Unreachable peer"
7087954,"CLI : Partial data written ISO : Unknown error (0x000c0000) TCP : Directory is not empty"
7087955,"CLI : Partial data written ISO : Unknown error (0x000c0000) TCP : Too many processes"
7087956,"CLI : Partial data written ISO : Unknown error (0x000c0000) TCP : Too many users"
7087957,"CLI : Partial data written ISO : Unknown error (0x000c0000) TCP : Disk quota exceeded"
7087958,"CLI : Partial data written ISO : Unknown error (0x000c0000) TCP : Stale NFS file handle"
7087959,"CLI : Partial data written ISO : Unknown error (0x000c0000) TCP : Too many levels of remote in path"
7087979,"CLI : Partial data written ISO : Unknown error (0x000c0000) TCP : Network subsystem is unusable"
7087980,"CLI : Partial data written ISO : Unknown error (0x000c0000) TCP : Winsock DLL cannot support this application"
7087981,"CLI : Partial data written ISO : Unknown error (0x000c0000) TCP : Winsock not initialized"
7087989,"CLI : Partial data written ISO : Unknown error (0x000c0000) TCP : Disconnect"
7088889,"CLI : Partial data written ISO : Unknown error (0x000c0000) TCP : Host not found"
7088890,"CLI : Partial data written ISO : Unknown error (0x000c0000) TCP : Non authoritative - host not found"
7088891,"CLI : Partial data written ISO : Unknown error (0x000c0000) TCP : Non recoverable error"
7088892,"CLI : Partial data written ISO : Unknown error (0x000c0000) TCP : Valid name, no data record of requested type"
7089889,"CLI : Partial data written ISO : Unknown error (0x000c0000) TCP : Invalid address"
7143424,"CLI : Partial data written ISO : Unknown error (0x000d0000)"
7153428,"CLI : Partial data written ISO : Unknown error (0x000d0000) TCP : Interrupted system call"
7153433,"CLI : Partial data written ISO : Unknown error (0x000d0000) TCP : Bad file number"
7153437,"CLI : Partial data written ISO : Unknown error (0x000d0000) TCP : Permission denied"
7153438,"CLI : Partial data written ISO : Unknown error (0x000d0000) TCP : Bad address"
7153446,"CLI : Partial data written ISO : Unknown error (0x000d0000) TCP : Invalid argument"
7153448,"CLI : Partial data written ISO : Unknown error (0x000d0000) TCP : Too many open files"
7153459,"CLI : Partial data written ISO : Unknown error (0x000d0000) TCP : Operation would block"
7153460,"CLI : Partial data written ISO : Unknown error (0x000d0000) TCP : Operation now in progress"
7153461,"CLI : Partial data written ISO : Unknown error (0x000d0000) TCP : Operation already in progress"
7153462,"CLI : Partial data written ISO : Unknown error (0x000d0000) TCP : Socket operation on non socket"
7153463,"CLI : Partial data written ISO : Unknown error (0x000d0000) TCP : Destination address required"
7153464,"CLI : Partial data written ISO : Unknown error (0x000d0000) TCP : Message too long"
7153465,"CLI : Partial data written ISO : Unknown error (0x000d0000) TCP : Protocol wrong type for Socket"
7153466,"CLI : Partial data written ISO : Unknown error (0x000d0000) TCP : Protocol not available"
7153467,"CLI : Partial data written ISO : Unknown error (0x000d0000) TCP : Protocol not supported"
7153468,"CLI : Partial data written ISO : Unknown error (0x000d0000) TCP : Socket not supported"
7153469,"CLI : Partial data written ISO : Unknown error (0x000d0000) TCP : Operation not supported on Socket"
7153470,"CLI : Partial data written ISO : Unknown error (0x000d0000) TCP : Protocol family not supported"
7153471,"CLI : Partial data written ISO : Unknown error (0x000d0000) TCP : Address family not supported"
7153472,"CLI : Partial data written ISO : Unknown error (0x000d0000) TCP : Address already in use"
7153473,"CLI : Partial data written ISO : Unknown error (0x000d0000) TCP : Can't assign requested address"
7153474,"CLI : Partial data written ISO : Unknown error (0x000d0000) TCP : Network is down"
7153475,"CLI : Partial data written ISO : Unknown error (0x000d0000) TCP : Network is unreachable"
7153476,"CLI : Partial data written ISO : Unknown error (0x000d0000) TCP : Network dropped connection on reset"
7153477,"CLI : Partial data written ISO : Unknown error (0x000d0000) TCP : Software caused connection abort"
7153478,"CLI : Partial data written ISO : Unknown error (0x000d0000) TCP : Connection reset by peer"
7153479,"CLI : Partial data written ISO : Unknown error (0x000d0000) TCP : No Buffer space available"
7153480,"CLI : Partial data written ISO : Unknown error (0x000d0000) TCP : Socket is already connected"
7153481,"CLI : Partial data written ISO : Unknown error (0x000d0000) TCP : Socket is not connected"
7153482,"CLI : Partial data written ISO : Unknown error (0x000d0000) TCP : Can't send after Socket shutdown"
7153483,"CLI : Partial data written ISO : Unknown error (0x000d0000) TCP : Too many references:can't splice"
7153484,"CLI : Partial data written ISO : Unknown error (0x000d0000) TCP : Connection timed out"
7153485,"CLI : Partial data written ISO : Unknown error (0x000d0000) TCP : Connection refused"
7153486,"CLI : Partial data written ISO : Unknown error (0x000d0000) TCP : Too many levels of symbolic links"
7153487,"CLI : Partial data written ISO : Unknown error (0x000d0000) TCP : File name is too long"
7153488,"CLI : Partial data written ISO : Unknown error (0x000d0000) TCP : Host is down"
7153489,"CLI : Partial data written ISO : Unknown error (0x000d0000) TCP : Unreachable peer"
7153490,"CLI : Partial data written ISO : Unknown error (0x000d0000) TCP : Directory is not empty"
7153491,"CLI : Partial data written ISO : Unknown error (0x000d0000) TCP : Too many processes"
7153492,"CLI : Partial data written ISO : Unknown error (0x000d0000) TCP : Too many users"
7153493,"CLI : Partial data written ISO : Unknown error (0x000d0000) TCP : Disk quota exceeded"
7153494,"CLI : Partial data written ISO : Unknown error (0x000d0000) TCP : Stale NFS file handle"
7153495,"CLI : Partial data written ISO : Unknown error (0x000d0000) TCP : Too many levels of remote in path"
7153515,"CLI : Partial data written ISO : Unknown error (0x000d0000) TCP : Network subsystem is unusable"
7153516,"CLI : Partial data written ISO : Unknown error (0x000d0000) TCP : Winsock DLL cannot support this application"
7153517,"CLI : Partial data written ISO : Unknown error (0x000d0000) TCP : Winsock not initialized"
7153525,"CLI : Partial data written ISO : Unknown error (0x000d0000) TCP : Disconnect"
7154425,"CLI : Partial data written ISO : Unknown error (0x000d0000) TCP : Host not found"
7154426,"CLI : Partial data written ISO : Unknown error (0x000d0000) TCP : Non authoritative - host not found"
7154427,"CLI : Partial data written ISO : Unknown error (0x000d0000) TCP : Non recoverable error"
7154428,"CLI : Partial data written ISO : Unknown error (0x000d0000) TCP : Valid name, no data record of requested type"
7155425,"CLI : Partial data written ISO : Unknown error (0x000d0000) TCP : Invalid address"
7208960,"CLI : Partial data written ISO : Unknown error (0x000e0000)"
7218964,"CLI : Partial data written ISO : Unknown error (0x000e0000) TCP : Interrupted system call"
7218969,"CLI : Partial data written ISO : Unknown error (0x000e0000) TCP : Bad file number"
7218973,"CLI : Partial data written ISO : Unknown error (0x000e0000) TCP : Permission denied"
7218974,"CLI : Partial data written ISO : Unknown error (0x000e0000) TCP : Bad address"
7218982,"CLI : Partial data written ISO : Unknown error (0x000e0000) TCP : Invalid argument"
7218984,"CLI : Partial data written ISO : Unknown error (0x000e0000) TCP : Too many open files"
7218995,"CLI : Partial data written ISO : Unknown error (0x000e0000) TCP : Operation would block"
7218996,"CLI : Partial data written ISO : Unknown error (0x000e0000) TCP : Operation now in progress"
7218997,"CLI : Partial data written ISO : Unknown error (0x000e0000) TCP : Operation already in progress"
7218998,"CLI : Partial data written ISO : Unknown error (0x000e0000) TCP : Socket operation on non socket"
7218999,"CLI : Partial data written ISO : Unknown error (0x000e0000) TCP : Destination address required"
7219000,"CLI : Partial data written ISO : Unknown error (0x000e0000) TCP : Message too long"
7219001,"CLI : Partial data written ISO : Unknown error (0x000e0000) TCP : Protocol wrong type for Socket"
7219002,"CLI : Partial data written ISO : Unknown error (0x000e0000) TCP : Protocol not available"
7219003,"CLI : Partial data written ISO : Unknown error (0x000e0000) TCP : Protocol not supported"
7219004,"CLI : Partial data written ISO : Unknown error (0x000e0000) TCP : Socket not supported"
7219005,"CLI : Partial data written ISO : Unknown error (0x000e0000) TCP : Operation not supported on Socket"
7219006,"CLI : Partial data written ISO : Unknown error (0x000e0000) TCP : Protocol family not supported"
7219007,"CLI : Partial data written ISO : Unknown error (0x000e0000) TCP : Address family not supported"
7219008,"CLI : Partial data written ISO : Unknown error (0x000e0000) TCP : Address already in use"
7219009,"CLI : Partial data written ISO : Unknown error (0x000e0000) TCP : Can't assign requested address"
7219010,"CLI : Partial data written ISO : Unknown error (0x000e0000) TCP : Network is down"
7219011,"CLI : Partial data written ISO : Unknown error (0x000e0000) TCP : Network is unreachable"
7219012,"CLI : Partial data written ISO : Unknown error (0x000e0000) TCP : Network dropped connection on reset"
7219013,"CLI : Partial data written ISO : Unknown error (0x000e0000) TCP : Software caused connection abort"
7219014,"CLI : Partial data written ISO : Unknown error (0x000e0000) TCP : Connection reset by peer"
7219015,"CLI : Partial data written ISO : Unknown error (0x000e0000) TCP : No Buffer space available"
7219016,"CLI : Partial data written ISO : Unknown error (0x000e0000) TCP : Socket is already connected"
7219017,"CLI : Partial data written ISO : Unknown error (0x000e0000) TCP : Socket is not connected"
7219018,"CLI : Partial data written ISO : Unknown error (0x000e0000) TCP : Can't send after Socket shutdown"
7219019,"CLI : Partial data written ISO : Unknown error (0x000e0000) TCP : Too many references:can't splice"
7219020,"CLI : Partial data written ISO : Unknown error (0x000e0000) TCP : Connection timed out"
7219021,"CLI : Partial data written ISO : Unknown error (0x000e0000) TCP : Connection refused"
7219022,"CLI : Partial data written ISO : Unknown error (0x000e0000) TCP : Too many levels of symbolic links"
7219023,"CLI : Partial data written ISO : Unknown error (0x000e0000) TCP : File name is too long"
7219024,"CLI : Partial data written ISO : Unknown error (0x000e0000) TCP : Host is down"
7219025,"CLI : Partial data written ISO : Unknown error (0x000e0000) TCP : Unreachable peer"
7219026,"CLI : Partial data written ISO : Unknown error (0x000e0000) TCP : Directory is not empty"
7219027,"CLI : Partial data written ISO : Unknown error (0x000e0000) TCP : Too many processes"
7219028,"CLI : Partial data written ISO : Unknown error (0x000e0000) TCP : Too many users"
7219029,"CLI : Partial data written ISO : Unknown error (0x000e0000) TCP : Disk quota exceeded"
7219030,"CLI : Partial data written ISO : Unknown error (0x000e0000) TCP : Stale NFS file handle"
7219031,"CLI : Partial data written ISO : Unknown error (0x000e0000) TCP : Too many levels of remote in path"
7219051,"CLI : Partial data written ISO : Unknown error (0x000e0000) TCP : Network subsystem is unusable"
7219052,"CLI : Partial data written ISO : Unknown error (0x000e0000) TCP : Winsock DLL cannot support this application"
7219053,"CLI : Partial data written ISO : Unknown error (0x000e0000) TCP : Winsock not initialized"
7219061,"CLI : Partial data written ISO : Unknown error (0x000e0000) TCP : Disconnect"
7219961,"CLI : Partial data written ISO : Unknown error (0x000e0000) TCP : Host not found"
7219962,"CLI : Partial data written ISO : Unknown error (0x000e0000) TCP : Non authoritative - host not found"
7219963,"CLI : Partial data written ISO : Unknown error (0x000e0000) TCP : Non recoverable error"
7219964,"CLI : Partial data written ISO : Unknown error (0x000e0000) TCP : Valid name, no data record of requested type"
7220961,"CLI : Partial data written ISO : Unknown error (0x000e0000) TCP : Invalid address"
7274496,"CLI : Partial data written ISO : Unknown error (0x000f0000)"
7284500,"CLI : Partial data written ISO : Unknown error (0x000f0000) TCP : Interrupted system call"
7284505,"CLI : Partial data written ISO : Unknown error (0x000f0000) TCP : Bad file number"
7284509,"CLI : Partial data written ISO : Unknown error (0x000f0000) TCP : Permission denied"
7284510,"CLI : Partial data written ISO : Unknown error (0x000f0000) TCP : Bad address"
7284518,"CLI : Partial data written ISO : Unknown error (0x000f0000) TCP : Invalid argument"
7284520,"CLI : Partial data written ISO : Unknown error (0x000f0000) TCP : Too many open files"
7284531,"CLI : Partial data written ISO : Unknown error (0x000f0000) TCP : Operation would block"
7284532,"CLI : Partial data written ISO : Unknown error (0x000f0000) TCP : Operation now in progress"
7284533,"CLI : Partial data written ISO : Unknown error (0x000f0000) TCP : Operation already in progress"
7284534,"CLI : Partial data written ISO : Unknown error (0x000f0000) TCP : Socket operation on non socket"
7284535,"CLI : Partial data written ISO : Unknown error (0x000f0000) TCP : Destination address required"
7284536,"CLI : Partial data written ISO : Unknown error (0x000f0000) TCP : Message too long"
7284537,"CLI : Partial data written ISO : Unknown error (0x000f0000) TCP : Protocol wrong type for Socket"
7284538,"CLI : Partial data written ISO : Unknown error (0x000f0000) TCP : Protocol not available"
7284539,"CLI : Partial data written ISO : Unknown error (0x000f0000) TCP : Protocol not supported"
7284540,"CLI : Partial data written ISO : Unknown error (0x000f0000) TCP : Socket not supported"
7284541,"CLI : Partial data written ISO : Unknown error (0x000f0000) TCP : Operation not supported on Socket"
7284542,"CLI : Partial data written ISO : Unknown error (0x000f0000) TCP : Protocol family not supported"
7284543,"CLI : Partial data written ISO : Unknown error (0x000f0000) TCP : Address family not supported"
7284544,"CLI : Partial data written ISO : Unknown error (0x000f0000) TCP : Address already in use"
7284545,"CLI : Partial data written ISO : Unknown error (0x000f0000) TCP : Can't assign requested address"
7284546,"CLI : Partial data written ISO : Unknown error (0x000f0000) TCP : Network is down"
7284547,"CLI : Partial data written ISO : Unknown error (0x000f0000) TCP : Network is unreachable"
7284548,"CLI : Partial data written ISO : Unknown error (0x000f0000) TCP : Network dropped connection on reset"
7284549,"CLI : Partial data written ISO : Unknown error (0x000f0000) TCP : Software caused connection abort"
7284550,"CLI : Partial data written ISO : Unknown error (0x000f0000) TCP : Connection reset by peer"
7284551,"CLI : Partial data written ISO : Unknown error (0x000f0000) TCP : No Buffer space available"
7284552,"CLI : Partial data written ISO : Unknown error (0x000f0000) TCP : Socket is already connected"
7284553,"CLI : Partial data written ISO : Unknown error (0x000f0000) TCP : Socket is not connected"
7284554,"CLI : Partial data written ISO : Unknown error (0x000f0000) TCP : Can't send after Socket shutdown"
7284555,"CLI : Partial data written ISO : Unknown error (0x000f0000) TCP : Too many references:can't splice"
7284556,"CLI : Partial data written ISO : Unknown error (0x000f0000) TCP : Connection timed out"
7284557,"CLI : Partial data written ISO : Unknown error (0x000f0000) TCP : Connection refused"
7284558,"CLI : Partial data written ISO : Unknown error (0x000f0000) TCP : Too many levels of symbolic links"
7284559,"CLI : Partial data written ISO : Unknown error (0x000f0000) TCP : File name is too long"
7284560,"CLI : Partial data written ISO : Unknown error (0x000f0000) TCP : Host is down"
7284561,"CLI : Partial data written ISO : Unknown error (0x000f0000) TCP : Unreachable peer"
7284562,"CLI : Partial data written ISO : Unknown error (0x000f0000) TCP : Directory is not empty"
7284563,"CLI : Partial data written ISO : Unknown error (0x000f0000) TCP : Too many processes"
7284564,"CLI : Partial data written ISO : Unknown error (0x000f0000) TCP : Too many users"
7284565,"CLI : Partial data written ISO : Unknown error (0x000f0000) TCP : Disk quota exceeded"
7284566,"CLI : Partial data written ISO : Unknown error (0x000f0000) TCP : Stale NFS file handle"
7284567,"CLI : Partial data written ISO : Unknown error (0x000f0000) TCP : Too many levels of remote in path"
7284587,"CLI : Partial data written ISO : Unknown error (0x000f0000) TCP : Network subsystem is unusable"
7284588,"CLI : Partial data written ISO : Unknown error (0x000f0000) TCP : Winsock DLL cannot support this application"
7284589,"CLI : Partial data written ISO : Unknown error (0x000f0000) TCP : Winsock not initialized"
7284597,"CLI : Partial data written ISO : Unknown error (0x000f0000) TCP : Disconnect"
7285497,"CLI : Partial data written ISO : Unknown error (0x000f0000) TCP : Host not found"
7285498,"CLI : Partial data written ISO : Unknown error (0x000f0000) TCP : Non authoritative - host not found"
7285499,"CLI : Partial data written ISO : Unknown error (0x000f0000) TCP : Non recoverable error"
7285500,"CLI : Partial data written ISO : Unknown error (0x000f0000) TCP : Valid name, no data record of requested type"
7286497,"CLI : Partial data written ISO : Unknown error (0x000f0000) TCP : Invalid address"
7340032,"CPU : total data exceeds the PDU size"
7350036,"CPU : total data exceeds the PDU size TCP : Interrupted system call"
7350041,"CPU : total data exceeds the PDU size TCP : Bad file number"
7350045,"CPU : total data exceeds the PDU size TCP : Permission denied"
7350046,"CPU : total data exceeds the PDU size TCP : Bad address"
7350054,"CPU : total data exceeds the PDU size TCP : Invalid argument"
7350056,"CPU : total data exceeds the PDU size TCP : Too many open files"
7350067,"CPU : total data exceeds the PDU size TCP : Operation would block"
7350068,"CPU : total data exceeds the PDU size TCP : Operation now in progress"
7350069,"CPU : total data exceeds the PDU size TCP : Operation already in progress"
7350070,"CPU : total data exceeds the PDU size TCP : Socket operation on non socket"
7350071,"CPU : total data exceeds the PDU size TCP : Destination address required"
7350072,"CPU : total data exceeds the PDU size TCP : Message too long"
7350073,"CPU : total data exceeds the PDU size TCP : Protocol wrong type for Socket"
7350074,"CPU : total data exceeds the PDU size TCP : Protocol not available"
7350075,"CPU : total data exceeds the PDU size TCP : Protocol not supported"
7350076,"CPU : total data exceeds the PDU size TCP : Socket not supported"
7350077,"CPU : total data exceeds the PDU size TCP : Operation not supported on Socket"
7350078,"CPU : total data exceeds the PDU size TCP : Protocol family not supported"
7350079,"CPU : total data exceeds the PDU size TCP : Address family not supported"
7350080,"CPU : total data exceeds the PDU size TCP : Address already in use"
7350081,"CPU : total data exceeds the PDU size TCP : Can't assign requested address"
7350082,"CPU : total data exceeds the PDU size TCP : Network is down"
7350083,"CPU : total data exceeds the PDU size TCP : Network is unreachable"
7350084,"CPU : total data exceeds the PDU size TCP : Network dropped connection on reset"
7350085,"CPU : total data exceeds the PDU size TCP : Software caused connection abort"
7350086,"CPU : total data exceeds the PDU size TCP : Connection reset by peer"
7350087,"CPU : total data exceeds the PDU size TCP : No Buffer space available"
7350088,"CPU : total data exceeds the PDU size TCP : Socket is already connected"
7350089,"CPU : total data exceeds the PDU size TCP : Socket is not connected"
7350090,"CPU : total data exceeds the PDU size TCP : Can't send after Socket shutdown"
7350091,"CPU : total data exceeds the PDU size TCP : Too many references:can't splice"
7350092,"CPU : total data exceeds the PDU size TCP : Connection timed out"
7350093,"CPU : total data exceeds the PDU size TCP : Connection refused"
7350094,"CPU : total data exceeds the PDU size TCP : Too many levels of symbolic links"
7350095,"CPU : total data exceeds the PDU size TCP : File name is too long"
7350096,"CPU : total data exceeds the PDU size TCP : Host is down"
7350097,"CPU : total data exceeds the PDU size TCP : Unreachable peer"
7350098,"CPU : total data exceeds the PDU size TCP : Directory is not empty"
7350099,"CPU : total data exceeds the PDU size TCP : Too many processes"
7350100,"CPU : total data exceeds the PDU size TCP : Too many users"
7350101,"CPU : total data exceeds the PDU size TCP : Disk quota exceeded"
7350102,"CPU : total data exceeds the PDU size TCP : Stale NFS file handle"
7350103,"CPU : total data exceeds the PDU size TCP : Too many levels of remote in path"
7350123,"CPU : total data exceeds the PDU size TCP : Network subsystem is unusable"
7350124,"CPU : total data exceeds the PDU size TCP : Winsock DLL cannot support this application"
7350125,"CPU : total data exceeds the PDU size TCP : Winsock not initialized"
7350133,"CPU : total data exceeds the PDU size TCP : Disconnect"
7351033,"CPU : total data exceeds the PDU size TCP : Host not found"
7351034,"CPU : total data exceeds the PDU size TCP : Non authoritative - host not found"
7351035,"CPU : total data exceeds the PDU size TCP : Non recoverable error"
7351036,"CPU : total data exceeds the PDU size TCP : Valid name, no data record of requested type"
7352033,"CPU : total data exceeds the PDU size TCP : Invalid address"
7405568,"CPU : total data exceeds the PDU size ISO : Connection error"
7415572,"CPU : total data exceeds the PDU size ISO : Connection error TCP : Interrupted system call"
7415577,"CPU : total data exceeds the PDU size ISO : Connection error TCP : Bad file number"
7415581,"CPU : total data exceeds the PDU size ISO : Connection error TCP : Permission denied"
7415582,"CPU : total data exceeds the PDU size ISO : Connection error TCP : Bad address"
7415590,"CPU : total data exceeds the PDU size ISO : Connection error TCP : Invalid argument"
7415592,"CPU : total data exceeds the PDU size ISO : Connection error TCP : Too many open files"
7415603,"CPU : total data exceeds the PDU size ISO : Connection error TCP : Operation would block"
7415604,"CPU : total data exceeds the PDU size ISO : Connection error TCP : Operation now in progress"
7415605,"CPU : total data exceeds the PDU size ISO : Connection error TCP : Operation already in progress"
7415606,"CPU : total data exceeds the PDU size ISO : Connection error TCP : Socket operation on non socket"
7415607,"CPU : total data exceeds the PDU size ISO : Connection error TCP : Destination address required"
7415608,"CPU : total data exceeds the PDU size ISO : Connection error TCP : Message too long"
7415609,"CPU : total data exceeds the PDU size ISO : Connection error TCP : Protocol wrong type for Socket"
7415610,"CPU : total data exceeds the PDU size ISO : Connection error TCP : Protocol not available"
7415611,"CPU : total data exceeds the PDU size ISO : Connection error TCP : Protocol not supported"
7415612,"CPU : total data exceeds the PDU size ISO : Connection error TCP : Socket not supported"
7415613,"CPU : total data exceeds the PDU size ISO : Connection error TCP : Operation not supported on Socket"
7415614,"CPU : total data exceeds the PDU size ISO : Connection error TCP : Protocol family not supported"
7415615,"CPU : total data exceeds the PDU size ISO : Connection error TCP : Address family not supported"
7415616,"CPU : total data exceeds the PDU size ISO : Connection error TCP : Address already in use"
7415617,"CPU : total data exceeds the PDU size ISO : Connection error TCP : Can't assign requested address"
7415618,"CPU : total data exceeds the PDU size ISO : Connection error TCP : Network is down"
7415619,"CPU : total data exceeds the PDU size ISO : Connection error TCP : Network is unreachable"
7415620,"CPU : total data exceeds the PDU size ISO : Connection error TCP : Network dropped connection on reset"
7415621,"CPU : total data exceeds the PDU size ISO : Connection error TCP : Software caused connection abort"
7415622,"CPU : total data exceeds the PDU size ISO : Connection error TCP : Connection reset by peer"
7415623,"CPU : total data exceeds the PDU size ISO : Connection error TCP : No Buffer space available"
7415624,"CPU : total data exceeds the PDU size ISO : Connection error TCP : Socket is already connected"
7415625,"CPU : total data exceeds the PDU size ISO : Connection error TCP : Socket is not connected"
7415626,"CPU : total data exceeds the PDU size ISO : Connection error TCP : Can't send after Socket shutdown"
7415627,"CPU : total data exceeds the PDU size ISO : Connection error TCP : Too many references:can't splice"
7415628,"CPU : total data exceeds the PDU size ISO : Connection error TCP : Connection timed out"
7415629,"CPU : total data exceeds the PDU size ISO : Connection error TCP : Connection refused"
7415630,"CPU : total data exceeds the PDU size ISO : Connection error TCP : Too many levels of symbolic links"
7415631,"CPU : total data exceeds the PDU size ISO : Connection error TCP : File name is too long"
7415632,"CPU : total data exceeds the PDU size ISO : Connection error TCP : Host is down"
7415633,"CPU : total data exceeds the PDU size ISO : Connection error TCP : Unreachable peer"
7415634,"CPU : total data exceeds the PDU size ISO : Connection error TCP : Directory is not empty"
7415635,"CPU : total data exceeds the PDU size ISO : Connection error TCP : Too many processes"
7415636,"CPU : total data exceeds the PDU size ISO : Connection error TCP : Too many users"
7415637,"CPU : total data exceeds the PDU size ISO : Connection error TCP : Disk quota exceeded"
7415638,"CPU : total data exceeds the PDU size ISO : Connection error TCP : Stale NFS file handle"
7415639,"CPU : total data exceeds the PDU size ISO : Connection error TCP : Too many levels of remote in path"
7415659,"CPU : total data exceeds the PDU size ISO : Connection error TCP : Network subsystem is unusable"
7415660,"CPU : total data exceeds the PDU size ISO : Connection error TCP : Winsock DLL cannot support this application"
7415661,"CPU : total data exceeds the PDU size ISO : Connection error TCP : Winsock not initialized"
7415669,"CPU : total data exceeds the PDU size ISO : Connection error TCP : Disconnect"
7416569,"CPU : total data exceeds the PDU size ISO : Connection error TCP : Host not found"
7416570,"CPU : total data exceeds the PDU size ISO : Connection error TCP : Non authoritative - host not found"
7416571,"CPU : total data exceeds the PDU size ISO : Connection error TCP : Non recoverable error"
7416572,"CPU : total data exceeds the PDU size ISO : Connection error TCP : Valid name, no data record of requested type"
7417569,"CPU : total data exceeds the PDU size ISO : Connection error TCP : Invalid address"
7471104,"CPU : total data exceeds the PDU size ISO : Disconnect error"
7481108,"CPU : total data exceeds the PDU size ISO : Disconnect error TCP : Interrupted system call"
7481113,"CPU : total data exceeds the PDU size ISO : Disconnect error TCP : Bad file number"
7481117,"CPU : total data exceeds the PDU size ISO : Disconnect error TCP : Permission denied"
7481118,"CPU : total data exceeds the PDU size ISO : Disconnect error TCP : Bad address"
7481126,"CPU : total data exceeds the PDU size ISO : Disconnect error TCP : Invalid argument"
7481128,"CPU : total data exceeds the PDU size ISO : Disconnect error TCP : Too many open files"
7481139,"CPU : total data exceeds the PDU size ISO : Disconnect error TCP : Operation would block"
7481140,"CPU : total data exceeds the PDU size ISO : Disconnect error TCP : Operation now in progress"
7481141,"CPU : total data exceeds the PDU size ISO : Disconnect error TCP : Operation already in progress"
7481142,"CPU : total data exceeds the PDU size ISO : Disconnect error TCP : Socket operation on non socket"
7481143,"CPU : total data exceeds the PDU size ISO : Disconnect error TCP : Destination address required"
7481144,"CPU : total data exceeds the PDU size ISO : Disconnect error TCP : Message too long"
7481145,"CPU : total data exceeds the PDU size ISO : Disconnect error TCP : Protocol wrong type for Socket"
7481146,"CPU : total data exceeds the PDU size ISO : Disconnect error TCP : Protocol not available"
7481147,"CPU : total data exceeds the PDU size ISO : Disconnect error TCP : Protocol not supported"
7481148,"CPU : total data exceeds the PDU size ISO : Disconnect error TCP : Socket not supported"
7481149,"CPU : total data exceeds the PDU size ISO : Disconnect error TCP : Operation not supported on Socket"
7481150,"CPU : total data exceeds the PDU size ISO : Disconnect error TCP : Protocol family not supported"
7481151,"CPU : total data exceeds the PDU size ISO : Disconnect error TCP : Address family not supported"
7481152,"CPU : total data exceeds the PDU size ISO : Disconnect error TCP : Address already in use"
7481153,"CPU : total data exceeds the PDU size ISO : Disconnect error TCP : Can't assign requested address"
7481154,"CPU : total data exceeds the PDU size ISO : Disconnect error TCP : Network is down"
7481155,"CPU : total data exceeds the PDU size ISO : Disconnect error TCP : Network is unreachable"
7481156,"CPU : total data exceeds the PDU size ISO : Disconnect error TCP : Network dropped connection on reset"
7481157,"CPU : total data exceeds the PDU size ISO : Disconnect error TCP : Software caused connection abort"
7481158,"CPU : total data exceeds the PDU size ISO : Disconnect error TCP : Connection reset by peer"
7481159,"CPU : total data exceeds the PDU size ISO : Disconnect error TCP : No Buffer space available"
7481160,"CPU : total data exceeds the PDU size ISO : Disconnect error TCP : Socket is already connected"
7481161,"CPU : total data exceeds the PDU size ISO : Disconnect error TCP : Socket is not connected"
7481162,"CPU : total data exceeds the PDU size ISO : Disconnect error TCP : Can't send after Socket shutdown"
7481163,"CPU : total data exceeds the PDU size ISO : Disconnect error TCP : Too many references:can't splice"
7481164,"CPU : total data exceeds the PDU size ISO : Disconnect error TCP : Connection timed out"
7481165,"CPU : total data exceeds the PDU size ISO : Disconnect error TCP : Connection refused"
7481166,"CPU : total data exceeds the PDU size ISO : Disconnect error TCP : Too many levels of symbolic links"
7481167,"CPU : total data exceeds the PDU size ISO : Disconnect error TCP : File name is too long"
7481168,"CPU : total data exceeds the PDU size ISO : Disconnect error TCP : Host is down"
7481169,"CPU : total data exceeds the PDU size ISO : Disconnect error TCP : Unreachable peer"
7481170,"CPU : total data exceeds the PDU size ISO : Disconnect error TCP : Directory is not empty"
7481171,"CPU : total data exceeds the PDU size ISO : Disconnect error TCP : Too many processes"
7481172,"CPU : total data exceeds the PDU size ISO : Disconnect error TCP : Too many users"
7481173,"CPU : total data exceeds the PDU size ISO : Disconnect error TCP : Disk quota exceeded"
7481174,"CPU : total data exceeds the PDU size ISO : Disconnect error TCP : Stale NFS file handle"
7481175,"CPU : total data exceeds the PDU size ISO : Disconnect error TCP : Too many levels of remote in path"
7481195,"CPU : total data exceeds the PDU size ISO : Disconnect error TCP : Network subsystem is unusable"
7481196,"CPU : total data exceeds the PDU size ISO : Disconnect error TCP : Winsock DLL cannot support this application"
7481197,"CPU : total data exceeds the PDU size ISO : Disconnect error TCP : Winsock not initialized"
7481205,"CPU : total data exceeds the PDU size ISO : Disconnect error TCP : Disconnect"
7482105,"CPU : total data exceeds the PDU size ISO : Disconnect error TCP : Host not found"
7482106,"CPU : total data exceeds the PDU size ISO : Disconnect error TCP : Non authoritative - host not found"
7482107,"CPU : total data exceeds the PDU size ISO : Disconnect error TCP : Non recoverable error"
7482108,"CPU : total data exceeds the PDU size ISO : Disconnect error TCP : Valid name, no data record of requested type"
7483105,"CPU : total data exceeds the PDU size ISO : Disconnect error TCP : Invalid address"
7536640,"CPU : total data exceeds the PDU size ISO : Bad PDU format"
7546644,"CPU : total data exceeds the PDU size ISO : Bad PDU format TCP : Interrupted system call"
7546649,"CPU : total data exceeds the PDU size ISO : Bad PDU format TCP : Bad file number"
7546653,"CPU : total data exceeds the PDU size ISO : Bad PDU format TCP : Permission denied"
7546654,"CPU : total data exceeds the PDU size ISO : Bad PDU format TCP : Bad address"
7546662,"CPU : total data exceeds the PDU size ISO : Bad PDU format TCP : Invalid argument"
7546664,"CPU : total data exceeds the PDU size ISO : Bad PDU format TCP : Too many open files"
7546675,"CPU : total data exceeds the PDU size ISO : Bad PDU format TCP : Operation would block"
7546676,"CPU : total data exceeds the PDU size ISO : Bad PDU format TCP : Operation now in progress"
7546677,"CPU : total data exceeds the PDU size ISO : Bad PDU format TCP : Operation already in progress"
7546678,"CPU : total data exceeds the PDU size ISO : Bad PDU format TCP : Socket operation on non socket"
7546679,"CPU : total data exceeds the PDU size ISO : Bad PDU format TCP : Destination address required"
7546680,"CPU : total data exceeds the PDU size ISO : Bad PDU format TCP : Message too long"
7546681,"CPU : total data exceeds the PDU size ISO : Bad PDU format TCP : Protocol wrong type for Socket"
7546682,"CPU : total data exceeds the PDU size ISO : Bad PDU format TCP : Protocol not available"
7546683,"CPU : total data exceeds the PDU size ISO : Bad PDU format TCP : Protocol not supported"
7546684,"CPU : total data exceeds the PDU size ISO : Bad PDU format TCP : Socket not supported"
7546685,"CPU : total data exceeds the PDU size ISO : Bad PDU format TCP : Operation not supported on Socket"
7546686,"CPU : total data exceeds the PDU size ISO : Bad PDU format TCP : Protocol family not supported"
7546687,"CPU : total data exceeds the PDU size ISO : Bad PDU format TCP : Address family not supported"
7546688,"CPU : total data exceeds the PDU size ISO : Bad PDU format TCP : Address already in use"
7546689,"CPU : total data exceeds the PDU size ISO : Bad PDU format TCP : Can't assign requested address"
7546690,"CPU : total data exceeds the PDU size ISO : Bad PDU format TCP : Network is down"
7546691,"CPU : total data exceeds the PDU size ISO : Bad PDU format TCP : Network is unreachable"
7546692,"CPU : total data exceeds the PDU size ISO : Bad PDU format TCP : Network dropped connection on reset"
7546693,"CPU : total data exceeds the PDU size ISO : Bad PDU format TCP : Software caused connection abort"
7546694,"CPU : total data exceeds the PDU size ISO : Bad PDU format TCP : Connection reset by peer"
7546695,"CPU : total data exceeds the PDU size ISO : Bad PDU format TCP : No Buffer space available"
7546696,"CPU : total data exceeds the PDU size ISO : Bad PDU format TCP : Socket is already connected"
7546697,"CPU : total data exceeds the PDU size ISO : Bad PDU format TCP : Socket is not connected"
7546698,"CPU : total data exceeds the PDU size ISO : Bad PDU format TCP : Can't send after Socket shutdown"
7546699,"CPU : total data exceeds the PDU size ISO : Bad PDU format TCP : Too many references:can't splice"
7546700,"CPU : total data exceeds the PDU size ISO : Bad PDU format TCP : Connection timed out"
7546701,"CPU : total data exceeds the PDU size ISO : Bad PDU format TCP : Connection refused"
7546702,"CPU : total data exceeds the PDU size ISO : Bad PDU format TCP : Too many levels of symbolic links"
7546703,"CPU : total data exceeds the PDU size ISO : Bad PDU format TCP : File name is too long"
7546704,"CPU : total data exceeds the PDU size ISO : Bad PDU format TCP : Host is down"
7546705,"CPU : total data exceeds the PDU size ISO : Bad PDU format TCP : Unreachable peer"
7546706,"CPU : total data exceeds the PDU size ISO : Bad PDU format TCP : Directory is not empty"
7546707,"CPU : total data exceeds the PDU size ISO : Bad PDU format TCP : Too many processes"
7546708,"CPU : total data exceeds the PDU size ISO : Bad PDU format TCP : Too many users"
7546709,"CPU : total data exceeds the PDU size ISO : Bad PDU format TCP : Disk quota exceeded"
7546710,"CPU : total data exceeds the PDU size ISO : Bad PDU format TCP : Stale NFS file handle"
7546711,"CPU : total data exceeds the PDU size ISO : Bad PDU format TCP : Too many levels of remote in path"
7546731,"CPU : total data exceeds the PDU size ISO : Bad PDU format TCP : Network subsystem is unusable"
7546732,"CPU : total data exceeds the PDU size ISO : Bad PDU format TCP : Winsock DLL cannot support this application"
7546733,"CPU : total data exceeds the PDU size ISO : Bad PDU format TCP : Winsock not initialized"
7546741,"CPU : total data exceeds the PDU size ISO : Bad PDU format TCP : Disconnect"
7547641,"CPU : total data exceeds the PDU size ISO : Bad PDU format TCP : Host not found"
7547642,"CPU : total data exceeds the PDU size ISO : Bad PDU format TCP : Non authoritative - host not found"
7547643,"CPU : total data exceeds the PDU size ISO : Bad PDU format TCP : Non recoverable error"
7547644,"CPU : total data exceeds the PDU size ISO : Bad PDU format TCP : Valid name, no data record of requested type"
7548641,"CPU : total data exceeds the PDU size ISO : Bad PDU format TCP : Invalid address"
7602176,"CPU : total data exceeds the PDU size ISO : Datasize passed to send/recv buffer is invalid"
7612180,"CPU : total data exceeds the PDU size ISO : Datasize passed to send/recv buffer is invalid TCP : Interrupted system call"
7612185,"CPU : total data exceeds the PDU size ISO : Datasize passed to send/recv buffer is invalid TCP : Bad file number"
7612189,"CPU : total data exceeds the PDU size ISO : Datasize passed to send/recv buffer is invalid TCP : Permission denied"
7612190,"CPU : total data exceeds the PDU size ISO : Datasize passed to send/recv buffer is invalid TCP : Bad address"
7612198,"CPU : total data exceeds the PDU size ISO : Datasize passed to send/recv buffer is invalid TCP : Invalid argument"
7612200,"CPU : total data exceeds the PDU size ISO : Datasize passed to send/recv buffer is invalid TCP : Too many open files"
7612211,"CPU : total data exceeds the PDU size ISO : Datasize passed to send/recv buffer is invalid TCP : Operation would block"
7612212,"CPU : total data exceeds the PDU size ISO : Datasize passed to send/recv buffer is invalid TCP : Operation now in progress"
7612213,"CPU : total data exceeds the PDU size ISO : Datasize passed to send/recv buffer is invalid TCP : Operation already in progress"
7612214,"CPU : total data exceeds the PDU size ISO : Datasize passed to send/recv buffer is invalid TCP : Socket operation on non socket"
7612215,"CPU : total data exceeds the PDU size ISO : Datasize passed to send/recv buffer is invalid TCP : Destination address required"
7612216,"CPU : total data exceeds the PDU size ISO : Datasize passed to send/recv buffer is invalid TCP : Message too long"
7612217,"CPU : total data exceeds the PDU size ISO : Datasize passed to send/recv buffer is invalid TCP : Protocol wrong type for Socket"
7612218,"CPU : total data exceeds the PDU size ISO : Datasize passed to send/recv buffer is invalid TCP : Protocol not available"
7612219,"CPU : total data exceeds the PDU size ISO : Datasize passed to send/recv buffer is invalid TCP : Protocol not supported"
7612220,"CPU : total data exceeds the PDU size ISO : Datasize passed to send/recv buffer is invalid TCP : Socket not supported"
7612221,"CPU : total data exceeds the PDU size ISO : Datasize passed to send/recv buffer is invalid TCP : Operation not supported on Socket"
7612222,"CPU : total data exceeds the PDU size ISO : Datasize passed to send/recv buffer is invalid TCP : Protocol family not supported"
7612223,"CPU : total data exceeds the PDU size ISO : Datasize passed to send/recv buffer is invalid TCP : Address family not supported"
7612224,"CPU : total data exceeds the PDU size ISO : Datasize passed to send/recv buffer is invalid TCP : Address already in use"
7612225,"CPU : total data exceeds the PDU size ISO : Datasize passed to send/recv buffer is invalid TCP : Can't assign requested address"
7612226,"CPU : total data exceeds the PDU size ISO : Datasize passed to send/recv buffer is invalid TCP : Network is down"
7612227,"CPU : total data exceeds the PDU size ISO : Datasize passed to send/recv buffer is invalid TCP : Network is unreachable"
7612228,"CPU : total data exceeds the PDU size ISO : Datasize passed to send/recv buffer is invalid TCP : Network dropped connection on reset"
7612229,"CPU : total data exceeds the PDU size ISO : Datasize passed to send/recv buffer is invalid TCP : Software caused connection abort"
7612230,"CPU : total data exceeds the PDU size ISO : Datasize passed to send/recv buffer is invalid TCP : Connection reset by peer"
7612231,"CPU : total data exceeds the PDU size ISO : Datasize passed to send/recv buffer is invalid TCP : No Buffer space available"
7612232,"CPU : total data exceeds the PDU size ISO : Datasize passed to send/recv buffer is invalid TCP : Socket is already connected"
7612233,"CPU : total data exceeds the PDU size ISO : Datasize passed to send/recv buffer is invalid TCP : Socket is not connected"
7612234,"CPU : total data exceeds the PDU size ISO : Datasize passed to send/recv buffer is invalid TCP : Can't send after Socket shutdown"
7612235,"CPU : total data exceeds the PDU size ISO : Datasize passed to send/recv buffer is invalid TCP : Too many references:can't splice"
7612236,"CPU : total data exceeds the PDU size ISO : Datasize passed to send/recv buffer is invalid TCP : Connection timed out"
7612237,"CPU : total data exceeds the PDU size ISO : Datasize passed to send/recv buffer is invalid TCP : Connection refused"
7612238,"CPU : total data exceeds the PDU size ISO : Datasize passed to send/recv buffer is invalid TCP : Too many levels of symbolic links"
7612239,"CPU : total data exceeds the PDU size ISO : Datasize passed to send/recv buffer is invalid TCP : File name is too long"
7612240,"CPU : total data exceeds the PDU size ISO : Datasize passed to send/recv buffer is invalid TCP : Host is down"
7612241,"CPU : total data exceeds the PDU size ISO : Datasize passed to send/recv buffer is invalid TCP : Unreachable peer"
7612242,"CPU : total data exceeds the PDU size ISO : Datasize passed to send/recv buffer is invalid TCP : Directory is not empty"
7612243,"CPU : total data exceeds the PDU size ISO : Datasize passed to send/recv buffer is invalid TCP : Too many processes"
7612244,"CPU : total data exceeds the PDU size ISO : Datasize passed to send/recv buffer is invalid TCP : Too many users"
7612245,"CPU : total data exceeds the PDU size ISO : Datasize passed to send/recv buffer is invalid TCP : Disk quota exceeded"
7612246,"CPU : total data exceeds the PDU size ISO : Datasize passed to send/recv buffer is invalid TCP : Stale NFS file handle"
7612247,"CPU : total data exceeds the PDU size ISO : Datasize passed to send/recv buffer is invalid TCP : Too many levels of remote in path"
7612267,"CPU : total data exceeds the PDU size ISO : Datasize passed to send/recv buffer is invalid TCP : Network subsystem is unusable"
7612268,"CPU : total data exceeds the PDU size ISO : Datasize passed to send/recv buffer is invalid TCP : Winsock DLL cannot support this application"
7612269,"CPU : total data exceeds the PDU size ISO : Datasize passed to send/recv buffer is invalid TCP : Winsock not initialized"
7612277,"CPU : total data exceeds the PDU size ISO : Datasize passed to send/recv buffer is invalid TCP : Disconnect"
7613177,"CPU : total data exceeds the PDU size ISO : Datasize passed to send/recv buffer is invalid TCP : Host not found"
7613178,"CPU : total data exceeds the PDU size ISO : Datasize passed to send/recv buffer is invalid TCP : Non authoritative - host not found"
7613179,"CPU : total data exceeds the PDU size ISO : Datasize passed to send/recv buffer is invalid TCP : Non recoverable error"
7613180,"CPU : total data exceeds the PDU size ISO : Datasize passed to send/recv buffer is invalid TCP : Valid name, no data record of requested type"
7614177,"CPU : total data exceeds the PDU size ISO : Datasize passed to send/recv buffer is invalid TCP : Invalid address"
7667712,"CPU : total data exceeds the PDU size ISO : Null passed as pointer"
7677716,"CPU : total data exceeds the PDU size ISO : Null passed as pointer TCP : Interrupted system call"
7677721,"CPU : total data exceeds the PDU size ISO : Null passed as pointer TCP : Bad file number"
7677725,"CPU : total data exceeds the PDU size ISO : Null passed as pointer TCP : Permission denied"
7677726,"CPU : total data exceeds the PDU size ISO : Null passed as pointer TCP : Bad address"
7677734,"CPU : total data exceeds the PDU size ISO : Null passed as pointer TCP : Invalid argument"
7677736,"CPU : total data exceeds the PDU size ISO : Null passed as pointer TCP : Too many open files"
7677747,"CPU : total data exceeds the PDU size ISO : Null passed as pointer TCP : Operation would block"
7677748,"CPU : total data exceeds the PDU size ISO : Null passed as pointer TCP : Operation now in progress"
7677749,"CPU : total data exceeds the PDU size ISO : Null passed as pointer TCP : Operation already in progress"
7677750,"CPU : total data exceeds the PDU size ISO : Null passed as pointer TCP : Socket operation on non socket"
7677751,"CPU : total data exceeds the PDU size ISO : Null passed as pointer TCP : Destination address required"
7677752,"CPU : total data exceeds the PDU size ISO : Null passed as pointer TCP : Message too long"
7677753,"CPU : total data exceeds the PDU size ISO : Null passed as pointer TCP : Protocol wrong type for Socket"
7677754,"CPU : total data exceeds the PDU size ISO : Null passed as pointer TCP : Protocol not available"
7677755,"CPU : total data exceeds the PDU size ISO : Null passed as pointer TCP : Protocol not supported"
7677756,"CPU : total data exceeds the PDU size ISO : Null passed as pointer TCP : Socket not supported"
7677757,"CPU : total data exceeds the PDU size ISO : Null passed as pointer TCP : Operation not supported on Socket"
7677758,"CPU : total data exceeds the PDU size ISO : Null passed as pointer TCP : Protocol family not supported"
7677759,"CPU : total data exceeds the PDU size ISO : Null passed as pointer TCP : Address family not supported"
7677760,"CPU : total data exceeds the PDU size ISO : Null passed as pointer TCP : Address already in use"
7677761,"CPU : total data exceeds the PDU size ISO : Null passed as pointer TCP : Can't assign requested address"
7677762,"CPU : total data exceeds the PDU size ISO : Null passed as pointer TCP : Network is down"
7677763,"CPU : total data exceeds the PDU size ISO : Null passed as pointer TCP : Network is unreachable"
7677764,"CPU : total data exceeds the PDU size ISO : Null passed as pointer TCP : Network dropped connection on reset"
7677765,"CPU : total data exceeds the PDU size ISO : Null passed as pointer TCP : Software caused connection abort"
7677766,"CPU : total data exceeds the PDU size ISO : Null passed as pointer TCP : Connection reset by peer"
7677767,"CPU : total data exceeds the PDU size ISO : Null passed as pointer TCP : No Buffer space available"
7677768,"CPU : total data exceeds the PDU size ISO : Null passed as pointer TCP : Socket is already connected"
7677769,"CPU : total data exceeds the PDU size ISO : Null passed as pointer TCP : Socket is not connected"
7677770,"CPU : total data exceeds the PDU size ISO : Null passed as pointer TCP : Can't send after Socket shutdown"
7677771,"CPU : total data exceeds the PDU size ISO : Null passed as pointer TCP : Too many references:can't splice"
7677772,"CPU : total data exceeds the PDU size ISO : Null passed as pointer TCP : Connection timed out"
7677773,"CPU : total data exceeds the PDU size ISO : Null passed as pointer TCP : Connection refused"
7677774,"CPU : total data exceeds the PDU size ISO : Null passed as pointer TCP : Too many levels of symbolic links"
7677775,"CPU : total data exceeds the PDU size ISO : Null passed as pointer TCP : File name is too long"
7677776,"CPU : total data exceeds the PDU size ISO : Null passed as pointer TCP : Host is down"
7677777,"CPU : total data exceeds the PDU size ISO : Null passed as pointer TCP : Unreachable peer"
7677778,"CPU : total data exceeds the PDU size ISO : Null passed as pointer TCP : Directory is not empty"
7677779,"CPU : total data exceeds the PDU size ISO : Null passed as pointer TCP : Too many processes"
7677780,"CPU : total data exceeds the PDU size ISO : Null passed as pointer TCP : Too many users"
7677781,"CPU : total data exceeds the PDU size ISO : Null passed as pointer TCP : Disk quota exceeded"
7677782,"CPU : total data exceeds the PDU size ISO : Null passed as pointer TCP : Stale NFS file handle"
7677783,"CPU : total data exceeds the PDU size ISO : Null passed as pointer TCP : Too many levels of remote in path"
7677803,"CPU : total data exceeds the PDU size ISO : Null passed as pointer TCP : Network subsystem is unusable"
7677804,"CPU : total data exceeds the PDU size ISO : Null passed as pointer TCP : Winsock DLL cannot support this application"
7677805,"CPU : total data exceeds the PDU size ISO : Null passed as pointer TCP : Winsock not initialized"
7677813,"CPU : total data exceeds the PDU size ISO : Null passed as pointer TCP : Disconnect"
7678713,"CPU : total data exceeds the PDU size ISO : Null passed as pointer TCP : Host not found"
7678714,"CPU : total data exceeds the PDU size ISO : Null passed as pointer TCP : Non authoritative - host not found"
7678715,"CPU : total data exceeds the PDU size ISO : Null passed as pointer TCP : Non recoverable error"
7678716,"CPU : total data exceeds the PDU size ISO : Null passed as pointer TCP : Valid name, no data record of requested type"
7679713,"CPU : total data exceeds the PDU size ISO : Null passed as pointer TCP : Invalid address"
7733248,"CPU : total data exceeds the PDU size ISO : A short packet received"
7743252,"CPU : total data exceeds the PDU size ISO : A short packet received TCP : Interrupted system call"
7743257,"CPU : total data exceeds the PDU size ISO : A short packet received TCP : Bad file number"
7743261,"CPU : total data exceeds the PDU size ISO : A short packet received TCP : Permission denied"
7743262,"CPU : total data exceeds the PDU size ISO : A short packet received TCP : Bad address"
7743270,"CPU : total data exceeds the PDU size ISO : A short packet received TCP : Invalid argument"
7743272,"CPU : total data exceeds the PDU size ISO : A short packet received TCP : Too many open files"
7743283,"CPU : total data exceeds the PDU size ISO : A short packet received TCP : Operation would block"
7743284,"CPU : total data exceeds the PDU size ISO : A short packet received TCP : Operation now in progress"
7743285,"CPU : total data exceeds the PDU size ISO : A short packet received TCP : Operation already in progress"
7743286,"CPU : total data exceeds the PDU size ISO : A short packet received TCP : Socket operation on non socket"
7743287,"CPU : total data exceeds the PDU size ISO : A short packet received TCP : Destination address required"
7743288,"CPU : total data exceeds the PDU size ISO : A short packet received TCP : Message too long"
7743289,"CPU : total data exceeds the PDU size ISO : A short packet received TCP : Protocol wrong type for Socket"
7743290,"CPU : total data exceeds the PDU size ISO : A short packet received TCP : Protocol not available"
7743291,"CPU : total data exceeds the PDU size ISO : A short packet received TCP : Protocol not supported"
7743292,"CPU : total data exceeds the PDU size ISO : A short packet received TCP : Socket not supported"
7743293,"CPU : total data exceeds the PDU size ISO : A short packet received TCP : Operation not supported on Socket"
7743294,"CPU : total data exceeds the PDU size ISO : A short packet received TCP : Protocol family not supported"
7743295,"CPU : total data exceeds the PDU size ISO : A short packet received TCP : Address family not supported"
7743296,"CPU : total data exceeds the PDU size ISO : A short packet received TCP : Address already in use"
7743297,"CPU : total data exceeds the PDU size ISO : A short packet received TCP : Can't assign requested address"
7743298,"CPU : total data exceeds the PDU size ISO : A short packet received TCP : Network is down"
7743299,"CPU : total data exceeds the PDU size ISO : A short packet received TCP : Network is unreachable"
7743300,"CPU : total data exceeds the PDU size ISO : A short packet received TCP : Network dropped connection on reset"
7743301,"CPU : total data exceeds the PDU size ISO : A short packet received TCP : Software caused connection abort"
7743302,"CPU : total data exceeds the PDU size ISO : A short packet received TCP : Connection reset by peer"
7743303,"CPU : total data exceeds the PDU size ISO : A short packet received TCP : No Buffer space available"
7743304,"CPU : total data exceeds the PDU size ISO : A short packet received TCP : Socket is already connected"
7743305,"CPU : total data exceeds the PDU size ISO : A short packet received TCP : Socket is not connected"
7743306,"CPU : total data exceeds the PDU size ISO : A short packet received TCP : Can't send after Socket shutdown"
7743307,"CPU : total data exceeds the PDU size ISO : A short packet received TCP : Too many references:can't splice"
7743308,"CPU : total data exceeds the PDU size ISO : A short packet received TCP : Connection timed out"
7743309,"CPU : total data exceeds the PDU size ISO : A short packet received TCP : Connection refused"
7743310,"CPU : total data exceeds the PDU size ISO : A short packet received TCP : Too many levels of symbolic links"
7743311,"CPU : total data exceeds the PDU size ISO : A short packet received TCP : File name is too long"
7743312,"CPU : total data exceeds the PDU size ISO : A short packet received TCP : Host is down"
7743313,"CPU : total data exceeds the PDU size ISO : A short packet received TCP : Unreachable peer"
7743314,"CPU : total data exceeds the PDU size ISO : A short packet received TCP : Directory is not empty"
7743315,"CPU : total data exceeds the PDU size ISO : A short packet received TCP : Too many processes"
7743316,"CPU : total data exceeds the PDU size ISO : A short packet received TCP : Too many users"
7743317,"CPU : total data exceeds the PDU size ISO : A short packet received TCP : Disk quota exceeded"
7743318,"CPU : total data exceeds the PDU size ISO : A short packet received TCP : Stale NFS file handle"
7743319,"CPU : total data exceeds the PDU size ISO : A short packet received TCP : Too many levels of remote in path"
7743339,"CPU : total data exceeds the PDU size ISO : A short packet received TCP : Network subsystem is unusable"
7743340,"CPU : total data exceeds the PDU size ISO : A short packet received TCP : Winsock DLL cannot support this application"
7743341,"CPU : total data exceeds the PDU size ISO : A short packet received TCP : Winsock not initialized"
7743349,"CPU : total data exceeds the PDU size ISO : A short packet received TCP : Disconnect"
7744249,"CPU : total data exceeds the PDU size ISO : A short packet received TCP : Host not found"
7744250,"CPU : total data exceeds the PDU size ISO : A short packet received TCP : Non authoritative - host not found"
7744251,"CPU : total data exceeds the PDU size ISO : A short packet received TCP : Non recoverable error"
7744252,"CPU : total data exceeds the PDU size ISO : A short packet received TCP : Valid name, no data record of requested type"
7745249,"CPU : total data exceeds the PDU size ISO : A short packet received TCP : Invalid address"
7798784,"CPU : total data exceeds the PDU size ISO : Too many packets without EoT flag"
7808788,"CPU : total data exceeds the PDU size ISO : Too many packets without EoT flag TCP : Interrupted system call"
7808793,"CPU : total data exceeds the PDU size ISO : Too many packets without EoT flag TCP : Bad file number"
7808797,"CPU : total data exceeds the PDU size ISO : Too many packets without EoT flag TCP : Permission denied"
7808798,"CPU : total data exceeds the PDU size ISO : Too many packets without EoT flag TCP : Bad address"
7808806,"CPU : total data exceeds the PDU size ISO : Too many packets without EoT flag TCP : Invalid argument"
7808808,"CPU : total data exceeds the PDU size ISO : Too many packets without EoT flag TCP : Too many open files"
7808819,"CPU : total data exceeds the PDU size ISO : Too many packets without EoT flag TCP : Operation would block"
7808820,"CPU : total data exceeds the PDU size ISO : Too many packets without EoT flag TCP : Operation now in progress"
7808821,"CPU : total data exceeds the PDU size ISO : Too many packets without EoT flag TCP : Operation already in progress"
7808822,"CPU : total data exceeds the PDU size ISO : Too many packets without EoT flag TCP : Socket operation on non socket"
7808823,"CPU : total data exceeds the PDU size ISO : Too many packets without EoT flag TCP : Destination address required"
7808824,"CPU : total data exceeds the PDU size ISO : Too many packets without EoT flag TCP : Message too long"
7808825,"CPU : total data exceeds the PDU size ISO : Too many packets without EoT flag TCP : Protocol wrong type for Socket"
7808826,"CPU : total data exceeds the PDU size ISO : Too many packets without EoT flag TCP : Protocol not available"
7808827,"CPU : total data exceeds the PDU size ISO : Too many packets without EoT flag TCP : Protocol not supported"
7808828,"CPU : total data exceeds the PDU size ISO : Too many packets without EoT flag TCP : Socket not supported"
7808829,"CPU : total data exceeds the PDU size ISO : Too many packets without EoT flag TCP : Operation not supported on Socket"
7808830,"CPU : total data exceeds the PDU size ISO : Too many packets without EoT flag TCP : Protocol family not supported"
7808831,"CPU : total data exceeds the PDU size ISO : Too many packets without EoT flag TCP : Address family not supported"
7808832,"CPU : total data exceeds the PDU size ISO : Too many packets without EoT flag TCP : Address already in use"
7808833,"CPU : total data exceeds the PDU size ISO : Too many packets without EoT flag TCP : Can't assign requested address"
7808834,"CPU : total data exceeds the PDU size ISO : Too many packets without EoT flag TCP : Network is down"
7808835,"CPU : total data exceeds the PDU size ISO : Too many packets without EoT flag TCP : Network is unreachable"
7808836,"CPU : total data exceeds the PDU size ISO : Too many packets without EoT flag TCP : Network dropped connection on reset"
7808837,"CPU : total data exceeds the PDU size ISO : Too many packets without EoT flag TCP : Software caused connection abort"
7808838,"CPU : total data exceeds the PDU size ISO : Too many packets without EoT flag TCP : Connection reset by peer"
7808839,"CPU : total data exceeds the PDU size ISO : Too many packets without EoT flag TCP : No Buffer space available"
7808840,"CPU : total data exceeds the PDU size ISO : Too many packets without EoT flag TCP : Socket is already connected"
7808841,"CPU : total data exceeds the PDU size ISO : Too many packets without EoT flag TCP : Socket is not connected"
7808842,"CPU : total data exceeds the PDU size ISO : Too many packets without EoT flag TCP : Can't send after Socket shutdown"
7808843,"CPU : total data exceeds the PDU size ISO : Too many packets without EoT flag TCP : Too many references:can't splice"
7808844,"CPU : total data exceeds the PDU size ISO : Too many packets without EoT flag TCP : Connection timed out"
7808845,"CPU : total data exceeds the PDU size ISO : Too many packets without EoT flag TCP : Connection refused"
7808846,"CPU : total data exceeds the PDU size ISO : Too many packets without EoT flag TCP : Too many levels of symbolic links"
7808847,"CPU : total data exceeds the PDU size ISO : Too many packets without EoT flag TCP : File name is too long"
7808848,"CPU : total data exceeds the PDU size ISO : Too many packets without EoT flag TCP : Host is down"
7808849,"CPU : total data exceeds the PDU size ISO : Too many packets without EoT flag TCP : Unreachable peer"
7808850,"CPU : total data exceeds the PDU size ISO : Too many packets without EoT flag TCP : Directory is not empty"
7808851,"CPU : total data exceeds the PDU size ISO : Too many packets without EoT flag TCP : Too many processes"
7808852,"CPU : total data exceeds the PDU size ISO : Too many packets without EoT flag TCP : Too many users"
7808853,"CPU : total data exceeds the PDU size ISO : Too many packets without EoT flag TCP : Disk quota exceeded"
7808854,"CPU : total data exceeds the PDU size ISO : Too many packets without EoT flag TCP : Stale NFS file handle"
7808855,"CPU : total data exceeds the PDU size ISO : Too many packets without EoT flag TCP : Too many levels of remote in path"
7808875,"CPU : total data exceeds the PDU size ISO : Too many packets without EoT flag TCP : Network subsystem is unusable"
7808876,"CPU : total data exceeds the PDU size ISO : Too many packets without EoT flag TCP : Winsock DLL cannot support this application"
7808877,"CPU : total data exceeds the PDU size ISO : Too many packets without EoT flag TCP : Winsock not initialized"
7808885,"CPU : total data exceeds the PDU size ISO : Too many packets without EoT flag TCP : Disconnect"
7809785,"CPU : total data exceeds the PDU size ISO : Too many packets without EoT flag TCP : Host not found"
7809786,"CPU : total data exceeds the PDU size ISO : Too many packets without EoT flag TCP : Non authoritative - host not found"
7809787,"CPU : total data exceeds the PDU size ISO : Too many packets without EoT flag TCP : Non recoverable error"
7809788,"CPU : total data exceeds the PDU size ISO : Too many packets without EoT flag TCP : Valid name, no data record of requested type"
7810785,"CPU : total data exceeds the PDU size ISO : Too many packets without EoT flag TCP : Invalid address"
7864320,"CPU : total data exceeds the PDU size ISO : The sum of fragments data exceded maximum packet size"
7874324,"CPU : total data exceeds the PDU size ISO : The sum of fragments data exceded maximum packet size TCP : Interrupted system call"
7874329,"CPU : total data exceeds the PDU size ISO : The sum of fragments data exceded maximum packet size TCP : Bad file number"
7874333,"CPU : total data exceeds the PDU size ISO : The sum of fragments data exceded maximum packet size TCP : Permission denied"
7874334,"CPU : total data exceeds the PDU size ISO : The sum of fragments data exceded maximum packet size TCP : Bad address"
7874342,"CPU : total data exceeds the PDU size ISO : The sum of fragments data exceded maximum packet size TCP : Invalid argument"
7874344,"CPU : total data exceeds the PDU size ISO : The sum of fragments data exceded maximum packet size TCP : Too many open files"
7874355,"CPU : total data exceeds the PDU size ISO : The sum of fragments data exceded maximum packet size TCP : Operation would block"
7874356,"CPU : total data exceeds the PDU size ISO : The sum of fragments data exceded maximum packet size TCP : Operation now in progress"
7874357,"CPU : total data exceeds the PDU size ISO : The sum of fragments data exceded maximum packet size TCP : Operation already in progress"
7874358,"CPU : total data exceeds the PDU size ISO : The sum of fragments data exceded maximum packet size TCP : Socket operation on non socket"
7874359,"CPU : total data exceeds the PDU size ISO : The sum of fragments data exceded maximum packet size TCP : Destination address required"
7874360,"CPU : total data exceeds the PDU size ISO : The sum of fragments data exceded maximum packet size TCP : Message too long"
7874361,"CPU : total data exceeds the PDU size ISO : The sum of fragments data exceded maximum packet size TCP : Protocol wrong type for Socket"
7874362,"CPU : total data exceeds the PDU size ISO : The sum of fragments data exceded maximum packet size TCP : Protocol not available"
7874363,"CPU : total data exceeds the PDU size ISO : The sum of fragments data exceded maximum packet size TCP : Protocol not supported"
7874364,"CPU : total data exceeds the PDU size ISO : The sum of fragments data exceded maximum packet size TCP : Socket not supported"
7874365,"CPU : total data exceeds the PDU size ISO : The sum of fragments data exceded maximum packet size TCP : Operation not supported on Socket"
7874366,"CPU : total data exceeds the PDU size ISO : The sum of fragments data exceded maximum packet size TCP : Protocol family not supported"
7874367,"CPU : total data exceeds the PDU size ISO : The sum of fragments data exceded maximum packet size TCP : Address family not supported"
7874368,"CPU : total data exceeds the PDU size ISO : The sum of fragments data exceded maximum packet size TCP : Address already in use"
7874369,"CPU : total data exceeds the PDU size ISO : The sum of fragments data exceded maximum packet size TCP : Can't assign requested address"
7874370,"CPU : total data exceeds the PDU size ISO : The sum of fragments data exceded maximum packet size TCP : Network is down"
7874371,"CPU : total data exceeds the PDU size ISO : The sum of fragments data exceded maximum packet size TCP : Network is unreachable"
7874372,"CPU : total data exceeds the PDU size ISO : The sum of fragments data exceded maximum packet size TCP : Network dropped connection on reset"
7874373,"CPU : total data exceeds the PDU size ISO : The sum of fragments data exceded maximum packet size TCP : Software caused connection abort"
7874374,"CPU : total data exceeds the PDU size ISO : The sum of fragments data exceded maximum packet size TCP : Connection reset by peer"
7874375,"CPU : total data exceeds the PDU size ISO : The sum of fragments data exceded maximum packet size TCP : No Buffer space available"
7874376,"CPU : total data exceeds the PDU size ISO : The sum of fragments data exceded maximum packet size TCP : Socket is already connected"
7874377,"CPU : total data exceeds the PDU size ISO : The sum of fragments data exceded maximum packet size TCP : Socket is not connected"
7874378,"CPU : total data exceeds the PDU size ISO : The sum of fragments data exceded maximum packet size TCP : Can't send after Socket shutdown"
7874379,"CPU : total data exceeds the PDU size ISO : The sum of fragments data exceded maximum packet size TCP : Too many references:can't splice"
7874380,"CPU : total data exceeds the PDU size ISO : The sum of fragments data exceded maximum packet size TCP : Connection timed out"
7874381,"CPU : total data exceeds the PDU size ISO : The sum of fragments data exceded maximum packet size TCP : Connection refused"
7874382,"CPU : total data exceeds the PDU size ISO : The sum of fragments data exceded maximum packet size TCP : Too many levels of symbolic links"
7874383,"CPU : total data exceeds the PDU size ISO : The sum of fragments data exceded maximum packet size TCP : File name is too long"
7874384,"CPU : total data exceeds the PDU size ISO : The sum of fragments data exceded maximum packet size TCP : Host is down"
7874385,"CPU : total data exceeds the PDU size ISO : The sum of fragments data exceded maximum packet size TCP : Unreachable peer"
7874386,"CPU : total data exceeds the PDU size ISO : The sum of fragments data exceded maximum packet size TCP : Directory is not empty"
7874387,"CPU : total data exceeds the PDU size ISO : The sum of fragments data exceded maximum packet size TCP : Too many processes"
7874388,"CPU : total data exceeds the PDU size ISO : The sum of fragments data exceded maximum packet size TCP : Too many users"
7874389,"CPU : total data exceeds the PDU size ISO : The sum of fragments data exceded maximum packet size TCP : Disk quota exceeded"
7874390,"CPU : total data exceeds the PDU size ISO : The sum of fragments data exceded maximum packet size TCP : Stale NFS file handle"
7874391,"CPU : total data exceeds the PDU size ISO : The sum of fragments data exceded maximum packet size TCP : Too many levels of remote in path"
7874411,"CPU : total data exceeds the PDU size ISO : The sum of fragments data exceded maximum packet size TCP : Network subsystem is unusable"
7874412,"CPU : total data exceeds the PDU size ISO : The sum of fragments data exceded maximum packet size TCP : Winsock DLL cannot support this application"
7874413,"CPU : total data exceeds the PDU size ISO : The sum of fragments data exceded maximum packet size TCP : Winsock not initialized"
7874421,"CPU : total data exceeds the PDU size ISO : The sum of fragments data exceded maximum packet size TCP : Disconnect"
7875321,"CPU : total data exceeds the PDU size ISO : The sum of fragments data exceded maximum packet size TCP : Host not found"
7875322,"CPU : total data exceeds the PDU size ISO : The sum of fragments data exceded maximum packet size TCP : Non authoritative - host not found"
7875323,"CPU : total data exceeds the PDU size ISO : The sum of fragments data exceded maximum packet size TCP : Non recoverable error"
7875324,"CPU : total data exceeds the PDU size ISO : The sum of fragments data exceded maximum packet size TCP : Valid name, no data record of requested type"
7876321,"CPU : total data exceeds the PDU size ISO : The sum of fragments data exceded maximum packet size TCP : Invalid address"
7929856,"CPU : total data exceeds the PDU size ISO : An error occurred during send"
7939860,"CPU : total data exceeds the PDU size ISO : An error occurred during send TCP : Interrupted system call"
7939865,"CPU : total data exceeds the PDU size ISO : An error occurred during send TCP : Bad file number"
7939869,"CPU : total data exceeds the PDU size ISO : An error occurred during send TCP : Permission denied"
7939870,"CPU : total data exceeds the PDU size ISO : An error occurred during send TCP : Bad address"
7939878,"CPU : total data exceeds the PDU size ISO : An error occurred during send TCP : Invalid argument"
7939880,"CPU : total data exceeds the PDU size ISO : An error occurred during send TCP : Too many open files"
7939891,"CPU : total data exceeds the PDU size ISO : An error occurred during send TCP : Operation would block"
7939892,"CPU : total data exceeds the PDU size ISO : An error occurred during send TCP : Operation now in progress"
7939893,"CPU : total data exceeds the PDU size ISO : An error occurred during send TCP : Operation already in progress"
7939894,"CPU : total data exceeds the PDU size ISO : An error occurred during send TCP : Socket operation on non socket"
7939895,"CPU : total data exceeds the PDU size ISO : An error occurred during send TCP : Destination address required"
7939896,"CPU : total data exceeds the PDU size ISO : An error occurred during send TCP : Message too long"
7939897,"CPU : total data exceeds the PDU size ISO : An error occurred during send TCP : Protocol wrong type for Socket"
7939898,"CPU : total data exceeds the PDU size ISO : An error occurred during send TCP : Protocol not available"
7939899,"CPU : total data exceeds the PDU size ISO : An error occurred during send TCP : Protocol not supported"
7939900,"CPU : total data exceeds the PDU size ISO : An error occurred during send TCP : Socket not supported"
7939901,"CPU : total data exceeds the PDU size ISO : An error occurred during send TCP : Operation not supported on Socket"
7939902,"CPU : total data exceeds the PDU size ISO : An error occurred during send TCP : Protocol family not supported"
7939903,"CPU : total data exceeds the PDU size ISO : An error occurred during send TCP : Address family not supported"
7939904,"CPU : total data exceeds the PDU size ISO : An error occurred during send TCP : Address already in use"
7939905,"CPU : total data exceeds the PDU size ISO : An error occurred during send TCP : Can't assign requested address"
7939906,"CPU : total data exceeds the PDU size ISO : An error occurred during send TCP : Network is down"
7939907,"CPU : total data exceeds the PDU size ISO : An error occurred during send TCP : Network is unreachable"
7939908,"CPU : total data exceeds the PDU size ISO : An error occurred during send TCP : Network dropped connection on reset"
7939909,"CPU : total data exceeds the PDU size ISO : An error occurred during send TCP : Software caused connection abort"
7939910,"CPU : total data exceeds the PDU size ISO : An error occurred during send TCP : Connection reset by peer"
7939911,"CPU : total data exceeds the PDU size ISO : An error occurred during send TCP : No Buffer space available"
7939912,"CPU : total data exceeds the PDU size ISO : An error occurred during send TCP : Socket is already connected"
7939913,"CPU : total data exceeds the PDU size ISO : An error occurred during send TCP : Socket is not connected"
7939914,"CPU : total data exceeds the PDU size ISO : An error occurred during send TCP : Can't send after Socket shutdown"
7939915,"CPU : total data exceeds the PDU size ISO : An error occurred during send TCP : Too many references:can't splice"
7939916,"CPU : total data exceeds the PDU size ISO : An error occurred during send TCP : Connection timed out"
7939917,"CPU : total data exceeds the PDU size ISO : An error occurred during send TCP : Connection refused"
7939918,"CPU : total data exceeds the PDU size ISO : An error occurred during send TCP : Too many levels of symbolic links"
7939919,"CPU : total data exceeds the PDU size ISO : An error occurred during send TCP : File name is too long"
7939920,"CPU : total data exceeds the PDU size ISO : An error occurred during send TCP : Host is down"
7939921,"CPU : total data exceeds the PDU size ISO : An error occurred during send TCP : Unreachable peer"
7939922,"CPU : total data exceeds the PDU size ISO : An error occurred during send TCP : Directory is not empty"
7939923,"CPU : total data exceeds the PDU size ISO : An error occurred during send TCP : Too many processes"
7939924,"CPU : total data exceeds the PDU size ISO : An error occurred during send TCP : Too many users"
7939925,"CPU : total data exceeds the PDU size ISO : An error occurred during send TCP : Disk quota exceeded"
7939926,"CPU : total data exceeds the PDU size ISO : An error occurred during send TCP : Stale NFS file handle"
7939927,"CPU : total data exceeds the PDU size ISO : An error occurred during send TCP : Too many levels of remote in path"
7939947,"CPU : total data exceeds the PDU size ISO : An error occurred during send TCP : Network subsystem is unusable"
7939948,"CPU : total data exceeds the PDU size ISO : An error occurred during send TCP : Winsock DLL cannot support this application"
7939949,"CPU : total data exceeds the PDU size ISO : An error occurred during send TCP : Winsock not initialized"
7939957,"CPU : total data exceeds the PDU size ISO : An error occurred during send TCP : Disconnect"
7940857,"CPU : total data exceeds the PDU size ISO : An error occurred during send TCP : Host not found"
7940858,"CPU : total data exceeds the PDU size ISO : An error occurred during send TCP : Non authoritative - host not found"
7940859,"CPU : total data exceeds the PDU size ISO : An error occurred during send TCP : Non recoverable error"
7940860,"CPU : total data exceeds the PDU size ISO : An error occurred during send TCP : Valid name, no data record of requested type"
7941857,"CPU : total data exceeds the PDU size ISO : An error occurred during send TCP : Invalid address"
7995392,"CPU : total data exceeds the PDU size ISO : An error occurred during recv"
8005396,"CPU : total data exceeds the PDU size ISO : An error occurred during recv TCP : Interrupted system call"
8005401,"CPU : total data exceeds the PDU size ISO : An error occurred during recv TCP : Bad file number"
8005405,"CPU : total data exceeds the PDU size ISO : An error occurred during recv TCP : Permission denied"
8005406,"CPU : total data exceeds the PDU size ISO : An error occurred during recv TCP : Bad address"
8005414,"CPU : total data exceeds the PDU size ISO : An error occurred during recv TCP : Invalid argument"
8005416,"CPU : total data exceeds the PDU size ISO : An error occurred during recv TCP : Too many open files"
8005427,"CPU : total data exceeds the PDU size ISO : An error occurred during recv TCP : Operation would block"
8005428,"CPU : total data exceeds the PDU size ISO : An error occurred during recv TCP : Operation now in progress"
8005429,"CPU : total data exceeds the PDU size ISO : An error occurred during recv TCP : Operation already in progress"
8005430,"CPU : total data exceeds the PDU size ISO : An error occurred during recv TCP : Socket operation on non socket"
8005431,"CPU : total data exceeds the PDU size ISO : An error occurred during recv TCP : Destination address required"
8005432,"CPU : total data exceeds the PDU size ISO : An error occurred during recv TCP : Message too long"
8005433,"CPU : total data exceeds the PDU size ISO : An error occurred during recv TCP : Protocol wrong type for Socket"
8005434,"CPU : total data exceeds the PDU size ISO : An error occurred during recv TCP : Protocol not available"
8005435,"CPU : total data exceeds the PDU size ISO : An error occurred during recv TCP : Protocol not supported"
8005436,"CPU : total data exceeds the PDU size ISO : An error occurred during recv TCP : Socket not supported"
8005437,"CPU : total data exceeds the PDU size ISO : An error occurred during recv TCP : Operation not supported on Socket"
8005438,"CPU : total data exceeds the PDU size ISO : An error occurred during recv TCP : Protocol family not supported"
8005439,"CPU : total data exceeds the PDU size ISO : An error occurred during recv TCP : Address family not supported"
8005440,"CPU : total data exceeds the PDU size ISO : An error occurred during recv TCP : Address already in use"
8005441,"CPU : total data exceeds the PDU size ISO : An error occurred during recv TCP : Can't assign requested address"
8005442,"CPU : total data exceeds the PDU size ISO : An error occurred during recv TCP : Network is down"
8005443,"CPU : total data exceeds the PDU size ISO : An error occurred during recv TCP : Network is unreachable"
8005444,"CPU : total data exceeds the PDU size ISO : An error occurred during recv TCP : Network dropped connection on reset"
8005445,"CPU : total data exceeds the PDU size ISO : An error occurred during recv TCP : Software caused connection abort"
8005446,"CPU : total data exceeds the PDU size ISO : An error occurred during recv TCP : Connection reset by peer"
8005447,"CPU : total data exceeds the PDU size ISO : An error occurred during recv TCP : No Buffer space available"
8005448,"CPU : total data exceeds the PDU size ISO : An error occurred during recv TCP : Socket is already connected"
8005449,"CPU : total data exceeds the PDU size ISO : An error occurred during recv TCP : Socket is not connected"
8005450,"CPU : total data exceeds the PDU size ISO : An error occurred during recv TCP : Can't send after Socket shutdown"
8005451,"CPU : total data exceeds the PDU size ISO : An error occurred during recv TCP : Too many references:can't splice"
8005452,"CPU : total data exceeds the PDU size ISO : An error occurred during recv TCP : Connection timed out"
8005453,"CPU : total data exceeds the PDU size ISO : An error occurred during recv TCP : Connection refused"
8005454,"CPU : total data exceeds the PDU size ISO : An error occurred during recv TCP : Too many levels of symbolic links"
8005455,"CPU : total data exceeds the PDU size ISO : An error occurred during recv TCP : File name is too long"
8005456,"CPU : total data exceeds the PDU size ISO : An error occurred during recv TCP : Host is down"
8005457,"CPU : total data exceeds the PDU size ISO : An error occurred during recv TCP : Unreachable peer"
8005458,"CPU : total data exceeds the PDU size ISO : An error occurred during recv TCP : Directory is not empty"
8005459,"CPU : total data exceeds the PDU size ISO : An error occurred during recv TCP : Too many processes"
8005460,"CPU : total data exceeds the PDU size ISO : An error occurred during recv TCP : Too many users"
8005461,"CPU : total data exceeds the PDU size ISO : An error occurred during recv TCP : Disk quota exceeded"
8005462,"CPU : total data exceeds the PDU size ISO : An error occurred during recv TCP : Stale NFS file handle"
8005463,"CPU : total data exceeds the PDU size ISO : An error occurred during recv TCP : Too many levels of remote in path"
8005483,"CPU : total data exceeds the PDU size ISO : An error occurred during recv TCP : Network subsystem is unusable"
8005484,"CPU : total data exceeds the PDU size ISO : An error occurred during recv TCP : Winsock DLL cannot support this application"
8005485,"CPU : total data exceeds the PDU size ISO : An error occurred during recv TCP : Winsock not initialized"
8005493,"CPU : total data exceeds the PDU size ISO : An error occurred during recv TCP : Disconnect"
8006393,"CPU : total data exceeds the PDU size ISO : An error occurred during recv TCP : Host not found"
8006394,"CPU : total data exceeds the PDU size ISO : An error occurred during recv TCP : Non authoritative - host not found"
8006395,"CPU : total data exceeds the PDU size ISO : An error occurred during recv TCP : Non recoverable error"
8006396,"CPU : total data exceeds the PDU size ISO : An error occurred during recv TCP : Valid name, no data record of requested type"
8007393,"CPU : total data exceeds the PDU size ISO : An error occurred during recv TCP : Invalid address"
8060928,"CPU : total data exceeds the PDU size ISO : Invalid connection params (wrong TSAPs)"
8070932,"CPU : total data exceeds the PDU size ISO : Invalid connection params (wrong TSAPs) TCP : Interrupted system call"
8070937,"CPU : total data exceeds the PDU size ISO : Invalid connection params (wrong TSAPs) TCP : Bad file number"
8070941,"CPU : total data exceeds the PDU size ISO : Invalid connection params (wrong TSAPs) TCP : Permission denied"
8070942,"CPU : total data exceeds the PDU size ISO : Invalid connection params (wrong TSAPs) TCP : Bad address"
8070950,"CPU : total data exceeds the PDU size ISO : Invalid connection params (wrong TSAPs) TCP : Invalid argument"
8070952,"CPU : total data exceeds the PDU size ISO : Invalid connection params (wrong TSAPs) TCP : Too many open files"
8070963,"CPU : total data exceeds the PDU size ISO : Invalid connection params (wrong TSAPs) TCP : Operation would block"
8070964,"CPU : total data exceeds the PDU size ISO : Invalid connection params (wrong TSAPs) TCP : Operation now in progress"
8070965,"CPU : total data exceeds the PDU size ISO : Invalid connection params (wrong TSAPs) TCP : Operation already in progress"
8070966,"CPU : total data exceeds the PDU size ISO : Invalid connection params (wrong TSAPs) TCP : Socket operation on non socket"
8070967,"CPU : total data exceeds the PDU size ISO : Invalid connection params (wrong TSAPs) TCP : Destination address required"
8070968,"CPU : total data exceeds the PDU size ISO : Invalid connection params (wrong TSAPs) TCP : Message too long"
8070969,"CPU : total data exceeds the PDU size ISO : Invalid connection params (wrong TSAPs) TCP : Protocol wrong type for Socket"
8070970,"CPU : total data exceeds the PDU size ISO : Invalid connection params (wrong TSAPs) TCP : Protocol not available"
8070971,"CPU : total data exceeds the PDU size ISO : Invalid connection params (wrong TSAPs) TCP : Protocol not supported"
8070972,"CPU : total data exceeds the PDU size ISO : Invalid connection params (wrong TSAPs) TCP : Socket not supported"
8070973,"CPU : total data exceeds the PDU size ISO : Invalid connection params (wrong TSAPs) TCP : Operation not supported on Socket"
8070974,"CPU : total data exceeds the PDU size ISO : Invalid connection params (wrong TSAPs) TCP : Protocol family not supported"
8070975,"CPU : total data exceeds the PDU size ISO : Invalid connection params (wrong TSAPs) TCP : Address family not supported"
8070976,"CPU : total data exceeds the PDU size ISO : Invalid connection params (wrong TSAPs) TCP : Address already in use"
8070977,"CPU : total data exceeds the PDU size ISO : Invalid connection params (wrong TSAPs) TCP : Can't assign requested address"
8070978,"CPU : total data exceeds the PDU size ISO : Invalid connection params (wrong TSAPs) TCP : Network is down"
8070979,"CPU : total data exceeds the PDU size ISO : Invalid connection params (wrong TSAPs) TCP : Network is unreachable"
8070980,"CPU : total data exceeds the PDU size ISO : Invalid connection params (wrong TSAPs) TCP : Network dropped connection on reset"
8070981,"CPU : total data exceeds the PDU size ISO : Invalid connection params (wrong TSAPs) TCP : Software caused connection abort"
8070982,"CPU : total data exceeds the PDU size ISO : Invalid connection params (wrong TSAPs) TCP : Connection reset by peer"
8070983,"CPU : total data exceeds the PDU size ISO : Invalid connection params (wrong TSAPs) TCP : No Buffer space available"
8070984,"CPU : total data exceeds the PDU size ISO : Invalid connection params (wrong TSAPs) TCP : Socket is already connected"
8070985,"CPU : total data exceeds the PDU size ISO : Invalid connection params (wrong TSAPs) TCP : Socket is not connected"
8070986,"CPU : total data exceeds the PDU size ISO : Invalid connection params (wrong TSAPs) TCP : Can't send after Socket shutdown"
8070987,"CPU : total data exceeds the PDU size ISO : Invalid connection params (wrong TSAPs) TCP : Too many references:can't splice"
8070988,"CPU : total data exceeds the PDU size ISO : Invalid connection params (wrong TSAPs) TCP : Connection timed out"
8070989,"CPU : total data exceeds the PDU size ISO : Invalid connection params (wrong TSAPs) TCP : Connection refused"
8070990,"CPU : total data exceeds the PDU size ISO : Invalid connection params (wrong TSAPs) TCP : Too many levels of symbolic links"
8070991,"CPU : total data exceeds the PDU size ISO : Invalid connection params (wrong TSAPs) TCP : File name is too long"
8070992,"CPU : total data exceeds the PDU size ISO : Invalid connection params (wrong TSAPs) TCP : Host is down"
8070993,"CPU : total data exceeds the PDU size ISO : Invalid connection params (wrong TSAPs) TCP : Unreachable peer"
8070994,"CPU : total data exceeds the PDU size ISO : Invalid connection params (wrong TSAPs) TCP : Directory is not empty"
8070995,"CPU : total data exceeds the PDU size ISO : Invalid connection params (wrong TSAPs) TCP : Too many processes"
8070996,"CPU : total data exceeds the PDU size ISO : Invalid connection params (wrong TSAPs) TCP : Too many users"
8070997,"CPU : total data exceeds the PDU size ISO : Invalid connection params (wrong TSAPs) TCP : Disk quota exceeded"
8070998,"CPU : total data exceeds the PDU size ISO : Invalid connection params (wrong TSAPs) TCP : Stale NFS file handle"
8070999,"CPU : total data exceeds the PDU size ISO : Invalid connection params (wrong TSAPs) TCP : Too many levels of remote in path"
8071019,"CPU : total data exceeds the PDU size ISO : Invalid connection params (wrong TSAPs) TCP : Network subsystem is unusable"
8071020,"CPU : total data exceeds the PDU size ISO : Invalid connection params (wrong TSAPs) TCP : Winsock DLL cannot support this application"
8071021,"CPU : total data exceeds the PDU size ISO : Invalid connection params (wrong TSAPs) TCP : Winsock not initialized"
8071029,"CPU : total data exceeds the PDU size ISO : Invalid connection params (wrong TSAPs) TCP : Disconnect"
8071929,"CPU : total data exceeds the PDU size ISO : Invalid connection params (wrong TSAPs) TCP : Host not found"
8071930,"CPU : total data exceeds the PDU size ISO : Invalid connection params (wrong TSAPs) TCP : Non authoritative - host not found"
8071931,"CPU : total data exceeds the PDU size ISO : Invalid connection params (wrong TSAPs) TCP : Non recoverable error"
8071932,"CPU : total data exceeds the PDU size ISO : Invalid connection params (wrong TSAPs) TCP : Valid name, no data record of requested type"
8072929,"CPU : total data exceeds the PDU size ISO : Invalid connection params (wrong TSAPs) TCP : Invalid address"
8126464,"CPU : total data exceeds the PDU size ISO : Unknown error (0x000c0000)"
8136468,"CPU : total data exceeds the PDU size ISO : Unknown error (0x000c0000) TCP : Interrupted system call"
8136473,"CPU : total data exceeds the PDU size ISO : Unknown error (0x000c0000) TCP : Bad file number"
8136477,"CPU : total data exceeds the PDU size ISO : Unknown error (0x000c0000) TCP : Permission denied"
8136478,"CPU : total data exceeds the PDU size ISO : Unknown error (0x000c0000) TCP : Bad address"
8136486,"CPU : total data exceeds the PDU size ISO : Unknown error (0x000c0000) TCP : Invalid argument"
8136488,"CPU : total data exceeds the PDU size ISO : Unknown error (0x000c0000) TCP : Too many open files"
8136499,"CPU : total data exceeds the PDU size ISO : Unknown error (0x000c0000) TCP : Operation would block"
8136500,"CPU : total data exceeds the PDU size ISO : Unknown error (0x000c0000) TCP : Operation now in progress"
8136501,"CPU : total data exceeds the PDU size ISO : Unknown error (0x000c0000) TCP : Operation already in progress"
8136502,"CPU : total data exceeds the PDU size ISO : Unknown error (0x000c0000) TCP : Socket operation on non socket"
8136503,"CPU : total data exceeds the PDU size ISO : Unknown error (0x000c0000) TCP : Destination address required"
8136504,"CPU : total data exceeds the PDU size ISO : Unknown error (0x000c0000) TCP : Message too long"
8136505,"CPU : total data exceeds the PDU size ISO : Unknown error (0x000c0000) TCP : Protocol wrong type for Socket"
8136506,"CPU : total data exceeds the PDU size ISO : Unknown error (0x000c0000) TCP : Protocol not available"
8136507,"CPU : total data exceeds the PDU size ISO : Unknown error (0x000c0000) TCP : Protocol not supported"
8136508,"CPU : total data exceeds the PDU size ISO : Unknown error (0x000c0000) TCP : Socket not supported"
8136509,"CPU : total data exceeds the PDU size ISO : Unknown error (0x000c0000) TCP : Operation not supported on Socket"
8136510,"CPU : total data exceeds the PDU size ISO : Unknown error (0x000c0000) TCP : Protocol family not supported"
8136511,"CPU : total data exceeds the PDU size ISO : Unknown error (0x000c0000) TCP : Address family not supported"
8136512,"CPU : total data exceeds the PDU size ISO : Unknown error (0x000c0000) TCP : Address already in use"
8136513,"CPU : total data exceeds the PDU size ISO : Unknown error (0x000c0000) TCP : Can't assign requested address"
8136514,"CPU : total data exceeds the PDU size ISO : Unknown error (0x000c0000) TCP : Network is down"
8136515,"CPU : total data exceeds the PDU size ISO : Unknown error (0x000c0000) TCP : Network is unreachable"
8136516,"CPU : total data exceeds the PDU size ISO : Unknown error (0x000c0000) TCP : Network dropped connection on reset"
8136517,"CPU : total data exceeds the PDU size ISO : Unknown error (0x000c0000) TCP : Software caused connection abort"
8136518,"CPU : total data exceeds the PDU size ISO : Unknown error (0x000c0000) TCP : Connection reset by peer"
8136519,"CPU : total data exceeds the PDU size ISO : Unknown error (0x000c0000) TCP : No Buffer space available"
8136520,"CPU : total data exceeds the PDU size ISO : Unknown error (0x000c0000) TCP : Socket is already connected"
8136521,"CPU : total data exceeds the PDU size ISO : Unknown error (0x000c0000) TCP : Socket is not connected"
8136522,"CPU : total data exceeds the PDU size ISO : Unknown error (0x000c0000) TCP : Can't send after Socket shutdown"
8136523,"CPU : total data exceeds the PDU size ISO : Unknown error (0x000c0000) TCP : Too many references:can't splice"
8136524,"CPU : total data exceeds the PDU size ISO : Unknown error (0x000c0000) TCP : Connection timed out"
8136525,"CPU : total data exceeds the PDU size ISO : Unknown error (0x000c0000) TCP : Connection refused"
8136526,"CPU : total data exceeds the PDU size ISO : Unknown error (0x000c0000) TCP : Too many levels of symbolic links"
8136527,"CPU : total data exceeds the PDU size ISO : Unknown error (0x000c0000) TCP : File name is too long"
8136528,"CPU : total data exceeds the PDU size ISO : Unknown error (0x000c0000) TCP : Host is down"
8136529,"CPU : total data exceeds the PDU size ISO : Unknown error (0x000c0000) TCP : Unreachable peer"
8136530,"CPU : total data exceeds the PDU size ISO : Unknown error (0x000c0000) TCP : Directory is not empty"
8136531,"CPU : total data exceeds the PDU size ISO : Unknown error (0x000c0000) TCP : Too many processes"
8136532,"CPU : total data exceeds the PDU size ISO : Unknown error (0x000c0000) TCP : Too many users"
8136533,"CPU : total data exceeds the PDU size ISO : Unknown error (0x000c0000) TCP : Disk quota exceeded"
8136534,"CPU : total data exceeds the PDU size ISO : Unknown error (0x000c0000) TCP : Stale NFS file handle"
8136535,"CPU : total data exceeds the PDU size ISO : Unknown error (0x000c0000) TCP : Too many levels of remote in path"
8136555,"CPU : total data exceeds the PDU size ISO : Unknown error (0x000c0000) TCP : Network subsystem is unusable"
8136556,"CPU : total data exceeds the PDU size ISO : Unknown error (0x000c0000) TCP : Winsock DLL cannot support this application"
8136557,"CPU : total data exceeds the PDU size ISO : Unknown error (0x000c0000) TCP : Winsock not initialized"
8136565,"CPU : total data exceeds the PDU size ISO : Unknown error (0x000c0000) TCP : Disconnect"
8137465,"CPU : total data exceeds the PDU size ISO : Unknown error (0x000c0000) TCP : Host not found"
8137466,"CPU : total data exceeds the PDU size ISO : Unknown error (0x000c0000) TCP : Non authoritative - host not found"
8137467,"CPU : total data exceeds the PDU size ISO : Unknown error (0x000c0000) TCP : Non recoverable error"
8137468,"CPU : total data exceeds the PDU size ISO : Unknown error (0x000c0000) TCP : Valid name, no data record of requested type"
8138465,"CPU : total data exceeds the PDU size ISO : Unknown error (0x000c0000) TCP : Invalid address"
8192000,"CPU : total data exceeds the PDU size ISO : Unknown error (0x000d0000)"
8202004,"CPU : total data exceeds the PDU size ISO : Unknown error (0x000d0000) TCP : Interrupted system call"
8202009,"CPU : total data exceeds the PDU size ISO : Unknown error (0x000d0000) TCP : Bad file number"
8202013,"CPU : total data exceeds the PDU size ISO : Unknown error (0x000d0000) TCP : Permission denied"
8202014,"CPU : total data exceeds the PDU size ISO : Unknown error (0x000d0000) TCP : Bad address"
8202022,"CPU : total data exceeds the PDU size ISO : Unknown error (0x000d0000) TCP : Invalid argument"
8202024,"CPU : total data exceeds the PDU size ISO : Unknown error (0x000d0000) TCP : Too many open files"
8202035,"CPU : total data exceeds the PDU size ISO : Unknown error (0x000d0000) TCP : Operation would block"
8202036,"CPU : total data exceeds the PDU size ISO : Unknown error (0x000d0000) TCP : Operation now in progress"
8202037,"CPU : total data exceeds the PDU size ISO : Unknown error (0x000d0000) TCP : Operation already in progress"
8202038,"CPU : total data exceeds the PDU size ISO : Unknown error (0x000d0000) TCP : Socket operation on non socket"
8202039,"CPU : total data exceeds the PDU size ISO : Unknown error (0x000d0000) TCP : Destination address required"
8202040,"CPU : total data exceeds the PDU size ISO : Unknown error (0x000d0000) TCP : Message too long"
8202041,"CPU : total data exceeds the PDU size ISO : Unknown error (0x000d0000) TCP : Protocol wrong type for Socket"
8202042,"CPU : total data exceeds the PDU size ISO : Unknown error (0x000d0000) TCP : Protocol not available"
8202043,"CPU : total data exceeds the PDU size ISO : Unknown error (0x000d0000) TCP : Protocol not supported"
8202044,"CPU : total data exceeds the PDU size ISO : Unknown error (0x000d0000) TCP : Socket not supported"
8202045,"CPU : total data exceeds the PDU size ISO : Unknown error (0x000d0000) TCP : Operation not supported on Socket"
8202046,"CPU : total data exceeds the PDU size ISO : Unknown error (0x000d0000) TCP : Protocol family not supported"
8202047,"CPU : total data exceeds the PDU size ISO : Unknown error (0x000d0000) TCP : Address family not supported"
8202048,"CPU : total data exceeds the PDU size ISO : Unknown error (0x000d0000) TCP : Address already in use"
8202049,"CPU : total data exceeds the PDU size ISO : Unknown error (0x000d0000) TCP : Can't assign requested address"
8202050,"CPU : total data exceeds the PDU size ISO : Unknown error (0x000d0000) TCP : Network is down"
8202051,"CPU : total data exceeds the PDU size ISO : Unknown error (0x000d0000) TCP : Network is unreachable"
8202052,"CPU : total data exceeds the PDU size ISO : Unknown error (0x000d0000) TCP : Network dropped connection on reset"
8202053,"CPU : total data exceeds the PDU size ISO : Unknown error (0x000d0000) TCP : Software caused connection abort"
8202054,"CPU : total data exceeds the PDU size ISO : Unknown error (0x000d0000) TCP : Connection reset by peer"
8202055,"CPU : total data exceeds the PDU size ISO : Unknown error (0x000d0000) TCP : No Buffer space available"
8202056,"CPU : total data exceeds the PDU size ISO : Unknown error (0x000d0000) TCP : Socket is already connected"
8202057,"CPU : total data exceeds the PDU size ISO : Unknown error (0x000d0000) TCP : Socket is not connected"
8202058,"CPU : total data exceeds the PDU size ISO : Unknown error (0x000d0000) TCP : Can't send after Socket shutdown"
8202059,"CPU : total data exceeds the PDU size ISO : Unknown error (0x000d0000) TCP : Too many references:can't splice"
8202060,"CPU : total data exceeds the PDU size ISO : Unknown error (0x000d0000) TCP : Connection timed out"
8202061,"CPU : total data exceeds the PDU size ISO : Unknown error (0x000d0000) TCP : Connection refused"
8202062,"CPU : total data exceeds the PDU size ISO : Unknown error (0x000d0000) TCP : Too many levels of symbolic links"
8202063,"CPU : total data exceeds the PDU size ISO : Unknown error (0x000d0000) TCP : File name is too long"
8202064,"CPU : total data exceeds the PDU size ISO : Unknown error (0x000d0000) TCP : Host is down"
8202065,"CPU : total data exceeds the PDU size ISO : Unknown error (0x000d0000) TCP : Unreachable peer"
8202066,"CPU : total data exceeds the PDU size ISO : Unknown error (0x000d0000) TCP : Directory is not empty"
8202067,"CPU : total data exceeds the PDU size ISO : Unknown error (0x000d0000) TCP : Too many processes"
8202068,"CPU : total data exceeds the PDU size ISO : Unknown error (0x000d0000) TCP : Too many users"
8202069,"CPU : total data exceeds the PDU size ISO : Unknown error (0x000d0000) TCP : Disk quota exceeded"
8202070,"CPU : total data exceeds the PDU size ISO : Unknown error (0x000d0000) TCP : Stale NFS file handle"
8202071,"CPU : total data exceeds the PDU size ISO : Unknown error (0x000d0000) TCP : Too many levels of remote in path"
8202091,"CPU : total data exceeds the PDU size ISO : Unknown error (0x000d0000) TCP : Network subsystem is unusable"
8202092,"CPU : total data exceeds the PDU size ISO : Unknown error (0x000d0000) TCP : Winsock DLL cannot support this application"
8202093,"CPU : total data exceeds the PDU size ISO : Unknown error (0x000d0000) TCP : Winsock not initialized"
8202101,"CPU : total data exceeds the PDU size ISO : Unknown error (0x000d0000) TCP : Disconnect"
8203001,"CPU : total data exceeds the PDU size ISO : Unknown error (0x000d0000) TCP : Host not found"
8203002,"CPU : total data exceeds the PDU size ISO : Unknown error (0x000d0000) TCP : Non authoritative - host not found"
8203003,"CPU : total data exceeds the PDU size ISO : Unknown error (0x000d0000) TCP : Non recoverable error"
8203004,"CPU : total data exceeds the PDU size ISO : Unknown error (0x000d0000) TCP : Valid name, no data record of requested type"
8204001,"CPU : total data exceeds the PDU size ISO : Unknown error (0x000d0000) TCP : Invalid address"
8257536,"CPU : total data exceeds the PDU size ISO : Unknown error (0x000e0000)"
8267540,"CPU : total data exceeds the PDU size ISO : Unknown error (0x000e0000) TCP : Interrupted system call"
8267545,"CPU : total data exceeds the PDU size ISO : Unknown error (0x000e0000) TCP : Bad file number"
8267549,"CPU : total data exceeds the PDU size ISO : Unknown error (0x000e0000) TCP : Permission denied"
8267550,"CPU : total data exceeds the PDU size ISO : Unknown error (0x000e0000) TCP : Bad address"
8267558,"CPU : total data exceeds the PDU size ISO : Unknown error (0x000e0000) TCP : Invalid argument"
8267560,"CPU : total data exceeds the PDU size ISO : Unknown error (0x000e0000) TCP : Too many open files"
8267571,"CPU : total data exceeds the PDU size ISO : Unknown error (0x000e0000) TCP : Operation would block"
8267572,"CPU : total data exceeds the PDU size ISO : Unknown error (0x000e0000) TCP : Operation now in progress"
8267573,"CPU : total data exceeds the PDU size ISO : Unknown error (0x000e0000) TCP : Operation already in progress"
8267574,"CPU : total data exceeds the PDU size ISO : Unknown error (0x000e0000) TCP : Socket operation on non socket"
8267575,"CPU : total data exceeds the PDU size ISO : Unknown error (0x000e0000) TCP : Destination address required"
8267576,"CPU : total data exceeds the PDU size ISO : Unknown error (0x000e0000) TCP : Message too long"
8267577,"CPU : total data exceeds the PDU size ISO : Unknown error (0x000e0000) TCP : Protocol wrong type for Socket"
8267578,"CPU : total data exceeds the PDU size ISO : Unknown error (0x000e0000) TCP : Protocol not available"
8267579,"CPU : total data exceeds the PDU size ISO : Unknown error (0x000e0000) TCP : Protocol not supported"
8267580,"CPU : total data exceeds the PDU size ISO : Unknown error (0x000e0000) TCP : Socket not supported"
8267581,"CPU : total data exceeds the PDU size ISO : Unknown error (0x000e0000) TCP : Operation not supported on Socket"
8267582,"CPU : total data exceeds the PDU size ISO : Unknown error (0x000e0000) TCP : Protocol family not supported"
8267583,"CPU : total data exceeds the PDU size ISO : Unknown error (0x000e0000) TCP : Address family not supported"
8267584,"CPU : total data exceeds the PDU size ISO : Unknown error (0x000e0000) TCP : Address already in use"
8267585,"CPU : total data exceeds the PDU size ISO : Unknown error (0x000e0000) TCP : Can't assign requested address"
8267586,"CPU : total data exceeds the PDU size ISO : Unknown error (0x000e0000) TCP : Network is down"
8267587,"CPU : total data exceeds the PDU size ISO : Unknown error (0x000e0000) TCP : Network is unreachable"
8267588,"CPU : total data exceeds the PDU size ISO : Unknown error (0x000e0000) TCP : Network dropped connection on reset"
8267589,"CPU : total data exceeds the PDU size ISO : Unknown error (0x000e0000) TCP : Software caused connection abort"
8267590,"CPU : total data exceeds the PDU size ISO : Unknown error (0x000e0000) TCP : Connection reset by peer"
8267591,"CPU : total data exceeds the PDU size ISO : Unknown error (0x000e0000) TCP : No Buffer space available"
8267592,"CPU : total data exceeds the PDU size ISO : Unknown error (0x000e0000) TCP : Socket is already connected"
8267593,"CPU : total data exceeds the PDU size ISO : Unknown error (0x000e0000) TCP : Socket is not connected"
8267594,"CPU : total data exceeds the PDU size ISO : Unknown error (0x000e0000) TCP : Can't send after Socket shutdown"
8267595,"CPU : total data exceeds the PDU size ISO : Unknown error (0x000e0000) TCP : Too many references:can't splice"
8267596,"CPU : total data exceeds the PDU size ISO : Unknown error (0x000e0000) TCP : Connection timed out"
8267597,"CPU : total data exceeds the PDU size ISO : Unknown error (0x000e0000) TCP : Connection refused"
8267598,"CPU : total data exceeds the PDU size ISO : Unknown error (0x000e0000) TCP : Too many levels of symbolic links"
8267599,"CPU : total data exceeds the PDU size ISO : Unknown error (0x000e0000) TCP : File name is too long"
8267600,"CPU : total data exceeds the PDU size ISO : Unknown error (0x000e0000) TCP : Host is down"
8267601,"CPU : total data exceeds the PDU size ISO : Unknown error (0x000e0000) TCP : Unreachable peer"
8267602,"CPU : total data exceeds the PDU size ISO : Unknown error (0x000e0000) TCP : Directory is not empty"
8267603,"CPU : total data exceeds the PDU size ISO : Unknown error (0x000e0000) TCP : Too many processes"
8267604,"CPU : total data exceeds the PDU size ISO : Unknown error (0x000e0000) TCP : Too many users"
8267605,"CPU : total data exceeds the PDU size ISO : Unknown error (0x000e0000) TCP : Disk quota exceeded"
8267606,"CPU : total data exceeds the PDU size ISO : Unknown error (0x000e0000) TCP : Stale NFS file handle"
8267607,"CPU : total data exceeds the PDU size ISO : Unknown error (0x000e0000) TCP : Too many levels of remote in path"
8267627,"CPU : total data exceeds the PDU size ISO : Unknown error (0x000e0000) TCP : Network subsystem is unusable"
8267628,"CPU : total data exceeds the PDU size ISO : Unknown error (0x000e0000) TCP : Winsock DLL cannot support this application"
8267629,"CPU : total data exceeds the PDU size ISO : Unknown error (0x000e0000) TCP : Winsock not initialized"
8267637,"CPU : total data exceeds the PDU size ISO : Unknown error (0x000e0000) TCP : Disconnect"
8268537,"CPU : total data exceeds the PDU size ISO : Unknown error (0x000e0000) TCP : Host not found"
8268538,"CPU : total data exceeds the PDU size ISO : Unknown error (0x000e0000) TCP : Non authoritative - host not found"
8268539,"CPU : total data exceeds the PDU size ISO : Unknown error (0x000e0000) TCP : Non recoverable error"
8268540,"CPU : total data exceeds the PDU size ISO : Unknown error (0x000e0000) TCP : Valid name, no data record of requested type"
8269537,"CPU : total data exceeds the PDU size ISO : Unknown error (0x000e0000) TCP : Invalid address"
8323072,"CPU : total data exceeds the PDU size ISO : Unknown error (0x000f0000)"
8333076,"CPU : total data exceeds the PDU size ISO : Unknown error (0x000f0000) TCP : Interrupted system call"
8333081,"CPU : total data exceeds the PDU size ISO : Unknown error (0x000f0000) TCP : Bad file number"
8333085,"CPU : total data exceeds the PDU size ISO : Unknown error (0x000f0000) TCP : Permission denied"
8333086,"CPU : total data exceeds the PDU size ISO : Unknown error (0x000f0000) TCP : Bad address"
8333094,"CPU : total data exceeds the PDU size ISO : Unknown error (0x000f0000) TCP : Invalid argument"
8333096,"CPU : total data exceeds the PDU size ISO : Unknown error (0x000f0000) TCP : Too many open files"
8333107,"CPU : total data exceeds the PDU size ISO : Unknown error (0x000f0000) TCP : Operation would block"
8333108,"CPU : total data exceeds the PDU size ISO : Unknown error (0x000f0000) TCP : Operation now in progress"
8333109,"CPU : total data exceeds the PDU size ISO : Unknown error (0x000f0000) TCP : Operation already in progress"
8333110,"CPU : total data exceeds the PDU size ISO : Unknown error (0x000f0000) TCP : Socket operation on non socket"
8333111,"CPU : total data exceeds the PDU size ISO : Unknown error (0x000f0000) TCP : Destination address required"
8333112,"CPU : total data exceeds the PDU size ISO : Unknown error (0x000f0000) TCP : Message too long"
8333113,"CPU : total data exceeds the PDU size ISO : Unknown error (0x000f0000) TCP : Protocol wrong type for Socket"
8333114,"CPU : total data exceeds the PDU size ISO : Unknown error (0x000f0000) TCP : Protocol not available"
8333115,"CPU : total data exceeds the PDU size ISO : Unknown error (0x000f0000) TCP : Protocol not supported"
8333116,"CPU : total data exceeds the PDU size ISO : Unknown error (0x000f0000) TCP : Socket not supported"
8333117,"CPU : total data exceeds the PDU size ISO : Unknown error (0x000f0000) TCP : Operation not supported on Socket"
8333118,"CPU : total data exceeds the PDU size ISO : Unknown error (0x000f0000) TCP : Protocol family not supported"
8333119,"CPU : total data exceeds the PDU size ISO : Unknown error (0x000f0000) TCP : Address family not supported"
8333120,"CPU : total data exceeds the PDU size ISO : Unknown error (0x000f0000) TCP : Address already in use"
8333121,"CPU : total data exceeds the PDU size ISO : Unknown error (0x000f0000) TCP : Can't assign requested address"
8333122,"CPU : total data exceeds the PDU size ISO : Unknown error (0x000f0000) TCP : Network is down"
8333123,"CPU : total data exceeds the PDU size ISO : Unknown error (0x000f0000) TCP : Network is unreachable"
8333124,"CPU : total data exceeds the PDU size ISO : Unknown error (0x000f0000) TCP : Network dropped connection on reset"
8333125,"CPU : total data exceeds the PDU size ISO : Unknown error (0x000f0000) TCP : Software caused connection abort"
8333126,"CPU : total data exceeds the PDU size ISO : Unknown error (0x000f0000) TCP : Connection reset by peer"
8333127,"CPU : total data exceeds the PDU size ISO : Unknown error (0x000f0000) TCP : No Buffer space available"
8333128,"CPU : total data exceeds the PDU size ISO : Unknown error (0x000f0000) TCP : Socket is already connected"
8333129,"CPU : total data exceeds the PDU size ISO : Unknown error (0x000f0000) TCP : Socket is not connected"
8333130,"CPU : total data exceeds the PDU size ISO : Unknown error (0x000f0000) TCP : Can't send after Socket shutdown"
8333131,"CPU : total data exceeds the PDU size ISO : Unknown error (0x000f0000) TCP : Too many references:can't splice"
8333132,"CPU : total data exceeds the PDU size ISO : Unknown error (0x000f0000) TCP : Connection timed out"
8333133,"CPU : total data exceeds the PDU size ISO : Unknown error (0x000f0000) TCP : Connection refused"
8333134,"CPU : total data exceeds the PDU size ISO : Unknown error (0x000f0000) TCP : Too many levels of symbolic links"
8333135,"CPU : total data exceeds the PDU size ISO : Unknown error (0x000f0000) TCP : File name is too long"
8333136,"CPU : total data exceeds the PDU size ISO : Unknown error (0x000f0000) TCP : Host is down"
8333137,"CPU : total data exceeds the PDU size ISO : Unknown error (0x000f0000) TCP : Unreachable peer"
8333138,"CPU : total data exceeds the PDU size ISO : Unknown error (0x000f0000) TCP : Directory is not empty"
8333139,"CPU : total data exceeds the PDU size ISO : Unknown error (0x000f0000) TCP : Too many processes"
8333140,"CPU : total data exceeds the PDU size ISO : Unknown error (0x000f0000) TCP : Too many users"
8333141,"CPU : total data exceeds the PDU size ISO : Unknown error (0x000f0000) TCP : Disk quota exceeded"
8333142,"CPU : total data exceeds the PDU size ISO : Unknown error (0x000f0000) TCP : Stale NFS file handle"
8333143,"CPU : total data exceeds the PDU size ISO : Unknown error (0x000f0000) TCP : Too many levels of remote in path"
8333163,"CPU : total data exceeds the PDU size ISO : Unknown error (0x000f0000) TCP : Network subsystem is unusable"
8333164,"CPU : total data exceeds the PDU size ISO : Unknown error (0x000f0000) TCP : Winsock DLL cannot support this application"
8333165,"CPU : total data exceeds the PDU size ISO : Unknown error (0x000f0000) TCP : Winsock not initialized"
8333173,"CPU : total data exceeds the PDU size ISO : Unknown error (0x000f0000) TCP : Disconnect"
8334073,"CPU : total data exceeds the PDU size ISO : Unknown error (0x000f0000) TCP : Host not found"
8334074,"CPU : total data exceeds the PDU size ISO : Unknown error (0x000f0000) TCP : Non authoritative - host not found"
8334075,"CPU : total data exceeds the PDU size ISO : Unknown error (0x000f0000) TCP : Non recoverable error"
8334076,"CPU : total data exceeds the PDU size ISO : Unknown error (0x000f0000) TCP : Valid name, no data record of requested type"
8335073,"CPU : total data exceeds the PDU size ISO : Unknown error (0x000f0000) TCP : Invalid address"
8388608,"CLI : invalid CPU answer"
8398612,"CLI : invalid CPU answer TCP : Interrupted system call"
8398617,"CLI : invalid CPU answer TCP : Bad file number"
8398621,"CLI : invalid CPU answer TCP : Permission denied"
8398622,"CLI : invalid CPU answer TCP : Bad address"
8398630,"CLI : invalid CPU answer TCP : Invalid argument"
8398632,"CLI : invalid CPU answer TCP : Too many open files"
8398643,"CLI : invalid CPU answer TCP : Operation would block"
8398644,"CLI : invalid CPU answer TCP : Operation now in progress"
8398645,"CLI : invalid CPU answer TCP : Operation already in progress"
8398646,"CLI : invalid CPU answer TCP : Socket operation on non socket"
8398647,"CLI : invalid CPU answer TCP : Destination address required"
8398648,"CLI : invalid CPU answer TCP : Message too long"
8398649,"CLI : invalid CPU answer TCP : Protocol wrong type for Socket"
8398650,"CLI : invalid CPU answer TCP : Protocol not available"
8398651,"CLI : invalid CPU answer TCP : Protocol not supported"
8398652,"CLI : invalid CPU answer TCP : Socket not supported"
8398653,"CLI : invalid CPU answer TCP : Operation not supported on Socket"
8398654,"CLI : invalid CPU answer TCP : Protocol family not supported"
8398655,"CLI : invalid CPU answer TCP : Address family not supported"
8398656,"CLI : invalid CPU answer TCP : Address already in use"
8398657,"CLI : invalid CPU answer TCP : Can't assign requested address"
8398658,"CLI : invalid CPU answer TCP : Network is down"
8398659,"CLI : invalid CPU answer TCP : Network is unreachable"
8398660,"CLI : invalid CPU answer TCP : Network dropped connection on reset"
8398661,"CLI : invalid CPU answer TCP : Software caused connection abort"
8398662,"CLI : invalid CPU answer TCP : Connection reset by peer"
8398663,"CLI : invalid CPU answer TCP : No Buffer space available"
8398664,"CLI : invalid CPU answer TCP : Socket is already connected"
8398665,"CLI : invalid CPU answer TCP : Socket is not connected"
8398666,"CLI : invalid CPU answer TCP : Can't send after Socket shutdown"
8398667,"CLI : invalid CPU answer TCP : Too many references:can't splice"
8398668,"CLI : invalid CPU answer TCP : Connection timed out"
8398669,"CLI : invalid CPU answer TCP : Connection refused"
8398670,"CLI : invalid CPU answer TCP : Too many levels of symbolic links"
8398671,"CLI : invalid CPU answer TCP : File name is too long"
8398672,"CLI : invalid CPU answer TCP : Host is down"
8398673,"CLI : invalid CPU answer TCP : Unreachable peer"
8398674,"CLI : invalid CPU answer TCP : Directory is not empty"
8398675,"CLI : invalid CPU answer TCP : Too many processes"
8398676,"CLI : invalid CPU answer TCP : Too many users"
8398677,"CLI : invalid CPU answer TCP : Disk quota exceeded"
8398678,"CLI : invalid CPU answer TCP : Stale NFS file handle"
8398679,"CLI : invalid CPU answer TCP : Too many levels of remote in path"
8398699,"CLI : invalid CPU answer TCP : Network subsystem is unusable"
8398700,"CLI : invalid CPU answer TCP : Winsock DLL cannot support this application"
8398701,"CLI : invalid CPU answer TCP : Winsock not initialized"
8398709,"CLI : invalid CPU answer TCP : Disconnect"
8399609,"CLI : invalid CPU answer TCP : Host not found"
8399610,"CLI : invalid CPU answer TCP : Non authoritative - host not found"
8399611,"CLI : invalid CPU answer TCP : Non recoverable error"
8399612,"CLI : invalid CPU answer TCP : Valid name, no data record of requested type"
8400609,"CLI : invalid CPU answer TCP : Invalid address"
8454144,"CLI : invalid CPU answer ISO : Connection error"
8464148,"CLI : invalid CPU answer ISO : Connection error TCP : Interrupted system call"
8464153,"CLI : invalid CPU answer ISO : Connection error TCP : Bad file number"
8464157,"CLI : invalid CPU answer ISO : Connection error TCP : Permission denied"
8464158,"CLI : invalid CPU answer ISO : Connection error TCP : Bad address"
8464166,"CLI : invalid CPU answer ISO : Connection error TCP : Invalid argument"
8464168,"CLI : invalid CPU answer ISO : Connection error TCP : Too many open files"
8464179,"CLI : invalid CPU answer ISO : Connection error TCP : Operation would block"
8464180,"CLI : invalid CPU answer ISO : Connection error TCP : Operation now in progress"
8464181,"CLI : invalid CPU answer ISO : Connection error TCP : Operation already in progress"
8464182,"CLI : invalid CPU answer ISO : Connection error TCP : Socket operation on non socket"
8464183,"CLI : invalid CPU answer ISO : Connection error TCP : Destination address required"
8464184,"CLI : invalid CPU answer ISO : Connection error TCP : Message too long"
8464185,"CLI : invalid CPU answer ISO : Connection error TCP : Protocol wrong type for Socket"
8464186,"CLI : invalid CPU answer ISO : Connection error TCP : Protocol not available"
8464187,"CLI : invalid CPU answer ISO : Connection error TCP : Protocol not supported"
8464188,"CLI : invalid CPU answer ISO : Connection error TCP : Socket not supported"
8464189,"CLI : invalid CPU answer ISO : Connection error TCP : Operation not supported on Socket"
8464190,"CLI : invalid CPU answer ISO : Connection error TCP : Protocol family not supported"
8464191,"CLI : invalid CPU answer ISO : Connection error TCP : Address family not supported"
8464192,"CLI : invalid CPU answer ISO : Connection error TCP : Address already in use"
8464193,"CLI : invalid CPU answer ISO : Connection error TCP : Can't assign requested address"
8464194,"CLI : invalid CPU answer ISO : Connection error TCP : Network is down"
8464195,"CLI : invalid CPU answer ISO : Connection error TCP : Network is unreachable"
8464196,"CLI : invalid CPU answer ISO : Connection error TCP : Network dropped connection on reset"
8464197,"CLI : invalid CPU answer ISO : Connection error TCP : Software caused connection abort"
8464198,"CLI : invalid CPU answer ISO : Connection error TCP : Connection reset by peer"
8464199,"CLI : invalid CPU answer ISO : Connection error TCP : No Buffer space available"
8464200,"CLI : invalid CPU answer ISO : Connection error TCP : Socket is already connected"
8464201,"CLI : invalid CPU answer ISO : Connection error TCP : Socket is not connected"
8464202,"CLI : invalid CPU answer ISO : Connection error TCP : Can't send after Socket shutdown"
8464203,"CLI : invalid CPU answer ISO : Connection error TCP : Too many references:can't splice"
8464204,"CLI : invalid CPU answer ISO : Connection error TCP : Connection timed out"
8464205,"CLI : invalid CPU answer ISO : Connection error TCP : Connection refused"
8464206,"CLI : invalid CPU answer ISO : Connection error TCP : Too many levels of symbolic links"
8464207,"CLI : invalid CPU answer ISO : Connection error TCP : File name is too long"
8464208,"CLI : invalid CPU answer ISO : Connection error TCP : Host is down"
8464209,"CLI : invalid CPU answer ISO : Connection error TCP : Unreachable peer"
8464210,"CLI : invalid CPU answer ISO : Connection error TCP : Directory is not empty"
8464211,"CLI : invalid CPU answer ISO : Connection error TCP : Too many processes"
8464212,"CLI : invalid CPU answer ISO : Connection error TCP : Too many users"
8464213,"CLI : invalid CPU answer ISO : Connection error TCP : Disk quota exceeded"
8464214,"CLI : invalid CPU answer ISO : Connection error TCP : Stale NFS file handle"
8464215,"CLI : invalid CPU answer ISO : Connection error TCP : Too many levels of remote in path"
8464235,"CLI : invalid CPU answer ISO : Connection error TCP : Network subsystem is unusable"
8464236,"CLI : invalid CPU answer ISO : Connection error TCP : Winsock DLL cannot support this application"
8464237,"CLI : invalid CPU answer ISO : Connection error TCP : Winsock not initialized"
8464245,"CLI : invalid CPU answer ISO : Connection error TCP : Disconnect"
8465145,"CLI : invalid CPU answer ISO : Connection error TCP : Host not found"
8465146,"CLI : invalid CPU answer ISO : Connection error TCP : Non authoritative - host not found"
8465147,"CLI : invalid CPU answer ISO : Connection error TCP : Non recoverable error"
8465148,"CLI : invalid CPU answer ISO : Connection error TCP : Valid name, no data record of requested type"
8466145,"CLI : invalid CPU answer ISO : Connection error TCP : Invalid address"
8519680,"CLI : invalid CPU answer ISO : Disconnect error"
8529684,"CLI : invalid CPU answer ISO : Disconnect error TCP : Interrupted system call"
8529689,"CLI : invalid CPU answer ISO : Disconnect error TCP : Bad file number"
8529693,"CLI : invalid CPU answer ISO : Disconnect error TCP : Permission denied"
8529694,"CLI : invalid CPU answer ISO : Disconnect error TCP : Bad address"
8529702,"CLI : invalid CPU answer ISO : Disconnect error TCP : Invalid argument"
8529704,"CLI : invalid CPU answer ISO : Disconnect error TCP : Too many open files"
8529715,"CLI : invalid CPU answer ISO : Disconnect error TCP : Operation would block"
8529716,"CLI : invalid CPU answer ISO : Disconnect error TCP : Operation now in progress"
8529717,"CLI : invalid CPU answer ISO : Disconnect error TCP : Operation already in progress"
8529718,"CLI : invalid CPU answer ISO : Disconnect error TCP : Socket operation on non socket"
8529719,"CLI : invalid CPU answer ISO : Disconnect error TCP : Destination address required"
8529720,"CLI : invalid CPU answer ISO : Disconnect error TCP : Message too long"
8529721,"CLI : invalid CPU answer ISO : Disconnect error TCP : Protocol wrong type for Socket"
8529722,"CLI : invalid CPU answer ISO : Disconnect error TCP : Protocol not available"
8529723,"CLI : invalid CPU answer ISO : Disconnect error TCP : Protocol not supported"
8529724,"CLI : invalid CPU answer ISO : Disconnect error TCP : Socket not supported"
8529725,"CLI : invalid CPU answer ISO : Disconnect error TCP : Operation not supported on Socket"
8529726,"CLI : invalid CPU answer ISO : Disconnect error TCP : Protocol family not supported"
8529727,"CLI : invalid CPU answer ISO : Disconnect error TCP : Address family not supported"
8529728,"CLI : invalid CPU answer ISO : Disconnect error TCP : Address already in use"
8529729,"CLI : invalid CPU answer ISO : Disconnect error TCP : Can't assign requested address"
8529730,"CLI : invalid CPU answer ISO : Disconnect error TCP : Network is down"
8529731,"CLI : invalid CPU answer ISO : Disconnect error TCP : Network is unreachable"
8529732,"CLI : invalid CPU answer ISO : Disconnect error TCP : Network dropped connection on reset"
8529733,"CLI : invalid CPU answer ISO : Disconnect error TCP : Software caused connection abort"
8529734,"CLI : invalid CPU answer ISO : Disconnect error TCP : Connection reset by peer"
8529735,"CLI : invalid CPU answer ISO : Disconnect error TCP : No Buffer space available"
8529736,"CLI : invalid CPU answer ISO : Disconnect error TCP : Socket is already connected"
8529737,"CLI : invalid CPU answer ISO : Disconnect error TCP : Socket is not connected"
8529738,"CLI : invalid CPU answer ISO : Disconnect error TCP : Can't send after Socket shutdown"
8529739,"CLI : invalid CPU answer ISO : Disconnect error TCP : Too many references:can't splice"
8529740,"CLI : invalid CPU answer ISO : Disconnect error TCP : Connection timed out"
8529741,"CLI : invalid CPU answer ISO : Disconnect error TCP : Connection refused"
8529742,"CLI : invalid CPU answer ISO : Disconnect error TCP : Too many levels of symbolic links"
8529743,"CLI : invalid CPU answer ISO : Disconnect error TCP : File name is too long"
8529744,"CLI : invalid CPU answer ISO : Disconnect error TCP : Host is down"
8529745,"CLI : invalid CPU answer ISO : Disconnect error TCP : Unreachable peer"
8529746,"CLI : invalid CPU answer ISO : Disconnect error TCP : Directory is not empty"
8529747,"CLI : invalid CPU answer ISO : Disconnect error TCP : Too many processes"
8529748,"CLI : invalid CPU answer ISO : Disconnect error TCP : Too many users"
8529749,"CLI : invalid CPU answer ISO : Disconnect error TCP : Disk quota exceeded"
8529750,"CLI : invalid CPU answer ISO : Disconnect error TCP : Stale NFS file handle"
8529751,"CLI : invalid CPU answer ISO : Disconnect error TCP : Too many levels of remote in path"
8529771,"CLI : invalid CPU answer ISO : Disconnect error TCP : Network subsystem is unusable"
8529772,"CLI : invalid CPU answer ISO : Disconnect error TCP : Winsock DLL cannot support this application"
8529773,"CLI : invalid CPU answer ISO : Disconnect error TCP : Winsock not initialized"
8529781,"CLI : invalid CPU answer ISO : Disconnect error TCP : Disconnect"
8530681,"CLI : invalid CPU answer ISO : Disconnect error TCP : Host not found"
8530682,"CLI : invalid CPU answer ISO : Disconnect error TCP : Non authoritative - host not found"
8530683,"CLI : invalid CPU answer ISO : Disconnect error TCP : Non recoverable error"
8530684,"CLI : invalid CPU answer ISO : Disconnect error TCP : Valid name, no data record of requested type"
8531681,"CLI : invalid CPU answer ISO : Disconnect error TCP : Invalid address"
8585216,"CLI : invalid CPU answer ISO : Bad PDU format"
8595220,"CLI : invalid CPU answer ISO : Bad PDU format TCP : Interrupted system call"
8595225,"CLI : invalid CPU answer ISO : Bad PDU format TCP : Bad file number"
8595229,"CLI : invalid CPU answer ISO : Bad PDU format TCP : Permission denied"
8595230,"CLI : invalid CPU answer ISO : Bad PDU format TCP : Bad address"
8595238,"CLI : invalid CPU answer ISO : Bad PDU format TCP : Invalid argument"
8595240,"CLI : invalid CPU answer ISO : Bad PDU format TCP : Too many open files"
8595251,"CLI : invalid CPU answer ISO : Bad PDU format TCP : Operation would block"
8595252,"CLI : invalid CPU answer ISO : Bad PDU format TCP : Operation now in progress"
8595253,"CLI : invalid CPU answer ISO : Bad PDU format TCP : Operation already in progress"
8595254,"CLI : invalid CPU answer ISO : Bad PDU format TCP : Socket operation on non socket"
8595255,"CLI : invalid CPU answer ISO : Bad PDU format TCP : Destination address required"
8595256,"CLI : invalid CPU answer ISO : Bad PDU format TCP : Message too long"
8595257,"CLI : invalid CPU answer ISO : Bad PDU format TCP : Protocol wrong type for Socket"
8595258,"CLI : invalid CPU answer ISO : Bad PDU format TCP : Protocol not available"
8595259,"CLI : invalid CPU answer ISO : Bad PDU format TCP : Protocol not supported"
8595260,"CLI : invalid CPU answer ISO : Bad PDU format TCP : Socket not supported"
8595261,"CLI : invalid CPU answer ISO : Bad PDU format TCP : Operation not supported on Socket"
8595262,"CLI : invalid CPU answer ISO : Bad PDU format TCP : Protocol family not supported"
8595263,"CLI : invalid CPU answer ISO : Bad PDU format TCP : Address family not supported"
8595264,"CLI : invalid CPU answer ISO : Bad PDU format TCP : Address already in use"
8595265,"CLI : invalid CPU answer ISO : Bad PDU format TCP : Can't assign requested address"
8595266,"CLI : invalid CPU answer ISO : Bad PDU format TCP : Network is down"
8595267,"CLI : invalid CPU answer ISO : Bad PDU format TCP : Network is unreachable"
8595268,"CLI : invalid CPU answer ISO : Bad PDU format TCP : Network dropped connection on reset"
8595269,"CLI : invalid CPU answer ISO : Bad PDU format TCP : Software caused connection abort"
8595270,"CLI : invalid CPU answer ISO : Bad PDU format TCP : Connection reset by peer"
8595271,"CLI : invalid CPU answer ISO : Bad PDU format TCP : No Buffer space available"
8595272,"CLI : invalid CPU answer ISO : Bad PDU format TCP : Socket is already connected"
8595273,"CLI : invalid CPU answer ISO : Bad PDU format TCP : Socket is not connected"
8595274,"CLI : invalid CPU answer ISO : Bad PDU format TCP : Can't send after Socket shutdown"
8595275,"CLI : invalid CPU answer ISO : Bad PDU format TCP : Too many references:can't splice"
8595276,"CLI : invalid CPU answer ISO : Bad PDU format TCP : Connection timed out"
8595277,"CLI : invalid CPU answer ISO : Bad PDU format TCP : Connection refused"
8595278,"CLI : invalid CPU answer ISO : Bad PDU format TCP : Too many levels of symbolic links"
8595279,"CLI : invalid CPU answer ISO : Bad PDU format TCP : File name is too long"
8595280,"CLI : invalid CPU answer ISO : Bad PDU format TCP : Host is down"
8595281,"CLI : invalid CPU answer ISO : Bad PDU format TCP : Unreachable peer"
8595282,"CLI : invalid CPU answer ISO : Bad PDU format TCP : Directory is not empty"
8595283,"CLI : invalid CPU answer ISO : Bad PDU format TCP : Too many processes"
8595284,"CLI : invalid CPU answer ISO : Bad PDU format TCP : Too many users"
8595285,"CLI : invalid CPU answer ISO : Bad PDU format TCP : Disk quota exceeded"
8595286,"CLI : invalid CPU answer ISO : Bad PDU format TCP : Stale NFS file handle"
8595287,"CLI : invalid CPU answer ISO : Bad PDU format TCP : Too many levels of remote in path"
8595307,"CLI : invalid CPU answer ISO : Bad PDU format TCP : Network subsystem is unusable"
8595308,"CLI : invalid CPU answer ISO : Bad PDU format TCP : Winsock DLL cannot support this application"
8595309,"CLI : invalid CPU answer ISO : Bad PDU format TCP : Winsock not initialized"
8595317,"CLI : invalid CPU answer ISO : Bad PDU format TCP : Disconnect"
8596217,"CLI : invalid CPU answer ISO : Bad PDU format TCP : Host not found"
8596218,"CLI : invalid CPU answer ISO : Bad PDU format TCP : Non authoritative - host not found"
8596219,"CLI : invalid CPU answer ISO : Bad PDU format TCP : Non recoverable error"
8596220,"CLI : invalid CPU answer ISO : Bad PDU format TCP : Valid name, no data record of requested type"
8597217,"CLI : invalid CPU answer ISO : Bad PDU format TCP : Invalid address"
8650752,"CLI : invalid CPU answer ISO : Datasize passed to send/recv buffer is invalid"
8660756,"CLI : invalid CPU answer ISO : Datasize passed to send/recv buffer is invalid TCP : Interrupted system call"
8660761,"CLI : invalid CPU answer ISO : Datasize passed to send/recv buffer is invalid TCP : Bad file number"
8660765,"CLI : invalid CPU answer ISO : Datasize passed to send/recv buffer is invalid TCP : Permission denied"
8660766,"CLI : invalid CPU answer ISO : Datasize passed to send/recv buffer is invalid TCP : Bad address"
8660774,"CLI : invalid CPU answer ISO : Datasize passed to send/recv buffer is invalid TCP : Invalid argument"
8660776,"CLI : invalid CPU answer ISO : Datasize passed to send/recv buffer is invalid TCP : Too many open files"
8660787,"CLI : invalid CPU answer ISO : Datasize passed to send/recv buffer is invalid TCP : Operation would block"
8660788,"CLI : invalid CPU answer ISO : Datasize passed to send/recv buffer is invalid TCP : Operation now in progress"
8660789,"CLI : invalid CPU answer ISO : Datasize passed to send/recv buffer is invalid TCP : Operation already in progress"
8660790,"CLI : invalid CPU answer ISO : Datasize passed to send/recv buffer is invalid TCP : Socket operation on non socket"
8660791,"CLI : invalid CPU answer ISO : Datasize passed to send/recv buffer is invalid TCP : Destination address required"
8660792,"CLI : invalid CPU answer ISO : Datasize passed to send/recv buffer is invalid TCP : Message too long"
8660793,"CLI : invalid CPU answer ISO : Datasize passed to send/recv buffer is invalid TCP : Protocol wrong type for Socket"
8660794,"CLI : invalid CPU answer ISO : Datasize passed to send/recv buffer is invalid TCP : Protocol not available"
8660795,"CLI : invalid CPU answer ISO : Datasize passed to send/recv buffer is invalid TCP : Protocol not supported"
8660796,"CLI : invalid CPU answer ISO : Datasize passed to send/recv buffer is invalid TCP : Socket not supported"
8660797,"CLI : invalid CPU answer ISO : Datasize passed to send/recv buffer is invalid TCP : Operation not supported on Socket"
8660798,"CLI : invalid CPU answer ISO : Datasize passed to send/recv buffer is invalid TCP : Protocol family not supported"
8660799,"CLI : invalid CPU answer ISO : Datasize passed to send/recv buffer is invalid TCP : Address family not supported"
8660800,"CLI : invalid CPU answer ISO : Datasize passed to send/recv buffer is invalid TCP : Address already in use"
8660801,"CLI : invalid CPU answer ISO : Datasize passed to send/recv buffer is invalid TCP : Can't assign requested address"
8660802,"CLI : invalid CPU answer ISO : Datasize passed to send/recv buffer is invalid TCP : Network is down"
8660803,"CLI : invalid CPU answer ISO : Datasize passed to send/recv buffer is invalid TCP : Network is unreachable"
8660804,"CLI : invalid CPU answer ISO : Datasize passed to send/recv buffer is invalid TCP : Network dropped connection on reset"
8660805,"CLI : invalid CPU answer ISO : Datasize passed to send/recv buffer is invalid TCP : Software caused connection abort"
8660806,"CLI : invalid CPU answer ISO : Datasize passed to send/recv buffer is invalid TCP : Connection reset by peer"
8660807,"CLI : invalid CPU answer ISO : Datasize passed to send/recv buffer is invalid TCP : No Buffer space available"
8660808,"CLI : invalid CPU answer ISO : Datasize passed to send/recv buffer is invalid TCP : Socket is already connected"
8660809,"CLI : invalid CPU answer ISO : Datasize passed to send/recv buffer is invalid TCP : Socket is not connected"
8660810,"CLI : invalid CPU answer ISO : Datasize passed to send/recv buffer is invalid TCP : Can't send after Socket shutdown"
8660811,"CLI : invalid CPU answer ISO : Datasize passed to send/recv buffer is invalid TCP : Too many references:can't splice"
8660812,"CLI : invalid CPU answer ISO : Datasize passed to send/recv buffer is invalid TCP : Connection timed out"
8660813,"CLI : invalid CPU answer ISO : Datasize passed to send/recv buffer is invalid TCP : Connection refused"
8660814,"CLI : invalid CPU answer ISO : Datasize passed to send/recv buffer is invalid TCP : Too many levels of symbolic links"
8660815,"CLI : invalid CPU answer ISO : Datasize passed to send/recv buffer is invalid TCP : File name is too long"
8660816,"CLI : invalid CPU answer ISO : Datasize passed to send/recv buffer is invalid TCP : Host is down"
8660817,"CLI : invalid CPU answer ISO : Datasize passed to send/recv buffer is invalid TCP : Unreachable peer"
8660818,"CLI : invalid CPU answer ISO : Datasize passed to send/recv buffer is invalid TCP : Directory is not empty"
8660819,"CLI : invalid CPU answer ISO : Datasize passed to send/recv buffer is invalid TCP : Too many processes"
8660820,"CLI : invalid CPU answer ISO : Datasize passed to send/recv buffer is invalid TCP : Too many users"
8660821,"CLI : invalid CPU answer ISO : Datasize passed to send/recv buffer is invalid TCP : Disk quota exceeded"
8660822,"CLI : invalid CPU answer ISO : Datasize passed to send/recv buffer is invalid TCP : Stale NFS file handle"
8660823,"CLI : invalid CPU answer ISO : Datasize passed to send/recv buffer is invalid TCP : Too many levels of remote in path"
8660843,"CLI : invalid CPU answer ISO : Datasize passed to send/recv buffer is invalid TCP : Network subsystem is unusable"
8660844,"CLI : invalid CPU answer ISO : Datasize passed to send/recv buffer is invalid TCP : Winsock DLL cannot support this application"
8660845,"CLI : invalid CPU answer ISO : Datasize passed to send/recv buffer is invalid TCP : Winsock not initialized"
8660853,"CLI : invalid CPU answer ISO : Datasize passed to send/recv buffer is invalid TCP : Disconnect"
8661753,"CLI : invalid CPU answer ISO : Datasize passed to send/recv buffer is invalid TCP : Host not found"
8661754,"CLI : invalid CPU answer ISO : Datasize passed to send/recv buffer is invalid TCP : Non authoritative - host not found"
8661755,"CLI : invalid CPU answer ISO : Datasize passed to send/recv buffer is invalid TCP : Non recoverable error"
8661756,"CLI : invalid CPU answer ISO : Datasize passed to send/recv buffer is invalid TCP : Valid name, no data record of requested type"
8662753,"CLI : invalid CPU answer ISO : Datasize passed to send/recv buffer is invalid TCP : Invalid address"
8716288,"CLI : invalid CPU answer ISO : Null passed as pointer"
8726292,"CLI : invalid CPU answer ISO : Null passed as pointer TCP : Interrupted system call"
8726297,"CLI : invalid CPU answer ISO : Null passed as pointer TCP : Bad file number"
8726301,"CLI : invalid CPU answer ISO : Null passed as pointer TCP : Permission denied"
8726302,"CLI : invalid CPU answer ISO : Null passed as pointer TCP : Bad address"
8726310,"CLI : invalid CPU answer ISO : Null passed as pointer TCP : Invalid argument"
8726312,"CLI : invalid CPU answer ISO : Null passed as pointer TCP : Too many open files"
8726323,"CLI : invalid CPU answer ISO : Null passed as pointer TCP : Operation would block"
8726324,"CLI : invalid CPU answer ISO : Null passed as pointer TCP : Operation now in progress"
8726325,"CLI : invalid CPU answer ISO : Null passed as pointer TCP : Operation already in progress"
8726326,"CLI : invalid CPU answer ISO : Null passed as pointer TCP : Socket operation on non socket"
8726327,"CLI : invalid CPU answer ISO : Null passed as pointer TCP : Destination address required"
8726328,"CLI : invalid CPU answer ISO : Null passed as pointer TCP : Message too long"
8726329,"CLI : invalid CPU answer ISO : Null passed as pointer TCP : Protocol wrong type for Socket"
8726330,"CLI : invalid CPU answer ISO : Null passed as pointer TCP : Protocol not available"
8726331,"CLI : invalid CPU answer ISO : Null passed as pointer TCP : Protocol not supported"
8726332,"CLI : invalid CPU answer ISO : Null passed as pointer TCP : Socket not supported"
8726333,"CLI : invalid CPU answer ISO : Null passed as pointer TCP : Operation not supported on Socket"
8726334,"CLI : invalid CPU answer ISO : Null passed as pointer TCP : Protocol family not supported"
8726335,"CLI : invalid CPU answer ISO : Null passed as pointer TCP : Address family not supported"
8726336,"CLI : invalid CPU answer ISO : Null passed as pointer TCP : Address already in use"
8726337,"CLI : invalid CPU answer ISO : Null passed as pointer TCP : Can't assign requested address"
8726338,"CLI : invalid CPU answer ISO : Null passed as pointer TCP : Network is down"
8726339,"CLI : invalid CPU answer ISO : Null passed as pointer TCP : Network is unreachable"
8726340,"CLI : invalid CPU answer ISO : Null passed as pointer TCP : Network dropped connection on reset"
8726341,"CLI : invalid CPU answer ISO : Null passed as pointer TCP : Software caused connection abort"
8726342,"CLI : invalid CPU answer ISO : Null passed as pointer TCP : Connection reset by peer"
8726343,"CLI : invalid CPU answer ISO : Null passed as pointer TCP : No Buffer space available"
8726344,"CLI : invalid CPU answer ISO : Null passed as pointer TCP : Socket is already connected"
8726345,"CLI : invalid CPU answer ISO : Null passed as pointer TCP : Socket is not connected"
8726346,"CLI : invalid CPU answer ISO : Null passed as pointer TCP : Can't send after Socket shutdown"
8726347,"CLI : invalid CPU answer ISO : Null passed as pointer TCP : Too many references:can't splice"
8726348,"CLI : invalid CPU answer ISO : Null passed as pointer TCP : Connection timed out"
8726349,"CLI : invalid CPU answer ISO : Null passed as pointer TCP : Connection refused"
8726350,"CLI : invalid CPU answer ISO : Null passed as pointer TCP : Too many levels of symbolic links"
8726351,"CLI : invalid CPU answer ISO : Null passed as pointer TCP : File name is too long"
8726352,"CLI : invalid CPU answer ISO : Null passed as pointer TCP : Host is down"
8726353,"CLI : invalid CPU answer ISO : Null passed as pointer TCP : Unreachable peer"
8726354,"CLI : invalid CPU answer ISO : Null passed as pointer TCP : Directory is not empty"
8726355,"CLI : invalid CPU answer ISO : Null passed as pointer TCP : Too many processes"
8726356,"CLI : invalid CPU answer ISO : Null passed as pointer TCP : Too many users"
8726357,"CLI : invalid CPU answer ISO : Null passed as pointer TCP : Disk quota exceeded"
8726358,"CLI : invalid CPU answer ISO : Null passed as pointer TCP : Stale NFS file handle"
8726359,"CLI : invalid CPU answer ISO : Null passed as pointer TCP : Too many levels of remote in path"
8726379,"CLI : invalid CPU answer ISO : Null passed as pointer TCP : Network subsystem is unusable"
8726380,"CLI : invalid CPU answer ISO : Null passed as pointer TCP : Winsock DLL cannot support this application"
8726381,"CLI : invalid CPU answer ISO : Null passed as pointer TCP : Winsock not initialized"
8726389,"CLI : invalid CPU answer ISO : Null passed as pointer TCP : Disconnect"
8727289,"CLI : invalid CPU answer ISO : Null passed as pointer TCP : Host not found"
8727290,"CLI : invalid CPU answer ISO : Null passed as pointer TCP : Non authoritative - host not found"
8727291,"CLI : invalid CPU answer ISO : Null passed as pointer TCP : Non recoverable error"
8727292,"CLI : invalid CPU answer ISO : Null passed as pointer TCP : Valid name, no data record of requested type"
8728289,"CLI : invalid CPU answer ISO : Null passed as pointer TCP : Invalid address"
8781824,"CLI : invalid CPU answer ISO : A short packet received"
8791828,"CLI : invalid CPU answer ISO : A short packet received TCP : Interrupted system call"
8791833,"CLI : invalid CPU answer ISO : A short packet received TCP : Bad file number"
8791837,"CLI : invalid CPU answer ISO : A short packet received TCP : Permission denied"
8791838,"CLI : invalid CPU answer ISO : A short packet received TCP : Bad address"
8791846,"CLI : invalid CPU answer ISO : A short packet received TCP : Invalid argument"
8791848,"CLI : invalid CPU answer ISO : A short packet received TCP : Too many open files"
8791859,"CLI : invalid CPU answer ISO : A short packet received TCP : Operation would block"
8791860,"CLI : invalid CPU answer ISO : A short packet received TCP : Operation now in progress"
8791861,"CLI : invalid CPU answer ISO : A short packet received TCP : Operation already in progress"
8791862,"CLI : invalid CPU answer ISO : A short packet received TCP : Socket operation on non socket"
8791863,"CLI : invalid CPU answer ISO : A short packet received TCP : Destination address required"
8791864,"CLI : invalid CPU answer ISO : A short packet received TCP : Message too long"
8791865,"CLI : invalid CPU answer ISO : A short packet received TCP : Protocol wrong type for Socket"
8791866,"CLI : invalid CPU answer ISO : A short packet received TCP : Protocol not available"
8791867,"CLI : invalid CPU answer ISO : A short packet received TCP : Protocol not supported"
8791868,"CLI : invalid CPU answer ISO : A short packet received TCP : Socket not supported"
8791869,"CLI : invalid CPU answer ISO : A short packet received TCP : Operation not supported on Socket"
8791870,"CLI : invalid CPU answer ISO : A short packet received TCP : Protocol family not supported"
8791871,"CLI : invalid CPU answer ISO : A short packet received TCP : Address family not supported"
8791872,"CLI : invalid CPU answer ISO : A short packet received TCP : Address already in use"
8791873,"CLI : invalid CPU answer ISO : A short packet received TCP : Can't assign requested address"
8791874,"CLI : invalid CPU answer ISO : A short packet received TCP : Network is down"
8791875,"CLI : invalid CPU answer ISO : A short packet received TCP : Network is unreachable"
8791876,"CLI : invalid CPU answer ISO : A short packet received TCP : Network dropped connection on reset"
8791877,"CLI : invalid CPU answer ISO : A short packet received TCP : Software caused connection abort"
8791878,"CLI : invalid CPU answer ISO : A short packet received TCP : Connection reset by peer"
8791879,"CLI : invalid CPU answer ISO : A short packet received TCP : No Buffer space available"
8791880,"CLI : invalid CPU answer ISO : A short packet received TCP : Socket is already connected"
8791881,"CLI : invalid CPU answer ISO : A short packet received TCP : Socket is not connected"
8791882,"CLI : invalid CPU answer ISO : A short packet received TCP : Can't send after Socket shutdown"
8791883,"CLI : invalid CPU answer ISO : A short packet received TCP : Too many references:can't splice"
8791884,"CLI : invalid CPU answer ISO : A short packet received TCP : Connection timed out"
8791885,"CLI : invalid CPU answer ISO : A short packet received TCP : Connection refused"
8791886,"CLI : invalid CPU answer ISO : A short packet received TCP : Too many levels of symbolic links"
8791887,"CLI : invalid CPU answer ISO : A short packet received TCP : File name is too long"
8791888,"CLI : invalid CPU answer ISO : A short packet received TCP : Host is down"
8791889,"CLI : invalid CPU answer ISO : A short packet received TCP : Unreachable peer"
8791890,"CLI : invalid CPU answer ISO : A short packet received TCP : Directory is not empty"
8791891,"CLI : invalid CPU answer ISO : A short packet received TCP : Too many processes"
8791892,"CLI : invalid CPU answer ISO : A short packet received TCP : Too many users"
8791893,"CLI : invalid CPU answer ISO : A short packet received TCP : Disk quota exceeded"
8791894,"CLI : invalid CPU answer ISO : A short packet received TCP : Stale NFS file handle"
8791895,"CLI : invalid CPU answer ISO : A short packet received TCP : Too many levels of remote in path"
8791915,"CLI : invalid CPU answer ISO : A short packet received TCP : Network subsystem is unusable"
8791916,"CLI : invalid CPU answer ISO : A short packet received TCP : Winsock DLL cannot support this application"
8791917,"CLI : invalid CPU answer ISO : A short packet received TCP : Winsock not initialized"
8791925,"CLI : invalid CPU answer ISO : A short packet received TCP : Disconnect"
8792825,"CLI : invalid CPU answer ISO : A short packet received TCP : Host not found"
8792826,"CLI : invalid CPU answer ISO : A short packet received TCP : Non authoritative - host not found"
8792827,"CLI : invalid CPU answer ISO : A short packet received TCP : Non recoverable error"
8792828,"CLI : invalid CPU answer ISO : A short packet received TCP : Valid name, no data record of requested type"
8793825,"CLI : invalid CPU answer ISO : A short packet received TCP : Invalid address"
8847360,"CLI : invalid CPU answer ISO : Too many packets without EoT flag"
8857364,"CLI : invalid CPU answer ISO : Too many packets without EoT flag TCP : Interrupted system call"
8857369,"CLI : invalid CPU answer ISO : Too many packets without EoT flag TCP : Bad file number"
8857373,"CLI : invalid CPU answer ISO : Too many packets without EoT flag TCP : Permission denied"
8857374,"CLI : invalid CPU answer ISO : Too many packets without EoT flag TCP : Bad address"
8857382,"CLI : invalid CPU answer ISO : Too many packets without EoT flag TCP : Invalid argument"
8857384,"CLI : invalid CPU answer ISO : Too many packets without EoT flag TCP : Too many open files"
8857395,"CLI : invalid CPU answer ISO : Too many packets without EoT flag TCP : Operation would block"
8857396,"CLI : invalid CPU answer ISO : Too many packets without EoT flag TCP : Operation now in progress"
8857397,"CLI : invalid CPU answer ISO : Too many packets without EoT flag TCP : Operation already in progress"
8857398,"CLI : invalid CPU answer ISO : Too many packets without EoT flag TCP : Socket operation on non socket"
8857399,"CLI : invalid CPU answer ISO : Too many packets without EoT flag TCP : Destination address required"
8857400,"CLI : invalid CPU answer ISO : Too many packets without EoT flag TCP : Message too long"
8857401,"CLI : invalid CPU answer ISO : Too many packets without EoT flag TCP : Protocol wrong type for Socket"
8857402,"CLI : invalid CPU answer ISO : Too many packets without EoT flag TCP : Protocol not available"
8857403,"CLI : invalid CPU answer ISO : Too many packets without EoT flag TCP : Protocol not supported"
8857404,"CLI : invalid CPU answer ISO : Too many packets without EoT flag TCP : Socket not supported"
8857405,"CLI : invalid CPU answer ISO : Too many packets without EoT flag TCP : Operation not supported on Socket"
8857406,"CLI : invalid CPU answer ISO : Too many packets without EoT flag TCP : Protocol family not supported"
8857407,"CLI : invalid CPU answer ISO : Too many packets without EoT flag TCP : Address family not supported"
8857408,"CLI : invalid CPU answer ISO : Too many packets without EoT flag TCP : Address already in use"
8857409,"CLI : invalid CPU answer ISO : Too many packets without EoT flag TCP : Can't assign requested address"
8857410,"CLI : invalid CPU answer ISO : Too many packets without EoT flag TCP : Network is down"
8857411,"CLI : invalid CPU answer ISO : Too many packets without EoT flag TCP : Network is unreachable"
8857412,"CLI : invalid CPU answer ISO : Too many packets without EoT flag TCP : Network dropped connection on reset"
8857413,"CLI : invalid CPU answer ISO : Too many packets without EoT flag TCP : Software caused connection abort"
8857414,"CLI : invalid CPU answer ISO : Too many packets without EoT flag TCP : Connection reset by peer"
8857415,"CLI : invalid CPU answer ISO : Too many packets without EoT flag TCP : No Buffer space available"
8857416,"CLI : invalid CPU answer ISO : Too many packets without EoT flag TCP : Socket is already connected"
8857417,"CLI : invalid CPU answer ISO : Too many packets without EoT flag TCP : Socket is not connected"
8857418,"CLI : invalid CPU answer ISO : Too many packets without EoT flag TCP : Can't send after Socket shutdown"
8857419,"CLI : invalid CPU answer ISO : Too many packets without EoT flag TCP : Too many references:can't splice"
8857420,"CLI : invalid CPU answer ISO : Too many packets without EoT flag TCP : Connection timed out"
8857421,"CLI : invalid CPU answer ISO : Too many packets without EoT flag TCP : Connection refused"
8857422,"CLI : invalid CPU answer ISO : Too many packets without EoT flag TCP : Too many levels of symbolic links"
8857423,"CLI : invalid CPU answer ISO : Too many packets without EoT flag TCP : File name is too long"
8857424,"CLI : invalid CPU answer ISO : Too many packets without EoT flag TCP : Host is down"
8857425,"CLI : invalid CPU answer ISO : Too many packets without EoT flag TCP : Unreachable peer"
8857426,"CLI : invalid CPU answer ISO : Too many packets without EoT flag TCP : Directory is not empty"
8857427,"CLI : invalid CPU answer ISO : Too many packets without EoT flag TCP : Too many processes"
8857428,"CLI : invalid CPU answer ISO : Too many packets without EoT flag TCP : Too many users"
8857429,"CLI : invalid CPU answer ISO : Too many packets without EoT flag TCP : Disk quota exceeded"
8857430,"CLI : invalid CPU answer ISO : Too many packets without EoT flag TCP : Stale NFS file handle"
8857431,"CLI : invalid CPU answer ISO : Too many packets without EoT flag TCP : Too many levels of remote in path"
8857451,"CLI : invalid CPU answer ISO : Too many packets without EoT flag TCP : Network subsystem is unusable"
8857452,"CLI : invalid CPU answer ISO : Too many packets without EoT flag TCP : Winsock DLL cannot support this application"
8857453,"CLI : invalid CPU answer ISO : Too many packets without EoT flag TCP : Winsock not initialized"
8857461,"CLI : invalid CPU answer ISO : Too many packets without EoT flag TCP : Disconnect"
8858361,"CLI : invalid CPU answer ISO : Too many packets without EoT flag TCP : Host not found"
8858362,"CLI : invalid CPU answer ISO : Too many packets without EoT flag TCP : Non authoritative - host not found"
8858363,"CLI : invalid CPU answer ISO : Too many packets without EoT flag TCP : Non recoverable error"
8858364,"CLI : invalid CPU answer ISO : Too many packets without EoT flag TCP : Valid name, no data record of requested type"
8859361,"CLI : invalid CPU answer ISO : Too many packets without EoT flag TCP : Invalid address"
8912896,"CLI : invalid CPU answer ISO : The sum of fragments data exceded maximum packet size"
8922900,"CLI : invalid CPU answer ISO : The sum of fragments data exceded maximum packet size TCP : Interrupted system call"
8922905,"CLI : invalid CPU answer ISO : The sum of fragments data exceded maximum packet size TCP : Bad file number"
8922909,"CLI : invalid CPU answer ISO : The sum of fragments data exceded maximum packet size TCP : Permission denied"
8922910,"CLI : invalid CPU answer ISO : The sum of fragments data exceded maximum packet size TCP : Bad address"
8922918,"CLI : invalid CPU answer ISO : The sum of fragments data exceded maximum packet size TCP : Invalid argument"
8922920,"CLI : invalid CPU answer ISO : The sum of fragments data exceded maximum packet size TCP : Too many open files"
8922931,"CLI : invalid CPU answer ISO : The sum of fragments data exceded maximum packet size TCP : Operation would block"
8922932,"CLI : invalid CPU answer ISO : The sum of fragments data exceded maximum packet size TCP : Operation now in progress"
8922933,"CLI : invalid CPU answer ISO : The sum of fragments data exceded maximum packet size TCP : Operation already in progress"
8922934,"CLI : invalid CPU answer ISO : The sum of fragments data exceded maximum packet size TCP : Socket operation on non socket"
8922935,"CLI : invalid CPU answer ISO : The sum of fragments data exceded maximum packet size TCP : Destination address required"
8922936,"CLI : invalid CPU answer ISO : The sum of fragments data exceded maximum packet size TCP : Message too long"
8922937,"CLI : invalid CPU answer ISO : The sum of fragments data exceded maximum packet size TCP : Protocol wrong type for Socket"
8922938,"CLI : invalid CPU answer ISO : The sum of fragments data exceded maximum packet size TCP : Protocol not available"
8922939,"CLI : invalid CPU answer ISO : The sum of fragments data exceded maximum packet size TCP : Protocol not supported"
8922940,"CLI : invalid CPU answer ISO : The sum of fragments data exceded maximum packet size TCP : Socket not supported"
8922941,"CLI : invalid CPU answer ISO : The sum of fragments data exceded maximum packet size TCP : Operation not supported on Socket"
8922942,"CLI : invalid CPU answer ISO : The sum of fragments data exceded maximum packet size TCP : Protocol family not supported"
8922943,"CLI : invalid CPU answer ISO : The sum of fragments data exceded maximum packet size TCP : Address family not supported"
8922944,"CLI : invalid CPU answer ISO : The sum of fragments data exceded maximum packet size TCP : Address already in use"
8922945,"CLI : invalid CPU answer ISO : The sum of fragments data exceded maximum packet size TCP : Can't assign requested address"
8922946,"CLI : invalid CPU answer ISO : The sum of fragments data exceded maximum packet size TCP : Network is down"
8922947,"CLI : invalid CPU answer ISO : The sum of fragments data exceded maximum packet size TCP : Network is unreachable"
8922948,"CLI : invalid CPU answer ISO : The sum of fragments data exceded maximum packet size TCP : Network dropped connection on reset"
8922949,"CLI : invalid CPU answer ISO : The sum of fragments data exceded maximum packet size TCP : Software caused connection abort"
8922950,"CLI : invalid CPU answer ISO : The sum of fragments data exceded maximum packet size TCP : Connection reset by peer"
8922951,"CLI : invalid CPU answer ISO : The sum of fragments data exceded maximum packet size TCP : No Buffer space available"
8922952,"CLI : invalid CPU answer ISO : The sum of fragments data exceded maximum packet size TCP : Socket is already connected"
8922953,"CLI : invalid CPU answer ISO : The sum of fragments data exceded maximum packet size TCP : Socket is not connected"
8922954,"CLI : invalid CPU answer ISO : The sum of fragments data exceded maximum packet size TCP : Can't send after Socket shutdown"
8922955,"CLI : invalid CPU answer ISO : The sum of fragments data exceded maximum packet size TCP : Too many references:can't splice"
8922956,"CLI : invalid CPU answer ISO : The sum of fragments data exceded maximum packet size TCP : Connection timed out"
8922957,"CLI : invalid CPU answer ISO : The sum of fragments data exceded maximum packet size TCP : Connection refused"
8922958,"CLI : invalid CPU answer ISO : The sum of fragments data exceded maximum packet size TCP : Too many levels of symbolic links"
8922959,"CLI : invalid CPU answer ISO : The sum of fragments data exceded maximum packet size TCP : File name is too long"
8922960,"CLI : invalid CPU answer ISO : The sum of fragments data exceded maximum packet size TCP : Host is down"
8922961,"CLI : invalid CPU answer ISO : The sum of fragments data exceded maximum packet size TCP : Unreachable peer"
8922962,"CLI : invalid CPU answer ISO : The sum of fragments data exceded maximum packet size TCP : Directory is not empty"
8922963,"CLI : invalid CPU answer ISO : The sum of fragments data exceded maximum packet size TCP : Too many processes"
8922964,"CLI : invalid CPU answer ISO : The sum of fragments data exceded maximum packet size TCP : Too many users"
8922965,"CLI : invalid CPU answer ISO : The sum of fragments data exceded maximum packet size TCP : Disk quota exceeded"
8922966,"CLI : invalid CPU answer ISO : The sum of fragments data exceded maximum packet size TCP : Stale NFS file handle"
8922967,"CLI : invalid CPU answer ISO : The sum of fragments data exceded maximum packet size TCP : Too many levels of remote in path"
8922987,"CLI : invalid CPU answer ISO : The sum of fragments data exceded maximum packet size TCP : Network subsystem is unusable"
8922988,"CLI : invalid CPU answer ISO : The sum of fragments data exceded maximum packet size TCP : Winsock DLL cannot support this application"
8922989,"CLI : invalid CPU answer ISO : The sum of fragments data exceded maximum packet size TCP : Winsock not initialized"
8922997,"CLI : invalid CPU answer ISO : The sum of fragments data exceded maximum packet size TCP : Disconnect"
8923897,"CLI : invalid CPU answer ISO : The sum of fragments data exceded maximum packet size TCP : Host not found"
8923898,"CLI : invalid CPU answer ISO : The sum of fragments data exceded maximum packet size TCP : Non authoritative - host not found"
8923899,"CLI : invalid CPU answer ISO : The sum of fragments data exceded maximum packet size TCP : Non recoverable error"
8923900,"CLI : invalid CPU answer ISO : The sum of fragments data exceded maximum packet size TCP : Valid name, no data record of requested type"
8924897,"CLI : invalid CPU answer ISO : The sum of fragments data exceded maximum packet size TCP : Invalid address"
8978432,"CLI : invalid CPU answer ISO : An error occurred during send"
8988436,"CLI : invalid CPU answer ISO : An error occurred during send TCP : Interrupted system call"
8988441,"CLI : invalid CPU answer ISO : An error occurred during send TCP : Bad file number"
8988445,"CLI : invalid CPU answer ISO : An error occurred during send TCP : Permission denied"
8988446,"CLI : invalid CPU answer ISO : An error occurred during send TCP : Bad address"
8988454,"CLI : invalid CPU answer ISO : An error occurred during send TCP : Invalid argument"
8988456,"CLI : invalid CPU answer ISO : An error occurred during send TCP : Too many open files"
8988467,"CLI : invalid CPU answer ISO : An error occurred during send TCP : Operation would block"
8988468,"CLI : invalid CPU answer ISO : An error occurred during send TCP : Operation now in progress"
8988469,"CLI : invalid CPU answer ISO : An error occurred during send TCP : Operation already in progress"
8988470,"CLI : invalid CPU answer ISO : An error occurred during send TCP : Socket operation on non socket"
8988471,"CLI : invalid CPU answer ISO : An error occurred during send TCP : Destination address required"
8988472,"CLI : invalid CPU answer ISO : An error occurred during send TCP : Message too long"
8988473,"CLI : invalid CPU answer ISO : An error occurred during send TCP : Protocol wrong type for Socket"
8988474,"CLI : invalid CPU answer ISO : An error occurred during send TCP : Protocol not available"
8988475,"CLI : invalid CPU answer ISO : An error occurred during send TCP : Protocol not supported"
8988476,"CLI : invalid CPU answer ISO : An error occurred during send TCP : Socket not supported"
8988477,"CLI : invalid CPU answer ISO : An error occurred during send TCP : Operation not supported on Socket"
8988478,"CLI : invalid CPU answer ISO : An error occurred during send TCP : Protocol family not supported"
8988479,"CLI : invalid CPU answer ISO : An error occurred during send TCP : Address family not supported"
8988480,"CLI : invalid CPU answer ISO : An error occurred during send TCP : Address already in use"
8988481,"CLI : invalid CPU answer ISO : An error occurred during send TCP : Can't assign requested address"
8988482,"CLI : invalid CPU answer ISO : An error occurred during send TCP : Network is down"
8988483,"CLI : invalid CPU answer ISO : An error occurred during send TCP : Network is unreachable"
8988484,"CLI : invalid CPU answer ISO : An error occurred during send TCP : Network dropped connection on reset"
8988485,"CLI : invalid CPU answer ISO : An error occurred during send TCP : Software caused connection abort"
8988486,"CLI : invalid CPU answer ISO : An error occurred during send TCP : Connection reset by peer"
8988487,"CLI : invalid CPU answer ISO : An error occurred during send TCP : No Buffer space available"
8988488,"CLI : invalid CPU answer ISO : An error occurred during send TCP : Socket is already connected"
8988489,"CLI : invalid CPU answer ISO : An error occurred during send TCP : Socket is not connected"
8988490,"CLI : invalid CPU answer ISO : An error occurred during send TCP : Can't send after Socket shutdown"
8988491,"CLI : invalid CPU answer ISO : An error occurred during send TCP : Too many references:can't splice"
8988492,"CLI : invalid CPU answer ISO : An error occurred during send TCP : Connection timed out"
8988493,"CLI : invalid CPU answer ISO : An error occurred during send TCP : Connection refused"
8988494,"CLI : invalid CPU answer ISO : An error occurred during send TCP : Too many levels of symbolic links"
8988495,"CLI : invalid CPU answer ISO : An error occurred during send TCP : File name is too long"
8988496,"CLI : invalid CPU answer ISO : An error occurred during send TCP : Host is down"
8988497,"CLI : invalid CPU answer ISO : An error occurred during send TCP : Unreachable peer"
8988498,"CLI : invalid CPU answer ISO : An error occurred during send TCP : Directory is not empty"
8988499,"CLI : invalid CPU answer ISO : An error occurred during send TCP : Too many processes"
8988500,"CLI : invalid CPU answer ISO : An error occurred during send TCP : Too many users"
8988501,"CLI : invalid CPU answer ISO : An error occurred during send TCP : Disk quota exceeded"
8988502,"CLI : invalid CPU answer ISO : An error occurred during send TCP : Stale NFS file handle"
8988503,"CLI : invalid CPU answer ISO : An error occurred during send TCP : Too many levels of remote in path"
8988523,"CLI : invalid CPU answer ISO : An error occurred during send TCP : Network subsystem is unusable"
8988524,"CLI : invalid CPU answer ISO : An error occurred during send TCP : Winsock DLL cannot support this application"
8988525,"CLI : invalid CPU answer ISO : An error occurred during send TCP : Winsock not initialized"
8988533,"CLI : invalid CPU answer ISO : An error occurred during send TCP : Disconnect"
8989433,"CLI : invalid CPU answer ISO : An error occurred during send TCP : Host not found"
8989434,"CLI : invalid CPU answer ISO : An error occurred during send TCP : Non authoritative - host not found"
8989435,"CLI : invalid CPU answer ISO : An error occurred during send TCP : Non recoverable error"
8989436,"CLI : invalid CPU answer ISO : An error occurred during send TCP : Valid name, no data record of requested type"
8990433,"CLI : invalid CPU answer ISO : An error occurred during send TCP : Invalid address"
9043968,"CLI : invalid CPU answer ISO : An error occurred during recv"
9053972,"CLI : invalid CPU answer ISO : An error occurred during recv TCP : Interrupted system call"
9053977,"CLI : invalid CPU answer ISO : An error occurred during recv TCP : Bad file number"
9053981,"CLI : invalid CPU answer ISO : An error occurred during recv TCP : Permission denied"
9053982,"CLI : invalid CPU answer ISO : An error occurred during recv TCP : Bad address"
9053990,"CLI : invalid CPU answer ISO : An error occurred during recv TCP : Invalid argument"
9053992,"CLI : invalid CPU answer ISO : An error occurred during recv TCP : Too many open files"
9054003,"CLI : invalid CPU answer ISO : An error occurred during recv TCP : Operation would block"
9054004,"CLI : invalid CPU answer ISO : An error occurred during recv TCP : Operation now in progress"
9054005,"CLI : invalid CPU answer ISO : An error occurred during recv TCP : Operation already in progress"
9054006,"CLI : invalid CPU answer ISO : An error occurred during recv TCP : Socket operation on non socket"
9054007,"CLI : invalid CPU answer ISO : An error occurred during recv TCP : Destination address required"
9054008,"CLI : invalid CPU answer ISO : An error occurred during recv TCP : Message too long"
9054009,"CLI : invalid CPU answer ISO : An error occurred during recv TCP : Protocol wrong type for Socket"
9054010,"CLI : invalid CPU answer ISO : An error occurred during recv TCP : Protocol not available"
9054011,"CLI : invalid CPU answer ISO : An error occurred during recv TCP : Protocol not supported"
9054012,"CLI : invalid CPU answer ISO : An error occurred during recv TCP : Socket not supported"
9054013,"CLI : invalid CPU answer ISO : An error occurred during recv TCP : Operation not supported on Socket"
9054014,"CLI : invalid CPU answer ISO : An error occurred during recv TCP : Protocol family not supported"
9054015,"CLI : invalid CPU answer ISO : An error occurred during recv TCP : Address family not supported"
9054016,"CLI : invalid CPU answer ISO : An error occurred during recv TCP : Address already in use"
9054017,"CLI : invalid CPU answer ISO : An error occurred during recv TCP : Can't assign requested address"
9054018,"CLI : invalid CPU answer ISO : An error occurred during recv TCP : Network is down"
9054019,"CLI : invalid CPU answer ISO : An error occurred during recv TCP : Network is unreachable"
9054020,"CLI : invalid CPU answer ISO : An error occurred during recv TCP : Network dropped connection on reset"
9054021,"CLI : invalid CPU answer ISO : An error occurred during recv TCP : Software caused connection abort"
9054022,"CLI : invalid CPU answer ISO : An error occurred during recv TCP : Connection reset by peer"
9054023,"CLI : invalid CPU answer ISO : An error occurred during recv TCP : No Buffer space available"
9054024,"CLI : invalid CPU answer ISO : An error occurred during recv TCP : Socket is already connected"
9054025,"CLI : invalid CPU answer ISO : An error occurred during recv TCP : Socket is not connected"
9054026,"CLI : invalid CPU answer ISO : An error occurred during recv TCP : Can't send after Socket shutdown"
9054027,"CLI : invalid CPU answer ISO : An error occurred during recv TCP : Too many references:can't splice"
9054028,"CLI : invalid CPU answer ISO : An error occurred during recv TCP : Connection timed out"
9054029,"CLI : invalid CPU answer ISO : An error occurred during recv TCP : Connection refused"
9054030,"CLI : invalid CPU answer ISO : An error occurred during recv TCP : Too many levels of symbolic links"
9054031,"CLI : invalid CPU answer ISO : An error occurred during recv TCP : File name is too long"
9054032,"CLI : invalid CPU answer ISO : An error occurred during recv TCP : Host is down"
9054033,"CLI : invalid CPU answer ISO : An error occurred during recv TCP : Unreachable peer"
9054034,"CLI : invalid CPU answer ISO : An error occurred during recv TCP : Directory is not empty"
9054035,"CLI : invalid CPU answer ISO : An error occurred during recv TCP : Too many processes"
9054036,"CLI : invalid CPU answer ISO : An error occurred during recv TCP : Too many users"
9054037,"CLI : invalid CPU answer ISO : An error occurred during recv TCP : Disk quota exceeded"
9054038,"CLI : invalid CPU answer ISO : An error occurred during recv TCP : Stale NFS file handle"
9054039,"CLI : invalid CPU answer ISO : An error occurred during recv TCP : Too many levels of remote in path"
9054059,"CLI : invalid CPU answer ISO : An error occurred during recv TCP : Network subsystem is unusable"
9054060,"CLI : invalid CPU answer ISO : An error occurred during recv TCP : Winsock DLL cannot support this application"
9054061,"CLI : invalid CPU answer ISO : An error occurred during recv TCP : Winsock not initialized"
9054069,"CLI : invalid CPU answer ISO : An error occurred during recv TCP : Disconnect"
9054969,"CLI : invalid CPU answer ISO : An error occurred during recv TCP : Host not found"
9054970,"CLI : invalid CPU answer ISO : An error occurred during recv TCP : Non authoritative - host not found"
9054971,"CLI : invalid CPU answer ISO : An error occurred during recv TCP : Non recoverable error"
9054972,"CLI : invalid CPU answer ISO : An error occurred during recv TCP : Valid name, no data record of requested type"
9055969,"CLI : invalid CPU answer ISO : An error occurred during recv TCP : Invalid address"
9109504,"CLI : invalid CPU answer ISO : Invalid connection params (wrong TSAPs)"
9119508,"CLI : invalid CPU answer ISO : Invalid connection params (wrong TSAPs) TCP : Interrupted system call"
9119513,"CLI : invalid CPU answer ISO : Invalid connection params (wrong TSAPs) TCP : Bad file number"
9119517,"CLI : invalid CPU answer ISO : Invalid connection params (wrong TSAPs) TCP : Permission denied"
9119518,"CLI : invalid CPU answer ISO : Invalid connection params (wrong TSAPs) TCP : Bad address"
9119526,"CLI : invalid CPU answer ISO : Invalid connection params (wrong TSAPs) TCP : Invalid argument"
9119528,"CLI : invalid CPU answer ISO : Invalid connection params (wrong TSAPs) TCP : Too many open files"
9119539,"CLI : invalid CPU answer ISO : Invalid connection params (wrong TSAPs) TCP : Operation would block"
9119540,"CLI : invalid CPU answer ISO : Invalid connection params (wrong TSAPs) TCP : Operation now in progress"
9119541,"CLI : invalid CPU answer ISO : Invalid connection params (wrong TSAPs) TCP : Operation already in progress"
9119542,"CLI : invalid CPU answer ISO : Invalid connection params (wrong TSAPs) TCP : Socket operation on non socket"
9119543,"CLI : invalid CPU answer ISO : Invalid connection params (wrong TSAPs) TCP : Destination address required"
9119544,"CLI : invalid CPU answer ISO : Invalid connection params (wrong TSAPs) TCP : Message too long"
9119545,"CLI : invalid CPU answer ISO : Invalid connection params (wrong TSAPs) TCP : Protocol wrong type for Socket"
9119546,"CLI : invalid CPU answer ISO : Invalid connection params (wrong TSAPs) TCP : Protocol not available"
9119547,"CLI : invalid CPU answer ISO : Invalid connection params (wrong TSAPs) TCP : Protocol not supported"
9119548,"CLI : invalid CPU answer ISO : Invalid connection params (wrong TSAPs) TCP : Socket not supported"
9119549,"CLI : invalid CPU answer ISO : Invalid connection params (wrong TSAPs) TCP : Operation not supported on Socket"
9119550,"CLI : invalid CPU answer ISO : Invalid connection params (wrong TSAPs) TCP : Protocol family not supported"
9119551,"CLI : invalid CPU answer ISO : Invalid connection params (wrong TSAPs) TCP : Address family not supported"
9119552,"CLI : invalid CPU answer ISO : Invalid connection params (wrong TSAPs) TCP : Address already in use"
9119553,"CLI : invalid CPU answer ISO : Invalid connection params (wrong TSAPs) TCP : Can't assign requested address"
9119554,"CLI : invalid CPU answer ISO : Invalid connection params (wrong TSAPs) TCP : Network is down"
9119555,"CLI : invalid CPU answer ISO : Invalid connection params (wrong TSAPs) TCP : Network is unreachable"
9119556,"CLI : invalid CPU answer ISO : Invalid connection params (wrong TSAPs) TCP : Network dropped connection on reset"
9119557,"CLI : invalid CPU answer ISO : Invalid connection params (wrong TSAPs) TCP : Software caused connection abort"
9119558,"CLI : invalid CPU answer ISO : Invalid connection params (wrong TSAPs) TCP : Connection reset by peer"
9119559,"CLI : invalid CPU answer ISO : Invalid connection params (wrong TSAPs) TCP : No Buffer space available"
9119560,"CLI : invalid CPU answer ISO : Invalid connection params (wrong TSAPs) TCP : Socket is already connected"
9119561,"CLI : invalid CPU answer ISO : Invalid connection params (wrong TSAPs) TCP : Socket is not connected"
9119562,"CLI : invalid CPU answer ISO : Invalid connection params (wrong TSAPs) TCP : Can't send after Socket shutdown"
9119563,"CLI : invalid CPU answer ISO : Invalid connection params (wrong TSAPs) TCP : Too many references:can't splice"
9119564,"CLI : invalid CPU answer ISO : Invalid connection params (wrong TSAPs) TCP : Connection timed out"
9119565,"CLI : invalid CPU answer ISO : Invalid connection params (wrong TSAPs) TCP : Connection refused"
9119566,"CLI : invalid CPU answer ISO : Invalid connection params (wrong TSAPs) TCP : Too many levels of symbolic links"
9119567,"CLI : invalid CPU answer ISO : Invalid connection params (wrong TSAPs) TCP : File name is too long"
9119568,"CLI : invalid CPU answer ISO : Invalid connection params (wrong TSAPs) TCP : Host is down"
9119569,"CLI : invalid CPU answer ISO : Invalid connection params (wrong TSAPs) TCP : Unreachable peer"
9119570,"CLI : invalid CPU answer ISO : Invalid connection params (wrong TSAPs) TCP : Directory is not empty"
9119571,"CLI : invalid CPU answer ISO : Invalid connection params (wrong TSAPs) TCP : Too many processes"
9119572,"CLI : invalid CPU answer ISO : Invalid connection params (wrong TSAPs) TCP : Too many users"
9119573,"CLI : invalid CPU answer ISO : Invalid connection params (wrong TSAPs) TCP : Disk quota exceeded"
9119574,"CLI : invalid CPU answer ISO : Invalid connection params (wrong TSAPs) TCP : Stale NFS file handle"
9119575,"CLI : invalid CPU answer ISO : Invalid connection params (wrong TSAPs) TCP : Too many levels of remote in path"
9119595,"CLI : invalid CPU answer ISO : Invalid connection params (wrong TSAPs) TCP : Network subsystem is unusable"
9119596,"CLI : invalid CPU answer ISO : Invalid connection params (wrong TSAPs) TCP : Winsock DLL cannot support this application"
9119597,"CLI : invalid CPU answer ISO : Invalid connection params (wrong TSAPs) TCP : Winsock not initialized"
9119605,"CLI : invalid CPU answer ISO : Invalid connection params (wrong TSAPs) TCP : Disconnect"
9120505,"CLI : invalid CPU answer ISO : Invalid connection params (wrong TSAPs) TCP : Host not found"
9120506,"CLI : invalid CPU answer ISO : Invalid connection params (wrong TSAPs) TCP : Non authoritative - host not found"
9120507,"CLI : invalid CPU answer ISO : Invalid connection params (wrong TSAPs) TCP : Non recoverable error"
9120508,"CLI : invalid CPU answer ISO : Invalid connection params (wrong TSAPs) TCP : Valid name, no data record of requested type"
9121505,"CLI : invalid CPU answer ISO : Invalid connection params (wrong TSAPs) TCP : Invalid address"
9175040,"CLI : invalid CPU answer ISO : Unknown error (0x000c0000)"
9185044,"CLI : invalid CPU answer ISO : Unknown error (0x000c0000) TCP : Interrupted system call"
9185049,"CLI : invalid CPU answer ISO : Unknown error (0x000c0000) TCP : Bad file number"
9185053,"CLI : invalid CPU answer ISO : Unknown error (0x000c0000) TCP : Permission denied"
9185054,"CLI : invalid CPU answer ISO : Unknown error (0x000c0000) TCP : Bad address"
9185062,"CLI : invalid CPU answer ISO : Unknown error (0x000c0000) TCP : Invalid argument"
9185064,"CLI : invalid CPU answer ISO : Unknown error (0x000c0000) TCP : Too many open files"
9185075,"CLI : invalid CPU answer ISO : Unknown error (0x000c0000) TCP : Operation would block"
9185076,"CLI : invalid CPU answer ISO : Unknown error (0x000c0000) TCP : Operation now in progress"
9185077,"CLI : invalid CPU answer ISO : Unknown error (0x000c0000) TCP : Operation already in progress"
9185078,"CLI : invalid CPU answer ISO : Unknown error (0x000c0000) TCP : Socket operation on non socket"
9185079,"CLI : invalid CPU answer ISO : Unknown error (0x000c0000) TCP : Destination address required"
9185080,"CLI : invalid CPU answer ISO : Unknown error (0x000c0000) TCP : Message too long"
9185081,"CLI : invalid CPU answer ISO : Unknown error (0x000c0000) TCP : Protocol wrong type for Socket"
9185082,"CLI : invalid CPU answer ISO : Unknown error (0x000c0000) TCP : Protocol not available"
9185083,"CLI : invalid CPU answer ISO : Unknown error (0x000c0000) TCP : Protocol not supported"
9185084,"CLI : invalid CPU answer ISO : Unknown error (0x000c0000) TCP : Socket not supported"
9185085,"CLI : invalid CPU answer ISO : Unknown error (0x000c0000) TCP : Operation not supported on Socket"
9185086,"CLI : invalid CPU answer ISO : Unknown error (0x000c0000) TCP : Protocol family not supported"
9185087,"CLI : invalid CPU answer ISO : Unknown error (0x000c0000) TCP : Address family not supported"
9185088,"CLI : invalid CPU answer ISO : Unknown error (0x000c0000) TCP : Address already in use"
9185089,"CLI : invalid CPU answer ISO : Unknown error (0x000c0000) TCP : Can't assign requested address"
9185090,"CLI : invalid CPU answer ISO : Unknown error (0x000c0000) TCP : Network is down"
9185091,"CLI : invalid CPU answer ISO : Unknown error (0x000c0000) TCP : Network is unreachable"
9185092,"CLI : invalid CPU answer ISO : Unknown error (0x000c0000) TCP : Network dropped connection on reset"
9185093,"CLI : invalid CPU answer ISO : Unknown error (0x000c0000) TCP : Software caused connection abort"
9185094,"CLI : invalid CPU answer ISO : Unknown error (0x000c0000) TCP : Connection reset by peer"
9185095,"CLI : invalid CPU answer ISO : Unknown error (0x000c0000) TCP : No Buffer space available"
9185096,"CLI : invalid CPU answer ISO : Unknown error (0x000c0000) TCP : Socket is already connected"
9185097,"CLI : invalid CPU answer ISO : Unknown error (0x000c0000) TCP : Socket is not connected"
9185098,"CLI : invalid CPU answer ISO : Unknown error (0x000c0000) TCP : Can't send after Socket shutdown"
9185099,"CLI : invalid CPU answer ISO : Unknown error (0x000c0000) TCP : Too many references:can't splice"
9185100,"CLI : invalid CPU answer ISO : Unknown error (0x000c0000) TCP : Connection timed out"
9185101,"CLI : invalid CPU answer ISO : Unknown error (0x000c0000) TCP : Connection refused"
9185102,"CLI : invalid CPU answer ISO : Unknown error (0x000c0000) TCP : Too many levels of symbolic links"
9185103,"CLI : invalid CPU answer ISO : Unknown error (0x000c0000) TCP : File name is too long"
9185104,"CLI : invalid CPU answer ISO : Unknown error (0x000c0000) TCP : Host is down"
9185105,"CLI : invalid CPU answer ISO : Unknown error (0x000c0000) TCP : Unreachable peer"
9185106,"CLI : invalid CPU answer ISO : Unknown error (0x000c0000) TCP : Directory is not empty"
9185107,"CLI : invalid CPU answer ISO : Unknown error (0x000c0000) TCP : Too many processes"
9185108,"CLI : invalid CPU answer ISO : Unknown error (0x000c0000) TCP : Too many users"
9185109,"CLI : invalid CPU answer ISO : Unknown error (0x000c0000) TCP : Disk quota exceeded"
9185110,"CLI : invalid CPU answer ISO : Unknown error (0x000c0000) TCP : Stale NFS file handle"
9185111,"CLI : invalid CPU answer ISO : Unknown error (0x000c0000) TCP : Too many levels of remote in path"
9185131,"CLI : invalid CPU answer ISO : Unknown error (0x000c0000) TCP : Network subsystem is unusable"
9185132,"CLI : invalid CPU answer ISO : Unknown error (0x000c0000) TCP : Winsock DLL cannot support this application"
9185133,"CLI : invalid CPU answer ISO : Unknown error (0x000c0000) TCP : Winsock not initialized"
9185141,"CLI : invalid CPU answer ISO : Unknown error (0x000c0000) TCP : Disconnect"
9186041,"CLI : invalid CPU answer ISO : Unknown error (0x000c0000) TCP : Host not found"
9186042,"CLI : invalid CPU answer ISO : Unknown error (0x000c0000) TCP : Non authoritative - host not found"
9186043,"CLI : invalid CPU answer ISO : Unknown error (0x000c0000) TCP : Non recoverable error"
9186044,"CLI : invalid CPU answer ISO : Unknown error (0x000c0000) TCP : Valid name, no data record of requested type"
9187041,"CLI : invalid CPU answer ISO : Unknown error (0x000c0000) TCP : Invalid address"
9240576,"CLI : invalid CPU answer ISO : Unknown error (0x000d0000)"
9250580,"CLI : invalid CPU answer ISO : Unknown error (0x000d0000) TCP : Interrupted system call"
9250585,"CLI : invalid CPU answer ISO : Unknown error (0x000d0000) TCP : Bad file number"
9250589,"CLI : invalid CPU answer ISO : Unknown error (0x000d0000) TCP : Permission denied"
9250590,"CLI : invalid CPU answer ISO : Unknown error (0x000d0000) TCP : Bad address"
9250598,"CLI : invalid CPU answer ISO : Unknown error (0x000d0000) TCP : Invalid argument"
9250600,"CLI : invalid CPU answer ISO : Unknown error (0x000d0000) TCP : Too many open files"
9250611,"CLI : invalid CPU answer ISO : Unknown error (0x000d0000) TCP : Operation would block"
9250612,"CLI : invalid CPU answer ISO : Unknown error (0x000d0000) TCP : Operation now in progress"
9250613,"CLI : invalid CPU answer ISO : Unknown error (0x000d0000) TCP : Operation already in progress"
9250614,"CLI : invalid CPU answer ISO : Unknown error (0x000d0000) TCP : Socket operation on non socket"
9250615,"CLI : invalid CPU answer ISO : Unknown error (0x000d0000) TCP : Destination address required"
9250616,"CLI : invalid CPU answer ISO : Unknown error (0x000d0000) TCP : Message too long"
9250617,"CLI : invalid CPU answer ISO : Unknown error (0x000d0000) TCP : Protocol wrong type for Socket"
9250618,"CLI : invalid CPU answer ISO : Unknown error (0x000d0000) TCP : Protocol not available"
9250619,"CLI : invalid CPU answer ISO : Unknown error (0x000d0000) TCP : Protocol not supported"
9250620,"CLI : invalid CPU answer ISO : Unknown error (0x000d0000) TCP : Socket not supported"
9250621,"CLI : invalid CPU answer ISO : Unknown error (0x000d0000) TCP : Operation not supported on Socket"
9250622,"CLI : invalid CPU answer ISO : Unknown error (0x000d0000) TCP : Protocol family not supported"
9250623,"CLI : invalid CPU answer ISO : Unknown error (0x000d0000) TCP : Address family not supported"
9250624,"CLI : invalid CPU answer ISO : Unknown error (0x000d0000) TCP : Address already in use"
9250625,"CLI : invalid CPU answer ISO : Unknown error (0x000d0000) TCP : Can't assign requested address"
9250626,"CLI : invalid CPU answer ISO : Unknown error (0x000d0000) TCP : Network is down"
9250627,"CLI : invalid CPU answer ISO : Unknown error (0x000d0000) TCP : Network is unreachable"
9250628,"CLI : invalid CPU answer ISO : Unknown error (0x000d0000) TCP : Network dropped connection on reset"
9250629,"CLI : invalid CPU answer ISO : Unknown error (0x000d0000) TCP : Software caused connection abort"
9250630,"CLI : invalid CPU answer ISO : Unknown error (0x000d0000) TCP : Connection reset by peer"
9250631,"CLI : invalid CPU answer ISO : Unknown error (0x000d0000) TCP : No Buffer space available"
9250632,"CLI : invalid CPU answer ISO : Unknown error (0x000d0000) TCP : Socket is already connected"
9250633,"CLI : invalid CPU answer ISO : Unknown error (0x000d0000) TCP : Socket is not connected"
9250634,"CLI : invalid CPU answer ISO : Unknown error (0x000d0000) TCP : Can't send after Socket shutdown"
9250635,"CLI : invalid CPU answer ISO : Unknown error (0x000d0000) TCP : Too many references:can't splice"
9250636,"CLI : invalid CPU answer ISO : Unknown error (0x000d0000) TCP : Connection timed out"
9250637,"CLI : invalid CPU answer ISO : Unknown error (0x000d0000) TCP : Connection refused"
9250638,"CLI : invalid CPU answer ISO : Unknown error (0x000d0000) TCP : Too many levels of symbolic links"
9250639,"CLI : invalid CPU answer ISO : Unknown error (0x000d0000) TCP : File name is too long"
9250640,"CLI : invalid CPU answer ISO : Unknown error (0x000d0000) TCP : Host is down"
9250641,"CLI : invalid CPU answer ISO : Unknown error (0x000d0000) TCP : Unreachable peer"
9250642,"CLI : invalid CPU answer ISO : Unknown error (0x000d0000) TCP : Directory is not empty"
9250643,"CLI : invalid CPU answer ISO : Unknown error (0x000d0000) TCP : Too many processes"
9250644,"CLI : invalid CPU answer ISO : Unknown error (0x000d0000) TCP : Too many users"
9250645,"CLI : invalid CPU answer ISO : Unknown error (0x000d0000) TCP : Disk quota exceeded"
9250646,"CLI : invalid CPU answer ISO : Unknown error (0x000d0000) TCP : Stale NFS file handle"
9250647,"CLI : invalid CPU answer ISO : Unknown error (0x000d0000) TCP : Too many levels of remote in path"
9250667,"CLI : invalid CPU answer ISO : Unknown error (0x000d0000) TCP : Network subsystem is unusable"
9250668,"CLI : invalid CPU answer ISO : Unknown error (0x000d0000) TCP : Winsock DLL cannot support this application"
9250669,"CLI : invalid CPU answer ISO : Unknown error (0x000d0000) TCP : Winsock not initialized"
9250677,"CLI : invalid CPU answer ISO : Unknown error (0x000d0000) TCP : Disconnect"
9251577,"CLI : invalid CPU answer ISO : Unknown error (0x000d0000) TCP : Host not found"
9251578,"CLI : invalid CPU answer ISO : Unknown error (0x000d0000) TCP : Non authoritative - host not found"
9251579,"CLI : invalid CPU answer ISO : Unknown error (0x000d0000) TCP : Non recoverable error"
9251580,"CLI : invalid CPU answer ISO : Unknown error (0x000d0000) TCP : Valid name, no data record of requested type"
9252577,"CLI : invalid CPU answer ISO : Unknown error (0x000d0000) TCP : Invalid address"
9306112,"CLI : invalid CPU answer ISO : Unknown error (0x000e0000)"
9316116,"CLI : invalid CPU answer ISO : Unknown error (0x000e0000) TCP : Interrupted system call"
9316121,"CLI : invalid CPU answer ISO : Unknown error (0x000e0000) TCP : Bad file number"
9316125,"CLI : invalid CPU answer ISO : Unknown error (0x000e0000) TCP : Permission denied"
9316126,"CLI : invalid CPU answer ISO : Unknown error (0x000e0000) TCP : Bad address"
9316134,"CLI : invalid CPU answer ISO : Unknown error (0x000e0000) TCP : Invalid argument"
9316136,"CLI : invalid CPU answer ISO : Unknown error (0x000e0000) TCP : Too many open files"
9316147,"CLI : invalid CPU answer ISO : Unknown error (0x000e0000) TCP : Operation would block"
9316148,"CLI : invalid CPU answer ISO : Unknown error (0x000e0000) TCP : Operation now in progress"
9316149,"CLI : invalid CPU answer ISO : Unknown error (0x000e0000) TCP : Operation already in progress"
9316150,"CLI : invalid CPU answer ISO : Unknown error (0x000e0000) TCP : Socket operation on non socket"
9316151,"CLI : invalid CPU answer ISO : Unknown error (0x000e0000) TCP : Destination address required"
9316152,"CLI : invalid CPU answer ISO : Unknown error (0x000e0000) TCP : Message too long"
9316153,"CLI : invalid CPU answer ISO : Unknown error (0x000e0000) TCP : Protocol wrong type for Socket"
9316154,"CLI : invalid CPU answer ISO : Unknown error (0x000e0000) TCP : Protocol not available"
9316155,"CLI : invalid CPU answer ISO : Unknown error (0x000e0000) TCP : Protocol not supported"
9316156,"CLI : invalid CPU answer ISO : Unknown error (0x000e0000) TCP : Socket not supported"
9316157,"CLI : invalid CPU answer ISO : Unknown error (0x000e0000) TCP : Operation not supported on Socket"
9316158,"CLI : invalid CPU answer ISO : Unknown error (0x000e0000) TCP : Protocol family not supported"
9316159,"CLI : invalid CPU answer ISO : Unknown error (0x000e0000) TCP : Address family not supported"
9316160,"CLI : invalid CPU answer ISO : Unknown error (0x000e0000) TCP : Address already in use"
9316161,"CLI : invalid CPU answer ISO : Unknown error (0x000e0000) TCP : Can't assign requested address"
9316162,"CLI : invalid CPU answer ISO : Unknown error (0x000e0000) TCP : Network is down"
9316163,"CLI : invalid CPU answer ISO : Unknown error (0x000e0000) TCP : Network is unreachable"
9316164,"CLI : invalid CPU answer ISO : Unknown error (0x000e0000) TCP : Network dropped connection on reset"
9316165,"CLI : invalid CPU answer ISO : Unknown error (0x000e0000) TCP : Software caused connection abort"
9316166,"CLI : invalid CPU answer ISO : Unknown error (0x000e0000) TCP : Connection reset by peer"
9316167,"CLI : invalid CPU answer ISO : Unknown error (0x000e0000) TCP : No Buffer space available"
9316168,"CLI : invalid CPU answer ISO : Unknown error (0x000e0000) TCP : Socket is already connected"
9316169,"CLI : invalid CPU answer ISO : Unknown error (0x000e0000) TCP : Socket is not connected"
9316170,"CLI : invalid CPU answer ISO : Unknown error (0x000e0000) TCP : Can't send after Socket shutdown"
9316171,"CLI : invalid CPU answer ISO : Unknown error (0x000e0000) TCP : Too many references:can't splice"
9316172,"CLI : invalid CPU answer ISO : Unknown error (0x000e0000) TCP : Connection timed out"
9316173,"CLI : invalid CPU answer ISO : Unknown error (0x000e0000) TCP : Connection refused"
9316174,"CLI : invalid CPU answer ISO : Unknown error (0x000e0000) TCP : Too many levels of symbolic links"
9316175,"CLI : invalid CPU answer ISO : Unknown error (0x000e0000) TCP : File name is too long"
9316176,"CLI : invalid CPU answer ISO : Unknown error (0x000e0000) TCP : Host is down"
9316177,"CLI : invalid CPU answer ISO : Unknown error (0x000e0000) TCP : Unreachable peer"
9316178,"CLI : invalid CPU answer ISO : Unknown error (0x000e0000) TCP : Directory is not empty"
9316179,"CLI : invalid CPU answer ISO : Unknown error (0x000e0000) TCP : Too many processes"
9316180,"CLI : invalid CPU answer ISO : Unknown error (0x000e0000) TCP : Too many users"
9316181,"CLI : invalid CPU answer ISO : Unknown error (0x000e0000) TCP : Disk quota exceeded"
9316182,"CLI : invalid CPU answer ISO : Unknown error (0x000e0000) TCP : Stale NFS file handle"
9316183,"CLI : invalid CPU answer ISO : Unknown error (0x000e0000) TCP : Too many levels of remote in path"
9316203,"CLI : invalid CPU answer ISO : Unknown error (0x000e0000) TCP : Network subsystem is unusable"
9316204,"CLI : invalid CPU answer ISO : Unknown error (0x000e0000) TCP : Winsock DLL cannot support this application"
9316205,"CLI : invalid CPU answer ISO : Unknown error (0x000e0000) TCP : Winsock not initialized"
9316213,"CLI : invalid CPU answer ISO : Unknown error (0x000e0000) TCP : Disconnect"
9317113,"CLI : invalid CPU answer ISO : Unknown error (0x000e0000) TCP : Host not found"
9317114,"CLI : invalid CPU answer ISO : Unknown error (0x000e0000) TCP : Non authoritative - host not found"
9317115,"CLI : invalid CPU answer ISO : Unknown error (0x000e0000) TCP : Non recoverable error"
9317116,"CLI : invalid CPU answer ISO : Unknown error (0x000e0000) TCP : Valid name, no data record of requested type"
9318113,"CLI : invalid CPU answer ISO : Unknown error (0x000e0000) TCP : Invalid address"
9371648,"CLI : invalid CPU answer ISO : Unknown error (0x000f0000)"
9381652,"CLI : invalid CPU answer ISO : Unknown error (0x000f0000) TCP : Interrupted system call"
9381657,"CLI : invalid CPU answer ISO : Unknown error (0x000f0000) TCP : Bad file number"
9381661,"CLI : invalid CPU answer ISO : Unknown error (0x000f0000) TCP : Permission denied"
9381662,"CLI : invalid CPU answer ISO : Unknown error (0x000f0000) TCP : Bad address"
9381670,"CLI : invalid CPU answer ISO : Unknown error (0x000f0000) TCP : Invalid argument"
9381672,"CLI : invalid CPU answer ISO : Unknown error (0x000f0000) TCP : Too many open files"
9381683,"CLI : invalid CPU answer ISO : Unknown error (0x000f0000) TCP : Operation would block"
9381684,"CLI : invalid CPU answer ISO : Unknown error (0x000f0000) TCP : Operation now in progress"
9381685,"CLI : invalid CPU answer ISO : Unknown error (0x000f0000) TCP : Operation already in progress"
9381686,"CLI : invalid CPU answer ISO : Unknown error (0x000f0000) TCP : Socket operation on non socket"
9381687,"CLI : invalid CPU answer ISO : Unknown error (0x000f0000) TCP : Destination address required"
9381688,"CLI : invalid CPU answer ISO : Unknown error (0x000f0000) TCP : Message too long"
9381689,"CLI : invalid CPU answer ISO : Unknown error (0x000f0000) TCP : Protocol wrong type for Socket"
9381690,"CLI : invalid CPU answer ISO : Unknown error (0x000f0000) TCP : Protocol not available"
9381691,"CLI : invalid CPU answer ISO : Unknown error (0x000f0000) TCP : Protocol not supported"
9381692,"CLI : invalid CPU answer ISO : Unknown error (0x000f0000) TCP : Socket not supported"
9381693,"CLI : invalid CPU answer ISO : Unknown error (0x000f0000) TCP : Operation not supported on Socket"
9381694,"CLI : invalid CPU answer ISO : Unknown error (0x000f0000) TCP : Protocol family not supported"
9381695,"CLI : invalid CPU answer ISO : Unknown error (0x000f0000) TCP : Address family not supported"
9381696,"CLI : invalid CPU answer ISO : Unknown error (0x000f0000) TCP : Address already in use"
9381697,"CLI : invalid CPU answer ISO : Unknown error (0x000f0000) TCP : Can't assign requested address"
9381698,"CLI : invalid CPU answer ISO : Unknown error (0x000f0000) TCP : Network is down"
9381699,"CLI : invalid CPU answer ISO : Unknown error (0x000f0000) TCP : Network is unreachable"
9381700,"CLI : invalid CPU answer ISO : Unknown error (0x000f0000) TCP : Network dropped connection on reset"
9381701,"CLI : invalid CPU answer ISO : Unknown error (0x000f0000) TCP : Software caused connection abort"
9381702,"CLI : invalid CPU answer ISO : Unknown error (0x000f0000) TCP : Connection reset by peer"
9381703,"CLI : invalid CPU answer ISO : Unknown error (0x000f0000) TCP : No Buffer space available"
9381704,"CLI : invalid CPU answer ISO : Unknown error (0x000f0000) TCP : Socket is already connected"
9381705,"CLI : invalid CPU answer ISO : Unknown error (0x000f0000) TCP : Socket is not connected"
9381706,"CLI : invalid CPU answer ISO : Unknown error (0x000f0000) TCP : Can't send after Socket shutdown"
9381707,"CLI : invalid CPU answer ISO : Unknown error (0x000f0000) TCP : Too many references:can't splice"
9381708,"CLI : invalid CPU answer ISO : Unknown error (0x000f0000) TCP : Connection timed out"
9381709,"CLI : invalid CPU answer ISO : Unknown error (0x000f0000) TCP : Connection refused"
9381710,"CLI : invalid CPU answer ISO : Unknown error (0x000f0000) TCP : Too many levels of symbolic links"
9381711,"CLI : invalid CPU answer ISO : Unknown error (0x000f0000) TCP : File name is too long"
9381712,"CLI : invalid CPU answer ISO : Unknown error (0x000f0000) TCP : Host is down"
9381713,"CLI : invalid CPU answer ISO : Unknown error (0x000f0000) TCP : Unreachable peer"
9381714,"CLI : invalid CPU answer ISO : Unknown error (0x000f0000) TCP : Directory is not empty"
9381715,"CLI : invalid CPU answer ISO : Unknown error (0x000f0000) TCP : Too many processes"
9381716,"CLI : invalid CPU answer ISO : Unknown error (0x000f0000) TCP : Too many users"
9381717,"CLI : invalid CPU answer ISO : Unknown error (0x000f0000) TCP : Disk quota exceeded"
9381718,"CLI : invalid CPU answer ISO : Unknown error (0x000f0000) TCP : Stale NFS file handle"
9381719,"CLI : invalid CPU answer ISO : Unknown error (0x000f0000) TCP : Too many levels of remote in path"
9381739,"CLI : invalid CPU answer ISO : Unknown error (0x000f0000) TCP : Network subsystem is unusable"
9381740,"CLI : invalid CPU answer ISO : Unknown error (0x000f0000) TCP : Winsock DLL cannot support this application"
9381741,"CLI : invalid CPU answer ISO : Unknown error (0x000f0000) TCP : Winsock not initialized"
9381749,"CLI : invalid CPU answer ISO : Unknown error (0x000f0000) TCP : Disconnect"
9382649,"CLI : invalid CPU answer ISO : Unknown error (0x000f0000) TCP : Host not found"
9382650,"CLI : invalid CPU answer ISO : Unknown error (0x000f0000) TCP : Non authoritative - host not found"
9382651,"CLI : invalid CPU answer ISO : Unknown error (0x000f0000) TCP : Non recoverable error"
9382652,"CLI : invalid CPU answer ISO : Unknown error (0x000f0000) TCP : Valid name, no data record of requested type"
9383649,"CLI : invalid CPU answer ISO : Unknown error (0x000f0000) TCP : Invalid address"
9437184,"CPU : Address out of range"
9447188,"CPU : Address out of range TCP : Interrupted system call"
9447193,"CPU : Address out of range TCP : Bad file number"
9447197,"CPU : Address out of range TCP : Permission denied"
9447198,"CPU : Address out of range TCP : Bad address"
9447206,"CPU : Address out of range TCP : Invalid argument"
9447208,"CPU : Address out of range TCP : Too many open files"
9447219,"CPU : Address out of range TCP : Operation would block"
9447220,"CPU : Address out of range TCP : Operation now in progress"
9447221,"CPU : Address out of range TCP : Operation already in progress"
9447222,"CPU : Address out of range TCP : Socket operation on non socket"
9447223,"CPU : Address out of range TCP : Destination address required"
9447224,"CPU : Address out of range TCP : Message too long"
9447225,"CPU : Address out of range TCP : Protocol wrong type for Socket"
9447226,"CPU : Address out of range TCP : Protocol not available"
9447227,"CPU : Address out of range TCP : Protocol not supported"
9447228,"CPU : Address out of range TCP : Socket not supported"
9447229,"CPU : Address out of range TCP : Operation not supported on Socket"
9447230,"CPU : Address out of range TCP : Protocol family not supported"
9447231,"CPU : Address out of range TCP : Address family not supported"
9447232,"CPU : Address out of range TCP : Address already in use"
9447233,"CPU : Address out of range TCP : Can't assign requested address"
9447234,"CPU : Address out of range TCP : Network is down"
9447235,"CPU : Address out of range TCP : Network is unreachable"
9447236,"CPU : Address out of range TCP : Network dropped connection on reset"
9447237,"CPU : Address out of range TCP : Software caused connection abort"
9447238,"CPU : Address out of range TCP : Connection reset by peer"
9447239,"CPU : Address out of range TCP : No Buffer space available"
9447240,"CPU : Address out of range TCP : Socket is already connected"
9447241,"CPU : Address out of range TCP : Socket is not connected"
9447242,"CPU : Address out of range TCP : Can't send after Socket shutdown"
9447243,"CPU : Address out of range TCP : Too many references:can't splice"
9447244,"CPU : Address out of range TCP : Connection timed out"
9447245,"CPU : Address out of range TCP : Connection refused"
9447246,"CPU : Address out of range TCP : Too many levels of symbolic links"
9447247,"CPU : Address out of range TCP : File name is too long"
9447248,"CPU : Address out of range TCP : Host is down"
9447249,"CPU : Address out of range TCP : Unreachable peer"
9447250,"CPU : Address out of range TCP : Directory is not empty"
9447251,"CPU : Address out of range TCP : Too many processes"
9447252,"CPU : Address out of range TCP : Too many users"
9447253,"CPU : Address out of range TCP : Disk quota exceeded"
9447254,"CPU : Address out of range TCP : Stale NFS file handle"
9447255,"CPU : Address out of range TCP : Too many levels of remote in path"
9447275,"CPU : Address out of range TCP : Network subsystem is unusable"
9447276,"CPU : Address out of range TCP : Winsock DLL cannot support this application"
9447277,"CPU : Address out of range TCP : Winsock not initialized"
9447285,"CPU : Address out of range TCP : Disconnect"
9448185,"CPU : Address out of range TCP : Host not found"
9448186,"CPU : Address out of range TCP : Non authoritative - host not found"
9448187,"CPU : Address out of range TCP : Non recoverable error"
9448188,"CPU : Address out of range TCP : Valid name, no data record of requested type"
9449185,"CPU : Address out of range TCP : Invalid address"
9502720,"CPU : Address out of range ISO : Connection error"
9512724,"CPU : Address out of range ISO : Connection error TCP : Interrupted system call"
9512729,"CPU : Address out of range ISO : Connection error TCP : Bad file number"
9512733,"CPU : Address out of range ISO : Connection error TCP : Permission denied"
9512734,"CPU : Address out of range ISO : Connection error TCP : Bad address"
9512742,"CPU : Address out of range ISO : Connection error TCP : Invalid argument"
9512744,"CPU : Address out of range ISO : Connection error TCP : Too many open files"
9512755,"CPU : Address out of range ISO : Connection error TCP : Operation would block"
9512756,"CPU : Address out of range ISO : Connection error TCP : Operation now in progress"
9512757,"CPU : Address out of range ISO : Connection error TCP : Operation already in progress"
9512758,"CPU : Address out of range ISO : Connection error TCP : Socket operation on non socket"
9512759,"CPU : Address out of range ISO : Connection error TCP : Destination address required"
9512760,"CPU : Address out of range ISO : Connection error TCP : Message too long"
9512761,"CPU : Address out of range ISO : Connection error TCP : Protocol wrong type for Socket"
9512762,"CPU : Address out of range ISO : Connection error TCP : Protocol not available"
9512763,"CPU : Address out of range ISO : Connection error TCP : Protocol not supported"
9512764,"CPU : Address out of range ISO : Connection error TCP : Socket not supported"
9512765,"CPU : Address out of range ISO : Connection error TCP : Operation not supported on Socket"
9512766,"CPU : Address out of range ISO : Connection error TCP : Protocol family not supported"
9512767,"CPU : Address out of range ISO : Connection error TCP : Address family not supported"
9512768,"CPU : Address out of range ISO : Connection error TCP : Address already in use"
9512769,"CPU : Address out of range ISO : Connection error TCP : Can't assign requested address"
9512770,"CPU : Address out of range ISO : Connection error TCP : Network is down"
9512771,"CPU : Address out of range ISO : Connection error TCP : Network is unreachable"
9512772,"CPU : Address out of range ISO : Connection error TCP : Network dropped connection on reset"
9512773,"CPU : Address out of range ISO : Connection error TCP : Software caused connection abort"
9512774,"CPU : Address out of range ISO : Connection error TCP : Connection reset by peer"
9512775,"CPU : Address out of range ISO : Connection error TCP : No Buffer space available"
9512776,"CPU : Address out of range ISO : Connection error TCP : Socket is already connected"
9512777,"CPU : Address out of range ISO : Connection error TCP : Socket is not connected"
9512778,"CPU : Address out of range ISO : Connection error TCP : Can't send after Socket shutdown"
9512779,"CPU : Address out of range ISO : Connection error TCP : Too many references:can't splice"
9512780,"CPU : Address out of range ISO : Connection error TCP : Connection timed out"
9512781,"CPU : Address out of range ISO : Connection error TCP : Connection refused"
9512782,"CPU : Address out of range ISO : Connection error TCP : Too many levels of symbolic links"
9512783,"CPU : Address out of range ISO : Connection error TCP : File name is too long"
9512784,"CPU : Address out of range ISO : Connection error TCP : Host is down"
9512785,"CPU : Address out of range ISO : Connection error TCP : Unreachable peer"
9512786,"CPU : Address out of range ISO : Connection error TCP : Directory is not empty"
9512787,"CPU : Address out of range ISO : Connection error TCP : Too many processes"
9512788,"CPU : Address out of range ISO : Connection error TCP : Too many users"
9512789,"CPU : Address out of range ISO : Connection error TCP : Disk quota exceeded"
9512790,"CPU : Address out of range ISO : Connection error TCP : Stale NFS file handle"
9512791,"CPU : Address out of range ISO : Connection error TCP : Too many levels of remote in path"
9512811,"CPU : Address out of range ISO : Connection error TCP : Network subsystem is unusable"
9512812,"CPU : Address out of range ISO : Connection error TCP : Winsock DLL cannot support this application"
9512813,"CPU : Address out of range ISO : Connection error TCP : Winsock not initialized"
9512821,"CPU : Address out of range ISO : Connection error TCP : Disconnect"
9513721,"CPU : Address out of range ISO : Connection error TCP : Host not found"
9513722,"CPU : Address out of range ISO : Connection error TCP : Non authoritative - host not found"
9513723,"CPU : Address out of range ISO : Connection error TCP : Non recoverable error"
9513724,"CPU : Address out of range ISO : Connection error TCP : Valid name, no data record of requested type"
9514721,"CPU : Address out of range ISO : Connection error TCP : Invalid address"
9568256,"CPU : Address out of range ISO : Disconnect error"
9578260,"CPU : Address out of range ISO : Disconnect error TCP : Interrupted system call"
9578265,"CPU : Address out of range ISO : Disconnect error TCP : Bad file number"
9578269,"CPU : Address out of range ISO : Disconnect error TCP : Permission denied"
9578270,"CPU : Address out of range ISO : Disconnect error TCP : Bad address"
9578278,"CPU : Address out of range ISO : Disconnect error TCP : Invalid argument"
9578280,"CPU : Address out of range ISO : Disconnect error TCP : Too many open files"
9578291,"CPU : Address out of range ISO : Disconnect error TCP : Operation would block"
9578292,"CPU : Address out of range ISO : Disconnect error TCP : Operation now in progress"
9578293,"CPU : Address out of range ISO : Disconnect error TCP : Operation already in progress"
9578294,"CPU : Address out of range ISO : Disconnect error TCP : Socket operation on non socket"
9578295,"CPU : Address out of range ISO : Disconnect error TCP : Destination address required"
9578296,"CPU : Address out of range ISO : Disconnect error TCP : Message too long"
9578297,"CPU : Address out of range ISO : Disconnect error TCP : Protocol wrong type for Socket"
9578298,"CPU : Address out of range ISO : Disconnect error TCP : Protocol not available"
9578299,"CPU : Address out of range ISO : Disconnect error TCP : Protocol not supported"
9578300,"CPU : Address out of range ISO : Disconnect error TCP : Socket not supported"
9578301,"CPU : Address out of range ISO : Disconnect error TCP : Operation not supported on Socket"
9578302,"CPU : Address out of range ISO : Disconnect error TCP : Protocol family not supported"
9578303,"CPU : Address out of range ISO : Disconnect error TCP : Address family not supported"
9578304,"CPU : Address out of range ISO : Disconnect error TCP : Address already in use"
9578305,"CPU : Address out of range ISO : Disconnect error TCP : Can't assign requested address"
9578306,"CPU : Address out of range ISO : Disconnect error TCP : Network is down"
9578307,"CPU : Address out of range ISO : Disconnect error TCP : Network is unreachable"
9578308,"CPU : Address out of range ISO : Disconnect error TCP : Network dropped connection on reset"
9578309,"CPU : Address out of range ISO : Disconnect error TCP : Software caused connection abort"
9578310,"CPU : Address out of range ISO : Disconnect error TCP : Connection reset by peer"
9578311,"CPU : Address out of range ISO : Disconnect error TCP : No Buffer space available"
9578312,"CPU : Address out of range ISO : Disconnect error TCP : Socket is already connected"
9578313,"CPU : Address out of range ISO : Disconnect error TCP : Socket is not connected"
9578314,"CPU : Address out of range ISO : Disconnect error TCP : Can't send after Socket shutdown"
9578315,"CPU : Address out of range ISO : Disconnect error TCP : Too many references:can't splice"
9578316,"CPU : Address out of range ISO : Disconnect error TCP : Connection timed out"
9578317,"CPU : Address out of range ISO : Disconnect error TCP : Connection refused"
9578318,"CPU : Address out of range ISO : Disconnect error TCP : Too many levels of symbolic links"
9578319,"CPU : Address out of range ISO : Disconnect error TCP : File name is too long"
9578320,"CPU : Address out of range ISO : Disconnect error TCP : Host is down"
9578321,"CPU : Address out of range ISO : Disconnect error TCP : Unreachable peer"
9578322,"CPU : Address out of range ISO : Disconnect error TCP : Directory is not empty"
9578323,"CPU : Address out of range ISO : Disconnect error TCP : Too many processes"
9578324,"CPU : Address out of range ISO : Disconnect error TCP : Too many users"
9578325,"CPU : Address out of range ISO : Disconnect error TCP : Disk quota exceeded"
9578326,"CPU : Address out of range ISO : Disconnect error TCP : Stale NFS file handle"
9578327,"CPU : Address out of range ISO : Disconnect error TCP : Too many levels of remote in path"
9578347,"CPU : Address out of range ISO : Disconnect error TCP : Network subsystem is unusable"
9578348,"CPU : Address out of range ISO : Disconnect error TCP : Winsock DLL cannot support this application"
9578349,"CPU : Address out of range ISO : Disconnect error TCP : Winsock not initialized"
9578357,"CPU : Address out of range ISO : Disconnect error TCP : Disconnect"
9579257,"CPU : Address out of range ISO : Disconnect error TCP : Host not found"
9579258,"CPU : Address out of range ISO : Disconnect error TCP : Non authoritative - host not found"
9579259,"CPU : Address out of range ISO : Disconnect error TCP : Non recoverable error"
9579260,"CPU : Address out of range ISO : Disconnect error TCP : Valid name, no data record of requested type"
9580257,"CPU : Address out of range ISO : Disconnect error TCP : Invalid address"
9633792,"CPU : Address out of range ISO : Bad PDU format"
9643796,"CPU : Address out of range ISO : Bad PDU format TCP : Interrupted system call"
9643801,"CPU : Address out of range ISO : Bad PDU format TCP : Bad file number"
9643805,"CPU : Address out of range ISO : Bad PDU format TCP : Permission denied"
9643806,"CPU : Address out of range ISO : Bad PDU format TCP : Bad address"
9643814,"CPU : Address out of range ISO : Bad PDU format TCP : Invalid argument"
9643816,"CPU : Address out of range ISO : Bad PDU format TCP : Too many open files"
9643827,"CPU : Address out of range ISO : Bad PDU format TCP : Operation would block"
9643828,"CPU : Address out of range ISO : Bad PDU format TCP : Operation now in progress"
9643829,"CPU : Address out of range ISO : Bad PDU format TCP : Operation already in progress"
9643830,"CPU : Address out of range ISO : Bad PDU format TCP : Socket operation on non socket"
9643831,"CPU : Address out of range ISO : Bad PDU format TCP : Destination address required"
9643832,"CPU : Address out of range ISO : Bad PDU format TCP : Message too long"
9643833,"CPU : Address out of range ISO : Bad PDU format TCP : Protocol wrong type for Socket"
9643834,"CPU : Address out of range ISO : Bad PDU format TCP : Protocol not available"
9643835,"CPU : Address out of range ISO : Bad PDU format TCP : Protocol not supported"
9643836,"CPU : Address out of range ISO : Bad PDU format TCP : Socket not supported"
9643837,"CPU : Address out of range ISO : Bad PDU format TCP : Operation not supported on Socket"
9643838,"CPU : Address out of range ISO : Bad PDU format TCP : Protocol family not supported"
9643839,"CPU : Address out of range ISO : Bad PDU format TCP : Address family not supported"
9643840,"CPU : Address out of range ISO : Bad PDU format TCP : Address already in use"
9643841,"CPU : Address out of range ISO : Bad PDU format TCP : Can't assign requested address"
9643842,"CPU : Address out of range ISO : Bad PDU format TCP : Network is down"
9643843,"CPU : Address out of range ISO : Bad PDU format TCP : Network is unreachable"
9643844,"CPU : Address out of range ISO : Bad PDU format TCP : Network dropped connection on reset"
9643845,"CPU : Address out of range ISO : Bad PDU format TCP : Software caused connection abort"
9643846,"CPU : Address out of range ISO : Bad PDU format TCP : Connection reset by peer"
9643847,"CPU : Address out of range ISO : Bad PDU format TCP : No Buffer space available"
9643848,"CPU : Address out of range ISO : Bad PDU format TCP : Socket is already connected"
9643849,"CPU : Address out of range ISO : Bad PDU format TCP : Socket is not connected"
9643850,"CPU : Address out of range ISO : Bad PDU format TCP : Can't send after Socket shutdown"
9643851,"CPU : Address out of range ISO : Bad PDU format TCP : Too many references:can't splice"
9643852,"CPU : Address out of range ISO : Bad PDU format TCP : Connection timed out"
9643853,"CPU : Address out of range ISO : Bad PDU format TCP : Connection refused"
9643854,"CPU : Address out of range ISO : Bad PDU format TCP : Too many levels of symbolic links"
9643855,"CPU : Address out of range ISO : Bad PDU format TCP : File name is too long"
9643856,"CPU : Address out of range ISO : Bad PDU format TCP : Host is down"
9643857,"CPU : Address out of range ISO : Bad PDU format TCP : Unreachable peer"
9643858,"CPU : Address out of range ISO : Bad PDU format TCP : Directory is not empty"
9643859,"CPU : Address out of range ISO : Bad PDU format TCP : Too many processes"
9643860,"CPU : Address out of range ISO : Bad PDU format TCP : Too many users"
9643861,"CPU : Address out of range ISO : Bad PDU format TCP : Disk quota exceeded"
9643862,"CPU : Address out of range ISO : Bad PDU format TCP : Stale NFS file handle"
9643863,"CPU : Address out of range ISO : Bad PDU format TCP : Too many levels of remote in path"
9643883,"CPU : Address out of range ISO : Bad PDU format TCP : Network subsystem is unusable"
9643884,"CPU : Address out of range ISO : Bad PDU format TCP : Winsock DLL cannot support this application"
9643885,"CPU : Address out of range ISO : Bad PDU format TCP : Winsock not initialized"
9643893,"CPU : Address out of range ISO : Bad PDU format TCP : Disconnect"
9644793,"CPU : Address out of range ISO : Bad PDU format TCP : Host not found"
9644794,"CPU : Address out of range ISO : Bad PDU format TCP : Non authoritative - host not found"
9644795,"CPU : Address out of range ISO : Bad PDU format TCP : Non recoverable error"
9644796,"CPU : Address out of range ISO : Bad PDU format TCP : Valid name, no data record of requested type"
9645793,"CPU : Address out of range ISO : Bad PDU format TCP : Invalid address"
9699328,"CPU : Address out of range ISO : Datasize passed to send/recv buffer is invalid"
9709332,"CPU : Address out of range ISO : Datasize passed to send/recv buffer is invalid TCP : Interrupted system call"
9709337,"CPU : Address out of range ISO : Datasize passed to send/recv buffer is invalid TCP : Bad file number"
9709341,"CPU : Address out of range ISO : Datasize passed to send/recv buffer is invalid TCP : Permission denied"
9709342,"CPU : Address out of range ISO : Datasize passed to send/recv buffer is invalid TCP : Bad address"
9709350,"CPU : Address out of range ISO : Datasize passed to send/recv buffer is invalid TCP : Invalid argument"
9709352,"CPU : Address out of range ISO : Datasize passed to send/recv buffer is invalid TCP : Too many open files"
9709363,"CPU : Address out of range ISO : Datasize passed to send/recv buffer is invalid TCP : Operation would block"
9709364,"CPU : Address out of range ISO : Datasize passed to send/recv buffer is invalid TCP : Operation now in progress"
9709365,"CPU : Address out of range ISO : Datasize passed to send/recv buffer is invalid TCP : Operation already in progress"
9709366,"CPU : Address out of range ISO : Datasize passed to send/recv buffer is invalid TCP : Socket operation on non socket"
9709367,"CPU : Address out of range ISO : Datasize passed to send/recv buffer is invalid TCP : Destination address required"
9709368,"CPU : Address out of range ISO : Datasize passed to send/recv buffer is invalid TCP : Message too long"
9709369,"CPU : Address out of range ISO : Datasize passed to send/recv buffer is invalid TCP : Protocol wrong type for Socket"
9709370,"CPU : Address out of range ISO : Datasize passed to send/recv buffer is invalid TCP : Protocol not available"
9709371,"CPU : Address out of range ISO : Datasize passed to send/recv buffer is invalid TCP : Protocol not supported"
9709372,"CPU : Address out of range ISO : Datasize passed to send/recv buffer is invalid TCP : Socket not supported"
9709373,"CPU : Address out of range ISO : Datasize passed to send/recv buffer is invalid TCP : Operation not supported on Socket"
9709374,"CPU : Address out of range ISO : Datasize passed to send/recv buffer is invalid TCP : Protocol family not supported"
9709375,"CPU : Address out of range ISO : Datasize passed to send/recv buffer is invalid TCP : Address family not supported"
9709376,"CPU : Address out of range ISO : Datasize passed to send/recv buffer is invalid TCP : Address already in use"
9709377,"CPU : Address out of range ISO : Datasize passed to send/recv buffer is invalid TCP : Can't assign requested address"
9709378,"CPU : Address out of range ISO : Datasize passed to send/recv buffer is invalid TCP : Network is down"
9709379,"CPU : Address out of range ISO : Datasize passed to send/recv buffer is invalid TCP : Network is unreachable"
9709380,"CPU : Address out of range ISO : Datasize passed to send/recv buffer is invalid TCP : Network dropped connection on reset"
9709381,"CPU : Address out of range ISO : Datasize passed to send/recv buffer is invalid TCP : Software caused connection abort"
9709382,"CPU : Address out of range ISO : Datasize passed to send/recv buffer is invalid TCP : Connection reset by peer"
9709383,"CPU : Address out of range ISO : Datasize passed to send/recv buffer is invalid TCP : No Buffer space available"
9709384,"CPU : Address out of range ISO : Datasize passed to send/recv buffer is invalid TCP : Socket is already connected"
9709385,"CPU : Address out of range ISO : Datasize passed to send/recv buffer is invalid TCP : Socket is not connected"
9709386,"CPU : Address out of range ISO : Datasize passed to send/recv buffer is invalid TCP : Can't send after Socket shutdown"
9709387,"CPU : Address out of range ISO : Datasize passed to send/recv buffer is invalid TCP : Too many references:can't splice"
9709388,"CPU : Address out of range ISO : Datasize passed to send/recv buffer is invalid TCP : Connection timed out"
9709389,"CPU : Address out of range ISO : Datasize passed to send/recv buffer is invalid TCP : Connection refused"
9709390,"CPU : Address out of range ISO : Datasize passed to send/recv buffer is invalid TCP : Too many levels of symbolic links"
9709391,"CPU : Address out of range ISO : Datasize passed to send/recv buffer is invalid TCP : File name is too long"
9709392,"CPU : Address out of range ISO : Datasize passed to send/recv buffer is invalid TCP : Host is down"
9709393,"CPU : Address out of range ISO : Datasize passed to send/recv buffer is invalid TCP : Unreachable peer"
9709394,"CPU : Address out of range ISO : Datasize passed to send/recv buffer is invalid TCP : Directory is not empty"
9709395,"CPU : Address out of range ISO : Datasize passed to send/recv buffer is invalid TCP : Too many processes"
9709396,"CPU : Address out of range ISO : Datasize passed to send/recv buffer is invalid TCP : Too many users"
9709397,"CPU : Address out of range ISO : Datasize passed to send/recv buffer is invalid TCP : Disk quota exceeded"
9709398,"CPU : Address out of range ISO : Datasize passed to send/recv buffer is invalid TCP : Stale NFS file handle"
9709399,"CPU : Address out of range ISO : Datasize passed to send/recv buffer is invalid TCP : Too many levels of remote in path"
9709419,"CPU : Address out of range ISO : Datasize passed to send/recv buffer is invalid TCP : Network subsystem is unusable"
9709420,"CPU : Address out of range ISO : Datasize passed to send/recv buffer is invalid TCP : Winsock DLL cannot support this application"
9709421,"CPU : Address out of range ISO : Datasize passed to send/recv buffer is invalid TCP : Winsock not initialized"
9709429,"CPU : Address out of range ISO : Datasize passed to send/recv buffer is invalid TCP : Disconnect"
9710329,"CPU : Address out of range ISO : Datasize passed to send/recv buffer is invalid TCP : Host not found"
9710330,"CPU : Address out of range ISO : Datasize passed to send/recv buffer is invalid TCP : Non authoritative - host not found"
9710331,"CPU : Address out of range ISO : Datasize passed to send/recv buffer is invalid TCP : Non recoverable error"
9710332,"CPU : Address out of range ISO : Datasize passed to send/recv buffer is invalid TCP : Valid name, no data record of requested type"
9711329,"CPU : Address out of range ISO : Datasize passed to send/recv buffer is invalid TCP : Invalid address"
9764864,"CPU : Address out of range ISO : Null passed as pointer"
9774868,"CPU : Address out of range ISO : Null passed as pointer TCP : Interrupted system call"
9774873,"CPU : Address out of range ISO : Null passed as pointer TCP : Bad file number"
9774877,"CPU : Address out of range ISO : Null passed as pointer TCP : Permission denied"
9774878,"CPU : Address out of range ISO : Null passed as pointer TCP : Bad address"
9774886,"CPU : Address out of range ISO : Null passed as pointer TCP : Invalid argument"
9774888,"CPU : Address out of range ISO : Null passed as pointer TCP : Too many open files"
9774899,"CPU : Address out of range ISO : Null passed as pointer TCP : Operation would block"
9774900,"CPU : Address out of range ISO : Null passed as pointer TCP : Operation now in progress"
9774901,"CPU : Address out of range ISO : Null passed as pointer TCP : Operation already in progress"
9774902,"CPU : Address out of range ISO : Null passed as pointer TCP : Socket operation on non socket"
9774903,"CPU : Address out of range ISO : Null passed as pointer TCP : Destination address required"
9774904,"CPU : Address out of range ISO : Null passed as pointer TCP : Message too long"
9774905,"CPU : Address out of range ISO : Null passed as pointer TCP : Protocol wrong type for Socket"
9774906,"CPU : Address out of range ISO : Null passed as pointer TCP : Protocol not available"
9774907,"CPU : Address out of range ISO : Null passed as pointer TCP : Protocol not supported"
9774908,"CPU : Address out of range ISO : Null passed as pointer TCP : Socket not supported"
9774909,"CPU : Address out of range ISO : Null passed as pointer TCP : Operation not supported on Socket"
9774910,"CPU : Address out of range ISO : Null passed as pointer TCP : Protocol family not supported"
9774911,"CPU : Address out of range ISO : Null passed as pointer TCP : Address family not supported"
9774912,"CPU : Address out of range ISO : Null passed as pointer TCP : Address already in use"
9774913,"CPU : Address out of range ISO : Null passed as pointer TCP : Can't assign requested address"
9774914,"CPU : Address out of range ISO : Null passed as pointer TCP : Network is down"
9774915,"CPU : Address out of range ISO : Null passed as pointer TCP : Network is unreachable"
9774916,"CPU : Address out of range ISO : Null passed as pointer TCP : Network dropped connection on reset"
9774917,"CPU : Address out of range ISO : Null passed as pointer TCP : Software caused connection abort"
9774918,"CPU : Address out of range ISO : Null passed as pointer TCP : Connection reset by peer"
9774919,"CPU : Address out of range ISO : Null passed as pointer TCP : No Buffer space available"
9774920,"CPU : Address out of range ISO : Null passed as pointer TCP : Socket is already connected"
9774921,"CPU : Address out of range ISO : Null passed as pointer TCP : Socket is not connected"
9774922,"CPU : Address out of range ISO : Null passed as pointer TCP : Can't send after Socket shutdown"
9774923,"CPU : Address out of range ISO : Null passed as pointer TCP : Too many references:can't splice"
9774924,"CPU : Address out of range ISO : Null passed as pointer TCP : Connection timed out"
9774925,"CPU : Address out of range ISO : Null passed as pointer TCP : Connection refused"
9774926,"CPU : Address out of range ISO : Null passed as pointer TCP : Too many levels of symbolic links"
9774927,"CPU : Address out of range ISO : Null passed as pointer TCP : File name is too long"
9774928,"CPU : Address out of range ISO : Null passed as pointer TCP : Host is down"
9774929,"CPU : Address out of range ISO : Null passed as pointer TCP : Unreachable peer"
9774930,"CPU : Address out of range ISO : Null passed as pointer TCP : Directory is not empty"
9774931,"CPU : Address out of range ISO : Null passed as pointer TCP : Too many processes"
9774932,"CPU : Address out of range ISO : Null passed as pointer TCP : Too many users"
9774933,"CPU : Address out of range ISO : Null passed as pointer TCP : Disk quota exceeded"
9774934,"CPU : Address out of range ISO : Null passed as pointer TCP : Stale NFS file handle"
9774935,"CPU : Address out of range ISO : Null passed as pointer TCP : Too many levels of remote in path"
9774955,"CPU : Address out of range ISO : Null passed as pointer TCP : Network subsystem is unusable"
9774956,"CPU : Address out of range ISO : Null passed as pointer TCP : Winsock DLL cannot support this application"
9774957,"CPU : Address out of range ISO : Null passed as pointer TCP : Winsock not initialized"
9774965,"CPU : Address out of range ISO : Null passed as pointer TCP : Disconnect"
9775865,"CPU : Address out of range ISO : Null passed as pointer TCP : Host not found"
9775866,"CPU : Address out of range ISO : Null passed as pointer TCP : Non authoritative - host not found"
9775867,"CPU : Address out of range ISO : Null passed as pointer TCP : Non recoverable error"
9775868,"CPU : Address out of range ISO : Null passed as pointer TCP : Valid name, no data record of requested type"
9776865,"CPU : Address out of range ISO : Null passed as pointer TCP : Invalid address"
9830400,"CPU : Address out of range ISO : A short packet received"
9840404,"CPU : Address out of range ISO : A short packet received TCP : Interrupted system call"
9840409,"CPU : Address out of range ISO : A short packet received TCP : Bad file number"
9840413,"CPU : Address out of range ISO : A short packet received TCP : Permission denied"
9840414,"CPU : Address out of range ISO : A short packet received TCP : Bad address"
9840422,"CPU : Address out of range ISO : A short packet received TCP : Invalid argument"
9840424,"CPU : Address out of range ISO : A short packet received TCP : Too many open files"
9840435,"CPU : Address out of range ISO : A short packet received TCP : Operation would block"
9840436,"CPU : Address out of range ISO : A short packet received TCP : Operation now in progress"
9840437,"CPU : Address out of range ISO : A short packet received TCP : Operation already in progress"
9840438,"CPU : Address out of range ISO : A short packet received TCP : Socket operation on non socket"
9840439,"CPU : Address out of range ISO : A short packet received TCP : Destination address required"
9840440,"CPU : Address out of range ISO : A short packet received TCP : Message too long"
9840441,"CPU : Address out of range ISO : A short packet received TCP : Protocol wrong type for Socket"
9840442,"CPU : Address out of range ISO : A short packet received TCP : Protocol not available"
9840443,"CPU : Address out of range ISO : A short packet received TCP : Protocol not supported"
9840444,"CPU : Address out of range ISO : A short packet received TCP : Socket not supported"
9840445,"CPU : Address out of range ISO : A short packet received TCP : Operation not supported on Socket"
9840446,"CPU : Address out of range ISO : A short packet received TCP : Protocol family not supported"
9840447,"CPU : Address out of range ISO : A short packet received TCP : Address family not supported"
9840448,"CPU : Address out of range ISO : A short packet received TCP : Address already in use"
9840449,"CPU : Address out of range ISO : A short packet received TCP : Can't assign requested address"
9840450,"CPU : Address out of range ISO : A short packet received TCP : Network is down"
9840451,"CPU : Address out of range ISO : A short packet received TCP : Network is unreachable"
9840452,"CPU : Address out of range ISO : A short packet received TCP : Network dropped connection on reset"
9840453,"CPU : Address out of range ISO : A short packet received TCP : Software caused connection abort"
9840454,"CPU : Address out of range ISO : A short packet received TCP : Connection reset by peer"
9840455,"CPU : Address out of range ISO : A short packet received TCP : No Buffer space available"
9840456,"CPU : Address out of range ISO : A short packet received TCP : Socket is already connected"
9840457,"CPU : Address out of range ISO : A short packet received TCP : Socket is not connected"
9840458,"CPU : Address out of range ISO : A short packet received TCP : Can't send after Socket shutdown"
9840459,"CPU : Address out of range ISO : A short packet received TCP : Too many references:can't splice"
9840460,"CPU : Address out of range ISO : A short packet received TCP : Connection timed out"
9840461,"CPU : Address out of range ISO : A short packet received TCP : Connection refused"
9840462,"CPU : Address out of range ISO : A short packet received TCP : Too many levels of symbolic links"
9840463,"CPU : Address out of range ISO : A short packet received TCP : File name is too long"
9840464,"CPU : Address out of range ISO : A short packet received TCP : Host is down"
9840465,"CPU : Address out of range ISO : A short packet received TCP : Unreachable peer"
9840466,"CPU : Address out of range ISO : A short packet received TCP : Directory is not empty"
9840467,"CPU : Address out of range ISO : A short packet received TCP : Too many processes"
9840468,"CPU : Address out of range ISO : A short packet received TCP : Too many users"
9840469,"CPU : Address out of range ISO : A short packet received TCP : Disk quota exceeded"
9840470,"CPU : Address out of range ISO : A short packet received TCP : Stale NFS file handle"
9840471,"CPU : Address out of range ISO : A short packet received TCP : Too many levels of remote in path"
9840491,"CPU : Address out of range ISO : A short packet received TCP : Network subsystem is unusable"
9840492,"CPU : Address out of range ISO : A short packet received TCP : Winsock DLL cannot support this application"
9840493,"CPU : Address out of range ISO : A short packet received TCP : Winsock not initialized"
9840501,"CPU : Address out of range ISO : A short packet received TCP : Disconnect"
9841401,"CPU : Address out of range ISO : A short packet received TCP : Host not found"
9841402,"CPU : Address out of range ISO : A short packet received TCP : Non authoritative - host not found"
9841403,"CPU : Address out of range ISO : A short packet received TCP : Non recoverable error"
9841404,"CPU : Address out of range ISO : A short packet received TCP : Valid name, no data record of requested type"
9842401,"CPU : Address out of range ISO : A short packet received TCP : Invalid address"
9895936,"CPU : Address out of range ISO : Too many packets without EoT flag"
9905940,"CPU : Address out of range ISO : Too many packets without EoT flag TCP : Interrupted system call"
9905945,"CPU : Address out of range ISO : Too many packets without EoT flag TCP : Bad file number"
9905949,"CPU : Address out of range ISO : Too many packets without EoT flag TCP : Permission denied"
9905950,"CPU : Address out of range ISO : Too many packets without EoT flag TCP : Bad address"
9905958,"CPU : Address out of range ISO : Too many packets without EoT flag TCP : Invalid argument"
9905960,"CPU : Address out of range ISO : Too many packets without EoT flag TCP : Too many open files"
9905971,"CPU : Address out of range ISO : Too many packets without EoT flag TCP : Operation would block"
9905972,"CPU : Address out of range ISO : Too many packets without EoT flag TCP : Operation now in progress"
9905973,"CPU : Address out of range ISO : Too many packets without EoT flag TCP : Operation already in progress"
9905974,"CPU : Address out of range ISO : Too many packets without EoT flag TCP : Socket operation on non socket"
9905975,"CPU : Address out of range ISO : Too many packets without EoT flag TCP : Destination address required"
9905976,"CPU : Address out of range ISO : Too many packets without EoT flag TCP : Message too long"
9905977,"CPU : Address out of range ISO : Too many packets without EoT flag TCP : Protocol wrong type for Socket"
9905978,"CPU : Address out of range ISO : Too many packets without EoT flag TCP : Protocol not available"
9905979,"CPU : Address out of range ISO : Too many packets without EoT flag TCP : Protocol not supported"
9905980,"CPU : Address out of range ISO : Too many packets without EoT flag TCP : Socket not supported"
9905981,"CPU : Address out of range ISO : Too many packets without EoT flag TCP : Operation not supported on Socket"
9905982,"CPU : Address out of range ISO : Too many packets without EoT flag TCP : Protocol family not supported"
9905983,"CPU : Address out of range ISO : Too many packets without EoT flag TCP : Address family not supported"
9905984,"CPU : Address out of range ISO : Too many packets without EoT flag TCP : Address already in use"
9905985,"CPU : Address out of range ISO : Too many packets without EoT flag TCP : Can't assign requested address"
9905986,"CPU : Address out of range ISO : Too many packets without EoT flag TCP : Network is down"
9905987,"CPU : Address out of range ISO : Too many packets without EoT flag TCP : Network is unreachable"
9905988,"CPU : Address out of range ISO : Too many packets without EoT flag TCP : Network dropped connection on reset"
9905989,"CPU : Address out of range ISO : Too many packets without EoT flag TCP : Software caused connection abort"
9905990,"CPU : Address out of range ISO : Too many packets without EoT flag TCP : Connection reset by peer"
9905991,"CPU : Address out of range ISO : Too many packets without EoT flag TCP : No Buffer space available"
9905992,"CPU : Address out of range ISO : Too many packets without EoT flag TCP : Socket is already connected"
9905993,"CPU : Address out of range ISO : Too many packets without EoT flag TCP : Socket is not connected"
9905994,"CPU : Address out of range ISO : Too many packets without EoT flag TCP : Can't send after Socket shutdown"
9905995,"CPU : Address out of range ISO : Too many packets without EoT flag TCP : Too many references:can't splice"
9905996,"CPU : Address out of range ISO : Too many packets without EoT flag TCP : Connection timed out"
9905997,"CPU : Address out of range ISO : Too many packets without EoT flag TCP : Connection refused"
9905998,"CPU : Address out of range ISO : Too many packets without EoT flag TCP : Too many levels of symbolic links"
9905999,"CPU : Address out of range ISO : Too many packets without EoT flag TCP : File name is too long"
9906000,"CPU : Address out of range ISO : Too many packets without EoT flag TCP : Host is down"
9906001,"CPU : Address out of range ISO : Too many packets without EoT flag TCP : Unreachable peer"
9906002,"CPU : Address out of range ISO : Too many packets without EoT flag TCP : Directory is not empty"
9906003,"CPU : Address out of range ISO : Too many packets without EoT flag TCP : Too many processes"
9906004,"CPU : Address out of range ISO : Too many packets without EoT flag TCP : Too many users"
9906005,"CPU : Address out of range ISO : Too many packets without EoT flag TCP : Disk quota exceeded"
9906006,"CPU : Address out of range ISO : Too many packets without EoT flag TCP : Stale NFS file handle"
9906007,"CPU : Address out of range ISO : Too many packets without EoT flag TCP : Too many levels of remote in path"
9906027,"CPU : Address out of range ISO : Too many packets without EoT flag TCP : Network subsystem is unusable"
9906028,"CPU : Address out of range ISO : Too many packets without EoT flag TCP : Winsock DLL cannot support this application"
9906029,"CPU : Address out of range ISO : Too many packets without EoT flag TCP : Winsock not initialized"
9906037,"CPU : Address out of range ISO : Too many packets without EoT flag TCP : Disconnect"
9906937,"CPU : Address out of range ISO : Too many packets without EoT flag TCP : Host not found"
9906938,"CPU : Address out of range ISO : Too many packets without EoT flag TCP : Non authoritative - host not found"
9906939,"CPU : Address out of range ISO : Too many packets without EoT flag TCP : Non recoverable error"
9906940,"CPU : Address out of range ISO : Too many packets without EoT flag TCP : Valid name, no data record of requested type"
9907937,"CPU : Address out of range ISO : Too many packets without EoT flag TCP : Invalid address"
9961472,"CPU : Address out of range ISO : The sum of fragments data exceded maximum packet size"
9971476,"CPU : Address out of range ISO : The sum of fragments data exceded maximum packet size TCP : Interrupted system call"
9971481,"CPU : Address out of range ISO : The sum of fragments data exceded maximum packet size TCP : Bad file number"
9971485,"CPU : Address out of range ISO : The sum of fragments data exceded maximum packet size TCP : Permission denied"
9971486,"CPU : Address out of range ISO : The sum of fragments data exceded maximum packet size TCP : Bad address"
9971494,"CPU : Address out of range ISO : The sum of fragments data exceded maximum packet size TCP : Invalid argument"
9971496,"CPU : Address out of range ISO : The sum of fragments data exceded maximum packet size TCP : Too many open files"
9971507,"CPU : Address out of range ISO : The sum of fragments data exceded maximum packet size TCP : Operation would block"
9971508,"CPU : Address out of range ISO : The sum of fragments data exceded maximum packet size TCP : Operation now in progress"
9971509,"CPU : Address out of range ISO : The sum of fragments data exceded maximum packet size TCP : Operation already in progress"
9971510,"CPU : Address out of range ISO : The sum of fragments data exceded maximum packet size TCP : Socket operation on non socket"
9971511,"CPU : Address out of range ISO : The sum of fragments data exceded maximum packet size TCP : Destination address required"
9971512,"CPU : Address out of range ISO : The sum of fragments data exceded maximum packet size TCP : Message too long"
9971513,"CPU : Address out of range ISO : The sum of fragments data exceded maximum packet size TCP : Protocol wrong type for Socket"
9971514,"CPU : Address out of range ISO : The sum of fragments data exceded maximum packet size TCP : Protocol not available"
9971515,"CPU : Address out of range ISO : The sum of fragments data exceded maximum packet size TCP : Protocol not supported"
9971516,"CPU : Address out of range ISO : The sum of fragments data exceded maximum packet size TCP : Socket not supported"
9971517,"CPU : Address out of range ISO : The sum of fragments data exceded maximum packet size TCP : Operation not supported on Socket"
9971518,"CPU : Address out of range ISO : The sum of fragments data exceded maximum packet size TCP : Protocol family not supported"
9971519,"CPU : Address out of range ISO : The sum of fragments data exceded maximum packet size TCP : Address family not supported"
9971520,"CPU : Address out of range ISO : The sum of fragments data exceded maximum packet size TCP : Address already in use"
9971521,"CPU : Address out of range ISO : The sum of fragments data exceded maximum packet size TCP : Can't assign requested address"
9971522,"CPU : Address out of range ISO : The sum of fragments data exceded maximum packet size TCP : Network is down"
9971523,"CPU : Address out of range ISO : The sum of fragments data exceded maximum packet size TCP : Network is unreachable"
9971524,"CPU : Address out of range ISO : The sum of fragments data exceded maximum packet size TCP : Network dropped connection on reset"
9971525,"CPU : Address out of range ISO : The sum of fragments data exceded maximum packet size TCP : Software caused connection abort"
9971526,"CPU : Address out of range ISO : The sum of fragments data exceded maximum packet size TCP : Connection reset by peer"
9971527,"CPU : Address out of range ISO : The sum of fragments data exceded maximum packet size TCP : No Buffer space available"
9971528,"CPU : Address out of range ISO : The sum of fragments data exceded maximum packet size TCP : Socket is already connected"
9971529,"CPU : Address out of range ISO : The sum of fragments data exceded maximum packet size TCP : Socket is not connected"
9971530,"CPU : Address out of range ISO : The sum of fragments data exceded maximum packet size TCP : Can't send after Socket shutdown"
9971531,"CPU : Address out of range ISO : The sum of fragments data exceded maximum packet size TCP : Too many references:can't splice"
9971532,"CPU : Address out of range ISO : The sum of fragments data exceded maximum packet size TCP : Connection timed out"
9971533,"CPU : Address out of range ISO : The sum of fragments data exceded maximum packet size TCP : Connection refused"
9971534,"CPU : Address out of range ISO : The sum of fragments data exceded maximum packet size TCP : Too many levels of symbolic links"
9971535,"CPU : Address out of range ISO : The sum of fragments data exceded maximum packet size TCP : File name is too long"
9971536,"CPU : Address out of range ISO : The sum of fragments data exceded maximum packet size TCP : Host is down"
9971537,"CPU : Address out of range ISO : The sum of fragments data exceded maximum packet size TCP : Unreachable peer"
9971538,"CPU : Address out of range ISO : The sum of fragments data exceded maximum packet size TCP : Directory is not empty"
9971539,"CPU : Address out of range ISO : The sum of fragments data exceded maximum packet size TCP : Too many processes"
9971540,"CPU : Address out of range ISO : The sum of fragments data exceded maximum packet size TCP : Too many users"
9971541,"CPU : Address out of range ISO : The sum of fragments data exceded maximum packet size TCP : Disk quota exceeded"
9971542,"CPU : Address out of range ISO : The sum of fragments data exceded maximum packet size TCP : Stale NFS file handle"
9971543,"CPU : Address out of range ISO : The sum of fragments data exceded maximum packet size TCP : Too many levels of remote in path"
9971563,"CPU : Address out of range ISO : The sum of fragments data exceded maximum packet size TCP : Network subsystem is unusable"
9971564,"CPU : Address out of range ISO : The sum of fragments data exceded maximum packet size TCP : Winsock DLL cannot support this application"
9971565,"CPU : Address out of range ISO : The sum of fragments data exceded maximum packet size TCP : Winsock not initialized"
9971573,"CPU : Address out of range ISO : The sum of fragments data exceded maximum packet size TCP : Disconnect"
9972473,"CPU : Address out of range ISO : The sum of fragments data exceded maximum packet size TCP : Host not found"
9972474,"CPU : Address out of range ISO : The sum of fragments data exceded maximum packet size TCP : Non authoritative - host not found"
9972475,"CPU : Address out of range ISO : The sum of fragments data exceded maximum packet size TCP : Non recoverable error"
9972476,"CPU : Address out of range ISO : The sum of fragments data exceded maximum packet size TCP : Valid name, no data record of requested type"
9973473,"CPU : Address out of range ISO : The sum of fragments data exceded maximum packet size TCP : Invalid address"
10027008,"CPU : Address out of range ISO : An error occurred during send"
10037012,"CPU : Address out of range ISO : An error occurred during send TCP : Interrupted system call"
10037017,"CPU : Address out of range ISO : An error occurred during send TCP : Bad file number"
10037021,"CPU : Address out of range ISO : An error occurred during send TCP : Permission denied"
10037022,"CPU : Address out of range ISO : An error occurred during send TCP : Bad address"
10037030,"CPU : Address out of range ISO : An error occurred during send TCP : Invalid argument"
10037032,"CPU : Address out of range ISO : An error occurred during send TCP : Too many open files"
10037043,"CPU : Address out of range ISO : An error occurred during send TCP : Operation would block"
10037044,"CPU : Address out of range ISO : An error occurred during send TCP : Operation now in progress"
10037045,"CPU : Address out of range ISO : An error occurred during send TCP : Operation already in progress"
10037046,"CPU : Address out of range ISO : An error occurred during send TCP : Socket operation on non socket"
10037047,"CPU : Address out of range ISO : An error occurred during send TCP : Destination address required"
10037048,"CPU : Address out of range ISO : An error occurred during send TCP : Message too long"
10037049,"CPU : Address out of range ISO : An error occurred during send TCP : Protocol wrong type for Socket"
10037050,"CPU : Address out of range ISO : An error occurred during send TCP : Protocol not available"
10037051,"CPU : Address out of range ISO : An error occurred during send TCP : Protocol not supported"
10037052,"CPU : Address out of range ISO : An error occurred during send TCP : Socket not supported"
10037053,"CPU : Address out of range ISO : An error occurred during send TCP : Operation not supported on Socket"
10037054,"CPU : Address out of range ISO : An error occurred during send TCP : Protocol family not supported"
10037055,"CPU : Address out of range ISO : An error occurred during send TCP : Address family not supported"
10037056,"CPU : Address out of range ISO : An error occurred during send TCP : Address already in use"
10037057,"CPU : Address out of range ISO : An error occurred during send TCP : Can't assign requested address"
10037058,"CPU : Address out of range ISO : An error occurred during send TCP : Network is down"
10037059,"CPU : Address out of range ISO : An error occurred during send TCP : Network is unreachable"
10037060,"CPU : Address out of range ISO : An error occurred during send TCP : Network dropped connection on reset"
10037061,"CPU : Address out of range ISO : An error occurred during send TCP : Software caused connection abort"
10037062,"CPU : Address out of range ISO : An error occurred during send TCP : Connection reset by peer"
10037063,"CPU : Address out of range ISO : An error occurred during send TCP : No Buffer space available"
10037064,"CPU : Address out of range ISO : An error occurred during send TCP : Socket is already connected"
10037065,"CPU : Address out of range ISO : An error occurred during send TCP : Socket is not connected"
10037066,"CPU : Address out of range ISO : An error occurred during send TCP : Can't send after Socket shutdown"
10037067,"CPU : Address out of range ISO : An error occurred during send TCP : Too many references:can't splice"
10037068,"CPU : Address out of range ISO : An error occurred during send TCP : Connection timed out"
10037069,"CPU : Address out of range ISO : An error occurred during send TCP : Connection refused"
10037070,"CPU : Address out of range ISO : An error occurred during send TCP : Too many levels of symbolic links"
10037071,"CPU : Address out of range ISO : An error occurred during send TCP : File name is too long"
10037072,"CPU : Address out of range ISO : An error occurred during send TCP : Host is down"
10037073,"CPU : Address out of range ISO : An error occurred during send TCP : Unreachable peer"
10037074,"CPU : Address out of range ISO : An error occurred during send TCP : Directory is not empty"
10037075,"CPU : Address out of range ISO : An error occurred during send TCP : Too many processes"
10037076,"CPU : Address out of range ISO : An error occurred during send TCP : Too many users"
10037077,"CPU : Address out of range ISO : An error occurred during send TCP : Disk quota exceeded"
10037078,"CPU : Address out of range ISO : An error occurred during send TCP : Stale NFS file handle"
10037079,"CPU : Address out of range ISO : An error occurred during send TCP : Too many levels of remote in path"
10037099,"CPU : Address out of range ISO : An error occurred during send TCP : Network subsystem is unusable"
10037100,"CPU : Address out of range ISO : An error occurred during send TCP : Winsock DLL cannot support this application"
10037101,"CPU : Address out of range ISO : An error occurred during send TCP : Winsock not initialized"
10037109,"CPU : Address out of range ISO : An error occurred during send TCP : Disconnect"
10038009,"CPU : Address out of range ISO : An error occurred during send TCP : Host not found"
10038010,"CPU : Address out of range ISO : An error occurred during send TCP : Non authoritative - host not found"
10038011,"CPU : Address out of range ISO : An error occurred during send TCP : Non recoverable error"
10038012,"CPU : Address out of range ISO : An error occurred during send TCP : Valid name, no data record of requested type"
10039009,"CPU : Address out of range ISO : An error occurred during send TCP : Invalid address"
10092544,"CPU : Address out of range ISO : An error occurred during recv"
10102548,"CPU : Address out of range ISO : An error occurred during recv TCP : Interrupted system call"
10102553,"CPU : Address out of range ISO : An error occurred during recv TCP : Bad file number"
10102557,"CPU : Address out of range ISO : An error occurred during recv TCP : Permission denied"
10102558,"CPU : Address out of range ISO : An error occurred during recv TCP : Bad address"
10102566,"CPU : Address out of range ISO : An error occurred during recv TCP : Invalid argument"
10102568,"CPU : Address out of range ISO : An error occurred during recv TCP : Too many open files"
10102579,"CPU : Address out of range ISO : An error occurred during recv TCP : Operation would block"
10102580,"CPU : Address out of range ISO : An error occurred during recv TCP : Operation now in progress"
10102581,"CPU : Address out of range ISO : An error occurred during recv TCP : Operation already in progress"
10102582,"CPU : Address out of range ISO : An error occurred during recv TCP : Socket operation on non socket"
10102583,"CPU : Address out of range ISO : An error occurred during recv TCP : Destination address required"
10102584,"CPU : Address out of range ISO : An error occurred during recv TCP : Message too long"
10102585,"CPU : Address out of range ISO : An error occurred during recv TCP : Protocol wrong type for Socket"
10102586,"CPU : Address out of range ISO : An error occurred during recv TCP : Protocol not available"
10102587,"CPU : Address out of range ISO : An error occurred during recv TCP : Protocol not supported"
10102588,"CPU : Address out of range ISO : An error occurred during recv TCP : Socket not supported"
10102589,"CPU : Address out of range ISO : An error occurred during recv TCP : Operation not supported on Socket"
10102590,"CPU : Address out of range ISO : An error occurred during recv TCP : Protocol family not supported"
10102591,"CPU : Address out of range ISO : An error occurred during recv TCP : Address family not supported"
10102592,"CPU : Address out of range ISO : An error occurred during recv TCP : Address already in use"
10102593,"CPU : Address out of range ISO : An error occurred during recv TCP : Can't assign requested address"
10102594,"CPU : Address out of range ISO : An error occurred during recv TCP : Network is down"
10102595,"CPU : Address out of range ISO : An error occurred during recv TCP : Network is unreachable"
10102596,"CPU : Address out of range ISO : An error occurred during recv TCP : Network dropped connection on reset"
10102597,"CPU : Address out of range ISO : An error occurred during recv TCP : Software caused connection abort"
10102598,"CPU : Address out of range ISO : An error occurred during recv TCP : Connection reset by peer"
10102599,"CPU : Address out of range ISO : An error occurred during recv TCP : No Buffer space available"
10102600,"CPU : Address out of range ISO : An error occurred during recv TCP : Socket is already connected"
10102601,"CPU : Address out of range ISO : An error occurred during recv TCP : Socket is not connected"
10102602,"CPU : Address out of range ISO : An error occurred during recv TCP : Can't send after Socket shutdown"
10102603,"CPU : Address out of range ISO : An error occurred during recv TCP : Too many references:can't splice"
10102604,"CPU : Address out of range ISO : An error occurred during recv TCP : Connection timed out"
10102605,"CPU : Address out of range ISO : An error occurred during recv TCP : Connection refused"
10102606,"CPU : Address out of range ISO : An error occurred during recv TCP : Too many levels of symbolic links"
10102607,"CPU : Address out of range ISO : An error occurred during recv TCP : File name is too long"
10102608,"CPU : Address out of range ISO : An error occurred during recv TCP : Host is down"
10102609,"CPU : Address out of range ISO : An error occurred during recv TCP : Unreachable peer"
10102610,"CPU : Address out of range ISO : An error occurred during recv TCP : Directory is not empty"
10102611,"CPU : Address out of range ISO : An error occurred during recv TCP : Too many processes"
10102612,"CPU : Address out of range ISO : An error occurred during recv TCP : Too many users"
10102613,"CPU : Address out of range ISO : An error occurred during recv TCP : Disk quota exceeded"
10102614,"CPU : Address out of range ISO : An error occurred during recv TCP : Stale NFS file handle"
10102615,"CPU : Address out of range ISO : An error occurred during recv TCP : Too many levels of remote in path"
10102635,"CPU : Address out of range ISO : An error occurred during recv TCP : Network subsystem is unusable"
10102636,"CPU : Address out of range ISO : An error occurred during recv TCP : Winsock DLL cannot support this application"
10102637,"CPU : Address out of range ISO : An error occurred during recv TCP : Winsock not initialized"
10102645,"CPU : Address out of range ISO : An error occurred during recv TCP : Disconnect"
10103545,"CPU : Address out of range ISO : An error occurred during recv TCP : Host not found"
10103546,"CPU : Address out of range ISO : An error occurred during recv TCP : Non authoritative - host not found"
10103547,"CPU : Address out of range ISO : An error occurred during recv TCP : Non recoverable error"
10103548,"CPU : Address out of range ISO : An error occurred during recv TCP : Valid name, no data record of requested type"
10104545,"CPU : Address out of range ISO : An error occurred during recv TCP : Invalid address"
10158080,"CPU : Address out of range ISO : Invalid connection params (wrong TSAPs)"
10168084,"CPU : Address out of range ISO : Invalid connection params (wrong TSAPs) TCP : Interrupted system call"
10168089,"CPU : Address out of range ISO : Invalid connection params (wrong TSAPs) TCP : Bad file number"
10168093,"CPU : Address out of range ISO : Invalid connection params (wrong TSAPs) TCP : Permission denied"
10168094,"CPU : Address out of range ISO : Invalid connection params (wrong TSAPs) TCP : Bad address"
10168102,"CPU : Address out of range ISO : Invalid connection params (wrong TSAPs) TCP : Invalid argument"
10168104,"CPU : Address out of range ISO : Invalid connection params (wrong TSAPs) TCP : Too many open files"
10168115,"CPU : Address out of range ISO : Invalid connection params (wrong TSAPs) TCP : Operation would block"
10168116,"CPU : Address out of range ISO : Invalid connection params (wrong TSAPs) TCP : Operation now in progress"
10168117,"CPU : Address out of range ISO : Invalid connection params (wrong TSAPs) TCP : Operation already in progress"
10168118,"CPU : Address out of range ISO : Invalid connection params (wrong TSAPs) TCP : Socket operation on non socket"
10168119,"CPU : Address out of range ISO : Invalid connection params (wrong TSAPs) TCP : Destination address required"
10168120,"CPU : Address out of range ISO : Invalid connection params (wrong TSAPs) TCP : Message too long"
10168121,"CPU : Address out of range ISO : Invalid connection params (wrong TSAPs) TCP : Protocol wrong type for Socket"
10168122,"CPU : Address out of range ISO : Invalid connection params (wrong TSAPs) TCP : Protocol not available"
10168123,"CPU : Address out of range ISO : Invalid connection params (wrong TSAPs) TCP : Protocol not supported"
10168124,"CPU : Address out of range ISO : Invalid connection params (wrong TSAPs) TCP : Socket not supported"
10168125,"CPU : Address out of range ISO : Invalid connection params (wrong TSAPs) TCP : Operation not supported on Socket"
10168126,"CPU : Address out of range ISO : Invalid connection params (wrong TSAPs) TCP : Protocol family not supported"
10168127,"CPU : Address out of range ISO : Invalid connection params (wrong TSAPs) TCP : Address family not supported"
10168128,"CPU : Address out of range ISO : Invalid connection params (wrong TSAPs) TCP : Address already in use"
10168129,"CPU : Address out of range ISO : Invalid connection params (wrong TSAPs) TCP : Can't assign requested address"
10168130,"CPU : Address out of range ISO : Invalid connection params (wrong TSAPs) TCP : Network is down"
10168131,"CPU : Address out of range ISO : Invalid connection params (wrong TSAPs) TCP : Network is unreachable"
10168132,"CPU : Address out of range ISO : Invalid connection params (wrong TSAPs) TCP : Network dropped connection on reset"
10168133,"CPU : Address out of range ISO : Invalid connection params (wrong TSAPs) TCP : Software caused connection abort"
10168134,"CPU : Address out of range ISO : Invalid connection params (wrong TSAPs) TCP : Connection reset by peer"
10168135,"CPU : Address out of range ISO : Invalid connection params (wrong TSAPs) TCP : No Buffer space available"
10168136,"CPU : Address out of range ISO : Invalid connection params (wrong TSAPs) TCP : Socket is already connected"
10168137,"CPU : Address out of range ISO : Invalid connection params (wrong TSAPs) TCP : Socket is not connected"
10168138,"CPU : Address out of range ISO : Invalid connection params (wrong TSAPs) TCP : Can't send after Socket shutdown"
10168139,"CPU : Address out of range ISO : Invalid connection params (wrong TSAPs) TCP : Too many references:can't splice"
10168140,"CPU : Address out of range ISO : Invalid connection params (wrong TSAPs) TCP : Connection timed out"
10168141,"CPU : Address out of range ISO : Invalid connection params (wrong TSAPs) TCP : Connection refused"
10168142,"CPU : Address out of range ISO : Invalid connection params (wrong TSAPs) TCP : Too many levels of symbolic links"
10168143,"CPU : Address out of range ISO : Invalid connection params (wrong TSAPs) TCP : File name is too long"
10168144,"CPU : Address out of range ISO : Invalid connection params (wrong TSAPs) TCP : Host is down"
10168145,"CPU : Address out of range ISO : Invalid connection params (wrong TSAPs) TCP : Unreachable peer"
10168146,"CPU : Address out of range ISO : Invalid connection params (wrong TSAPs) TCP : Directory is not empty"
10168147,"CPU : Address out of range ISO : Invalid connection params (wrong TSAPs) TCP : Too many processes"
10168148,"CPU : Address out of range ISO : Invalid connection params (wrong TSAPs) TCP : Too many users"
10168149,"CPU : Address out of range ISO : Invalid connection params (wrong TSAPs) TCP : Disk quota exceeded"
10168150,"CPU : Address out of range ISO : Invalid connection params (wrong TSAPs) TCP : Stale NFS file handle"
10168151,"CPU : Address out of range ISO : Invalid connection params (wrong TSAPs) TCP : Too many levels of remote in path"
10168171,"CPU : Address out of range ISO : Invalid connection params (wrong TSAPs) TCP : Network subsystem is unusable"
10168172,"CPU : Address out of range ISO : Invalid connection params (wrong TSAPs) TCP : Winsock DLL cannot support this application"
10168173,"CPU : Address out of range ISO : Invalid connection params (wrong TSAPs) TCP : Winsock not initialized"
10168181,"CPU : Address out of range ISO : Invalid connection params (wrong TSAPs) TCP : Disconnect"
10169081,"CPU : Address out of range ISO : Invalid connection params (wrong TSAPs) TCP : Host not found"
10169082,"CPU : Address out of range ISO : Invalid connection params (wrong TSAPs) TCP : Non authoritative - host not found"
10169083,"CPU : Address out of range ISO : Invalid connection params (wrong TSAPs) TCP : Non recoverable error"
10169084,"CPU : Address out of range ISO : Invalid connection params (wrong TSAPs) TCP : Valid name, no data record of requested type"
10170081,"CPU : Address out of range ISO : Invalid connection params (wrong TSAPs) TCP : Invalid address"
10223616,"CPU : Address out of range ISO : Unknown error (0x000c0000)"
10233620,"CPU : Address out of range ISO : Unknown error (0x000c0000) TCP : Interrupted system call"
10233625,"CPU : Address out of range ISO : Unknown error (0x000c0000) TCP : Bad file number"
10233629,"CPU : Address out of range ISO : Unknown error (0x000c0000) TCP : Permission denied"
10233630,"CPU : Address out of range ISO : Unknown error (0x000c0000) TCP : Bad address"
10233638,"CPU : Address out of range ISO : Unknown error (0x000c0000) TCP : Invalid argument"
10233640,"CPU : Address out of range ISO : Unknown error (0x000c0000) TCP : Too many open files"
10233651,"CPU : Address out of range ISO : Unknown error (0x000c0000) TCP : Operation would block"
10233652,"CPU : Address out of range ISO : Unknown error (0x000c0000) TCP : Operation now in progress"
10233653,"CPU : Address out of range ISO : Unknown error (0x000c0000) TCP : Operation already in progress"
10233654,"CPU : Address out of range ISO : Unknown error (0x000c0000) TCP : Socket operation on non socket"
10233655,"CPU : Address out of range ISO : Unknown error (0x000c0000) TCP : Destination address required"
10233656,"CPU : Address out of range ISO : Unknown error (0x000c0000) TCP : Message too long"
10233657,"CPU : Address out of range ISO : Unknown error (0x000c0000) TCP : Protocol wrong type for Socket"
10233658,"CPU : Address out of range ISO : Unknown error (0x000c0000) TCP : Protocol not available"
10233659,"CPU : Address out of range ISO : Unknown error (0x000c0000) TCP : Protocol not supported"
10233660,"CPU : Address out of range ISO : Unknown error (0x000c0000) TCP : Socket not supported"
10233661,"CPU : Address out of range ISO : Unknown error (0x000c0000) TCP : Operation not supported on Socket"
10233662,"CPU : Address out of range ISO : Unknown error (0x000c0000) TCP : Protocol family not supported"
10233663,"CPU : Address out of range ISO : Unknown error (0x000c0000) TCP : Address family not supported"
10233664,"CPU : Address out of range ISO : Unknown error (0x000c0000) TCP : Address already in use"
10233665,"CPU : Address out of range ISO : Unknown error (0x000c0000) TCP : Can't assign requested address"
10233666,"CPU : Address out of range ISO : Unknown error (0x000c0000) TCP : Network is down"
10233667,"CPU : Address out of range ISO : Unknown error (0x000c0000) TCP : Network is unreachable"
10233668,"CPU : Address out of range ISO : Unknown error (0x000c0000) TCP : Network dropped connection on reset"
10233669,"CPU : Address out of range ISO : Unknown error (0x000c0000) TCP : Software caused connection abort"
10233670,"CPU : Address out of range ISO : Unknown error (0x000c0000) TCP : Connection reset by peer"
10233671,"CPU : Address out of range ISO : Unknown error (0x000c0000) TCP : No Buffer space available"
10233672,"CPU : Address out of range ISO : Unknown error (0x000c0000) TCP : Socket is already connected"
10233673,"CPU : Address out of range ISO : Unknown error (0x000c0000) TCP : Socket is not connected"
10233674,"CPU : Address out of range ISO : Unknown error (0x000c0000) TCP : Can't send after Socket shutdown"
10233675,"CPU : Address out of range ISO : Unknown error (0x000c0000) TCP : Too many references:can't splice"
10233676,"CPU : Address out of range ISO : Unknown error (0x000c0000) TCP : Connection timed out"
10233677,"CPU : Address out of range ISO : Unknown error (0x000c0000) TCP : Connection refused"
10233678,"CPU : Address out of range ISO : Unknown error (0x000c0000) TCP : Too many levels of symbolic links"
10233679,"CPU : Address out of range ISO : Unknown error (0x000c0000) TCP : File name is too long"
10233680,"CPU : Address out of range ISO : Unknown error (0x000c0000) TCP : Host is down"
10233681,"CPU : Address out of range ISO : Unknown error (0x000c0000) TCP : Unreachable peer"
10233682,"CPU : Address out of range ISO : Unknown error (0x000c0000) TCP : Directory is not empty"
10233683,"CPU : Address out of range ISO : Unknown error (0x000c0000) TCP : Too many processes"
10233684,"CPU : Address out of range ISO : Unknown error (0x000c0000) TCP : Too many users"
10233685,"CPU : Address out of range ISO : Unknown error (0x000c0000) TCP : Disk quota exceeded"
10233686,"CPU : Address out of range ISO : Unknown error (0x000c0000) TCP : Stale NFS file handle"
10233687,"CPU : Address out of range ISO : Unknown error (0x000c0000) TCP : Too many levels of remote in path"
10233707,"CPU : Address out of range ISO : Unknown error (0x000c0000) TCP : Network subsystem is unusable"
10233708,"CPU : Address out of range ISO : Unknown error (0x000c0000) TCP : Winsock DLL cannot support this application"
10233709,"CPU : Address out of range ISO : Unknown error (0x000c0000) TCP : Winsock not initialized"
10233717,"CPU : Address out of range ISO : Unknown error (0x000c0000) TCP : Disconnect"
10234617,"CPU : Address out of range ISO : Unknown error (0x000c0000) TCP : Host not found"
10234618,"CPU : Address out of range ISO : Unknown error (0x000c0000) TCP : Non authoritative - host not found"
10234619,"CPU : Address out of range ISO : Unknown error (0x000c0000) TCP : Non recoverable error"
10234620,"CPU : Address out of range ISO : Unknown error (0x000c0000) TCP : Valid name, no data record of requested type"
10235617,"CPU : Address out of range ISO : Unknown error (0x000c0000) TCP : Invalid address"
10289152,"CPU : Address out of range ISO : Unknown error (0x000d0000)"
10299156,"CPU : Address out of range ISO : Unknown error (0x000d0000) TCP : Interrupted system call"
10299161,"CPU : Address out of range ISO : Unknown error (0x000d0000) TCP : Bad file number"
10299165,"CPU : Address out of range ISO : Unknown error (0x000d0000) TCP : Permission denied"
10299166,"CPU : Address out of range ISO : Unknown error (0x000d0000) TCP : Bad address"
10299174,"CPU : Address out of range ISO : Unknown error (0x000d0000) TCP : Invalid argument"
10299176,"CPU : Address out of range ISO : Unknown error (0x000d0000) TCP : Too many open files"
10299187,"CPU : Address out of range ISO : Unknown error (0x000d0000) TCP : Operation would block"
10299188,"CPU : Address out of range ISO : Unknown error (0x000d0000) TCP : Operation now in progress"
10299189,"CPU : Address out of range ISO : Unknown error (0x000d0000) TCP : Operation already in progress"
10299190,"CPU : Address out of range ISO : Unknown error (0x000d0000) TCP : Socket operation on non socket"
10299191,"CPU : Address out of range ISO : Unknown error (0x000d0000) TCP : Destination address required"
10299192,"CPU : Address out of range ISO : Unknown error (0x000d0000) TCP : Message too long"
10299193,"CPU : Address out of range ISO : Unknown error (0x000d0000) TCP : Protocol wrong type for Socket"
10299194,"CPU : Address out of range ISO : Unknown error (0x000d0000) TCP : Protocol not available"
10299195,"CPU : Address out of range ISO : Unknown error (0x000d0000) TCP : Protocol not supported"
10299196,"CPU : Address out of range ISO : Unknown error (0x000d0000) TCP : Socket not supported"
10299197,"CPU : Address out of range ISO : Unknown error (0x000d0000) TCP : Operation not supported on Socket"
10299198,"CPU : Address out of range ISO : Unknown error (0x000d0000) TCP : Protocol family not supported"
10299199,"CPU : Address out of range ISO : Unknown error (0x000d0000) TCP : Address family not supported"
10299200,"CPU : Address out of range ISO : Unknown error (0x000d0000) TCP : Address already in use"
10299201,"CPU : Address out of range ISO : Unknown error (0x000d0000) TCP : Can't assign requested address"
10299202,"CPU : Address out of range ISO : Unknown error (0x000d0000) TCP : Network is down"
10299203,"CPU : Address out of range ISO : Unknown error (0x000d0000) TCP : Network is unreachable"
10299204,"CPU : Address out of range ISO : Unknown error (0x000d0000) TCP : Network dropped connection on reset"
10299205,"CPU : Address out of range ISO : Unknown error (0x000d0000) TCP : Software caused connection abort"
10299206,"CPU : Address out of range ISO : Unknown error (0x000d0000) TCP : Connection reset by peer"
10299207,"CPU : Address out of range ISO : Unknown error (0x000d0000) TCP : No Buffer space available"
10299208,"CPU : Address out of range ISO : Unknown error (0x000d0000) TCP : Socket is already connected"
10299209,"CPU : Address out of range ISO : Unknown error (0x000d0000) TCP : Socket is not connected"
10299210,"CPU : Address out of range ISO : Unknown error (0x000d0000) TCP : Can't send after Socket shutdown"
10299211,"CPU : Address out of range ISO : Unknown error (0x000d0000) TCP : Too many references:can't splice"
10299212,"CPU : Address out of range ISO : Unknown error (0x000d0000) TCP : Connection timed out"
10299213,"CPU : Address out of range ISO : Unknown error (0x000d0000) TCP : Connection refused"
10299214,"CPU : Address out of range ISO : Unknown error (0x000d0000) TCP : Too many levels of symbolic links"
10299215,"CPU : Address out of range ISO : Unknown error (0x000d0000) TCP : File name is too long"
10299216,"CPU : Address out of range ISO : Unknown error (0x000d0000) TCP : Host is down"
10299217,"CPU : Address out of range ISO : Unknown error (0x000d0000) TCP : Unreachable peer"
10299218,"CPU : Address out of range ISO : Unknown error (0x000d0000) TCP : Directory is not empty"
10299219,"CPU : Address out of range ISO : Unknown error (0x000d0000) TCP : Too many processes"
10299220,"CPU : Address out of range ISO : Unknown error (0x000d0000) TCP : Too many users"
10299221,"CPU : Address out of range ISO : Unknown error (0x000d0000) TCP : Disk quota exceeded"
10299222,"CPU : Address out of range ISO : Unknown error (0x000d0000) TCP : Stale NFS file handle"
10299223,"CPU : Address out of range ISO : Unknown error (0x000d0000) TCP : Too many levels of remote in path"
10299243,"CPU : Address out of range ISO : Unknown error (0x000d0000) TCP : Network subsystem is unusable"
10299244,"CPU : Address out of range ISO : Unknown error (0x000d0000) TCP : Winsock DLL cannot support this application"
10299245,"CPU : Address out of range ISO : Unknown error (0x000d0000) TCP : Winsock not initialized"
10299253,"CPU : Address out of range ISO : Unknown error (0x000d0000) TCP : Disconnect"
10300153,"CPU : Address out of range ISO : Unknown error (0x000d0000) TCP : Host not found"
10300154,"CPU : Address out of range ISO : Unknown error (0x000d0000) TCP : Non authoritative - host not found"
10300155,"CPU : Address out of range ISO : Unknown error (0x000d0000) TCP : Non recoverable error"
10300156,"CPU : Address out of range ISO : Unknown error (0x000d0000) TCP : Valid name, no data record of requested type"
10301153,"CPU : Address out of range ISO : Unknown error (0x000d0000) TCP : Invalid address"
10354688,"CPU : Address out of range ISO : Unknown error (0x000e0000)"
10364692,"CPU : Address out of range ISO : Unknown error (0x000e0000) TCP : Interrupted system call"
10364697,"CPU : Address out of range ISO : Unknown error (0x000e0000) TCP : Bad file number"
10364701,"CPU : Address out of range ISO : Unknown error (0x000e0000) TCP : Permission denied"
10364702,"CPU : Address out of range ISO : Unknown error (0x000e0000) TCP : Bad address"
10364710,"CPU : Address out of range ISO : Unknown error (0x000e0000) TCP : Invalid argument"
10364712,"CPU : Address out of range ISO : Unknown error (0x000e0000) TCP : Too many open files"
10364723,"CPU : Address out of range ISO : Unknown error (0x000e0000) TCP : Operation would block"
10364724,"CPU : Address out of range ISO : Unknown error (0x000e0000) TCP : Operation now in progress"
10364725,"CPU : Address out of range ISO : Unknown error (0x000e0000) TCP : Operation already in progress"
10364726,"CPU : Address out of range ISO : Unknown error (0x000e0000) TCP : Socket operation on non socket"
10364727,"CPU : Address out of range ISO : Unknown error (0x000e0000) TCP : Destination address required"
10364728,"CPU : Address out of range ISO : Unknown error (0x000e0000) TCP : Message too long"
10364729,"CPU : Address out of range ISO : Unknown error (0x000e0000) TCP : Protocol wrong type for Socket"
10364730,"CPU : Address out of range ISO : Unknown error (0x000e0000) TCP : Protocol not available"
10364731,"CPU : Address out of range ISO : Unknown error (0x000e0000) TCP : Protocol not supported"
10364732,"CPU : Address out of range ISO : Unknown error (0x000e0000) TCP : Socket not supported"
10364733,"CPU : Address out of range ISO : Unknown error (0x000e0000) TCP : Operation not supported on Socket"
10364734,"CPU : Address out of range ISO : Unknown error (0x000e0000) TCP : Protocol family not supported"
10364735,"CPU : Address out of range ISO : Unknown error (0x000e0000) TCP : Address family not supported"
10364736,"CPU : Address out of range ISO : Unknown error (0x000e0000) TCP : Address already in use"
10364737,"CPU : Address out of range ISO : Unknown error (0x000e0000) TCP : Can't assign requested address"
10364738,"CPU : Address out of range ISO : Unknown error (0x000e0000) TCP : Network is down"
10364739,"CPU : Address out of range ISO : Unknown error (0x000e0000) TCP : Network is unreachable"
10364740,"CPU : Address out of range ISO : Unknown error (0x000e0000) TCP : Network dropped connection on reset"
10364741,"CPU : Address out of range ISO : Unknown error (0x000e0000) TCP : Software caused connection abort"
10364742,"CPU : Address out of range ISO : Unknown error (0x000e0000) TCP : Connection reset by peer"
10364743,"CPU : Address out of range ISO : Unknown error (0x000e0000) TCP : No Buffer space available"
10364744,"CPU : Address out of range ISO : Unknown error (0x000e0000) TCP : Socket is already connected"
10364745,"CPU : Address out of range ISO : Unknown error (0x000e0000) TCP : Socket is not connected"
10364746,"CPU : Address out of range ISO : Unknown error (0x000e0000) TCP : Can't send after Socket shutdown"
10364747,"CPU : Address out of range ISO : Unknown error (0x000e0000) TCP : Too many references:can't splice"
10364748,"CPU : Address out of range ISO : Unknown error (0x000e0000) TCP : Connection timed out"
10364749,"CPU : Address out of range ISO : Unknown error (0x000e0000) TCP : Connection refused"
10364750,"CPU : Address out of range ISO : Unknown error (0x000e0000) TCP : Too many levels of symbolic links"
10364751,"CPU : Address out of range ISO : Unknown error (0x000e0000) TCP : File name is too long"
10364752,"CPU : Address out of range ISO : Unknown error (0x000e0000) TCP : Host is down"
10364753,"CPU : Address out of range ISO : Unknown error (0x000e0000) TCP : Unreachable peer"
10364754,"CPU : Address out of range ISO : Unknown error (0x000e0000) TCP : Directory is not empty"
10364755,"CPU : Address out of range ISO : Unknown error (0x000e0000) TCP : Too many processes"
10364756,"CPU : Address out of range ISO : Unknown error (0x000e0000) TCP : Too many users"
10364757,"CPU : Address out of range ISO : Unknown error (0x000e0000) TCP : Disk quota exceeded"
10364758,"CPU : Address out of range ISO : Unknown error (0x000e0000) TCP : Stale NFS file handle"
10364759,"CPU : Address out of range ISO : Unknown error (0x000e0000) TCP : Too many levels of remote in path"
10364779,"CPU : Address out of range ISO : Unknown error (0x000e0000) TCP : Network subsystem is unusable"
10364780,"CPU : Address out of range ISO : Unknown error (0x000e0000) TCP : Winsock DLL cannot support this application"
10364781,"CPU : Address out of range ISO : Unknown error (0x000e0000) TCP : Winsock not initialized"
10364789,"CPU : Address out of range ISO : Unknown error (0x000e0000) TCP : Disconnect"
10365689,"CPU : Address out of range ISO : Unknown error (0x000e0000) TCP : Host not found"
10365690,"CPU : Address out of range ISO : Unknown error (0x000e0000) TCP : Non authoritative - host not found"
10365691,"CPU : Address out of range ISO : Unknown error (0x000e0000) TCP : Non recoverable error"
10365692,"CPU : Address out of range ISO : Unknown error (0x000e0000) TCP : Valid name, no data record of requested type"
10366689,"CPU : Address out of range ISO : Unknown error (0x000e0000) TCP : Invalid address"
10420224,"CPU : Address out of range ISO : Unknown error (0x000f0000)"
10430228,"CPU : Address out of range ISO : Unknown error (0x000f0000) TCP : Interrupted system call"
10430233,"CPU : Address out of range ISO : Unknown error (0x000f0000) TCP : Bad file number"
10430237,"CPU : Address out of range ISO : Unknown error (0x000f0000) TCP : Permission denied"
10430238,"CPU : Address out of range ISO : Unknown error (0x000f0000) TCP : Bad address"
10430246,"CPU : Address out of range ISO : Unknown error (0x000f0000) TCP : Invalid argument"
10430248,"CPU : Address out of range ISO : Unknown error (0x000f0000) TCP : Too many open files"
10430259,"CPU : Address out of range ISO : Unknown error (0x000f0000) TCP : Operation would block"
10430260,"CPU : Address out of range ISO : Unknown error (0x000f0000) TCP : Operation now in progress"
10430261,"CPU : Address out of range ISO : Unknown error (0x000f0000) TCP : Operation already in progress"
10430262,"CPU : Address out of range ISO : Unknown error (0x000f0000) TCP : Socket operation on non socket"
10430263,"CPU : Address out of range ISO : Unknown error (0x000f0000) TCP : Destination address required"
10430264,"CPU : Address out of range ISO : Unknown error (0x000f0000) TCP : Message too long"
10430265,"CPU : Address out of range ISO : Unknown error (0x000f0000) TCP : Protocol wrong type for Socket"
10430266,"CPU : Address out of range ISO : Unknown error (0x000f0000) TCP : Protocol not available"
10430267,"CPU : Address out of range ISO : Unknown error (0x000f0000) TCP : Protocol not supported"
10430268,"CPU : Address out of range ISO : Unknown error (0x000f0000) TCP : Socket not supported"
10430269,"CPU : Address out of range ISO : Unknown error (0x000f0000) TCP : Operation not supported on Socket"
10430270,"CPU : Address out of range ISO : Unknown error (0x000f0000) TCP : Protocol family not supported"
10430271,"CPU : Address out of range ISO : Unknown error (0x000f0000) TCP : Address family not supported"
10430272,"CPU : Address out of range ISO : Unknown error (0x000f0000) TCP : Address already in use"
10430273,"CPU : Address out of range ISO : Unknown error (0x000f0000) TCP : Can't assign requested address"
10430274,"CPU : Address out of range ISO : Unknown error (0x000f0000) TCP : Network is down"
10430275,"CPU : Address out of range ISO : Unknown error (0x000f0000) TCP : Network is unreachable"
10430276,"CPU : Address out of range ISO : Unknown error (0x000f0000) TCP : Network dropped connection on reset"
10430277,"CPU : Address out of range ISO : Unknown error (0x000f0000) TCP : Software caused connection abort"
10430278,"CPU : Address out of range ISO : Unknown error (0x000f0000) TCP : Connection reset by peer"
10430279,"CPU : Address out of range ISO : Unknown error (0x000f0000) TCP : No Buffer space available"
10430280,"CPU : Address out of range ISO : Unknown error (0x000f0000) TCP : Socket is already connected"
10430281,"CPU : Address out of range ISO : Unknown error (0x000f0000) TCP : Socket is not connected"
10430282,"CPU : Address out of range ISO : Unknown error (0x000f0000) TCP : Can't send after Socket shutdown"
10430283,"CPU : Address out of range ISO : Unknown error (0x000f0000) TCP : Too many references:can't splice"
10430284,"CPU : Address out of range ISO : Unknown error (0x000f0000) TCP : Connection timed out"
10430285,"CPU : Address out of range ISO : Unknown error (0x000f0000) TCP : Connection refused"
10430286,"CPU : Address out of range ISO : Unknown error (0x000f0000) TCP : Too many levels of symbolic links"
10430287,"CPU : Address out of range ISO : Unknown error (0x000f0000) TCP : File name is too long"
10430288,"CPU : Address out of range ISO : Unknown error (0x000f0000) TCP : Host is down"
10430289,"CPU : Address out of range ISO : Unknown error (0x000f0000) TCP : Unreachable peer"
10430290,"CPU : Address out of range ISO : Unknown error (0x000f0000) TCP : Directory is not empty"
10430291,"CPU : Address out of range ISO : Unknown error (0x000f0000) TCP : Too many processes"
10430292,"CPU : Address out of range ISO : Unknown error (0x000f0000) TCP : Too many users"
10430293,"CPU : Address out of range ISO : Unknown error (0x000f0000) TCP : Disk quota exceeded"
10430294,"CPU : Address out of range ISO : Unknown error (0x000f0000) TCP : Stale NFS file handle"
10430295,"CPU : Address out of range ISO : Unknown error (0x000f0000) TCP : Too many levels of remote in path"
10430315,"CPU : Address out of range ISO : Unknown error (0x000f0000) TCP : Network subsystem is unusable"
10430316,"CPU : Address out of range ISO : Unknown error (0x000f0000) TCP : Winsock DLL cannot support this application"
10430317,"CPU : Address out of range ISO : Unknown error (0x000f0000) TCP : Winsock not initialized"
10430325,"CPU : Address out of range ISO : Unknown error (0x000f0000) TCP : Disconnect"
10431225,"CPU : Address out of range ISO : Unknown error (0x000f0000) TCP : Host not found"
10431226,"CPU : Address out of range ISO : Unknown error (0x000f0000) TCP : Non authoritative - host not found"
10431227,"CPU : Address out of range ISO : Unknown error (0x000f0000) TCP : Non recoverable error"
10431228,"CPU : Address out of range ISO : Unknown error (0x000f0000) TCP : Valid name, no data record of requested type"
10432225,"CPU : Address out of range ISO : Unknown error (0x000f0000) TCP : Invalid address"
10485760,"CPU : Invalid Transport size"
10495764,"CPU : Invalid Transport size TCP : Interrupted system call"
10495769,"CPU : Invalid Transport size TCP : Bad file number"
10495773,"CPU : Invalid Transport size TCP : Permission denied"
10495774,"CPU : Invalid Transport size TCP : Bad address"
10495782,"CPU : Invalid Transport size TCP : Invalid argument"
10495784,"CPU : Invalid Transport size TCP : Too many open files"
10495795,"CPU : Invalid Transport size TCP : Operation would block"
10495796,"CPU : Invalid Transport size TCP : Operation now in progress"
10495797,"CPU : Invalid Transport size TCP : Operation already in progress"
10495798,"CPU : Invalid Transport size TCP : Socket operation on non socket"
10495799,"CPU : Invalid Transport size TCP : Destination address required"
10495800,"CPU : Invalid Transport size TCP : Message too long"
10495801,"CPU : Invalid Transport size TCP : Protocol wrong type for Socket"
10495802,"CPU : Invalid Transport size TCP : Protocol not available"
10495803,"CPU : Invalid Transport size TCP : Protocol not supported"
10495804,"CPU : Invalid Transport size TCP : Socket not supported"
10495805,"CPU : Invalid Transport size TCP : Operation not supported on Socket"
10495806,"CPU : Invalid Transport size TCP : Protocol family not supported"
10495807,"CPU : Invalid Transport size TCP : Address family not supported"
10495808,"CPU : Invalid Transport size TCP : Address already in use"
10495809,"CPU : Invalid Transport size TCP : Can't assign requested address"
10495810,"CPU : Invalid Transport size TCP : Network is down"
10495811,"CPU : Invalid Transport size TCP : Network is unreachable"
10495812,"CPU : Invalid Transport size TCP : Network dropped connection on reset"
10495813,"CPU : Invalid Transport size TCP : Software caused connection abort"
10495814,"CPU : Invalid Transport size TCP : Connection reset by peer"
10495815,"CPU : Invalid Transport size TCP : No Buffer space available"
10495816,"CPU : Invalid Transport size TCP : Socket is already connected"
10495817,"CPU : Invalid Transport size TCP : Socket is not connected"
10495818,"CPU : Invalid Transport size TCP : Can't send after Socket shutdown"
10495819,"CPU : Invalid Transport size TCP : Too many references:can't splice"
10495820,"CPU : Invalid Transport size TCP : Connection timed out"
10495821,"CPU : Invalid Transport size TCP : Connection refused"
10495822,"CPU : Invalid Transport size TCP : Too many levels of symbolic links"
10495823,"CPU : Invalid Transport size TCP : File name is too long"
10495824,"CPU : Invalid Transport size TCP : Host is down"
10495825,"CPU : Invalid Transport size TCP : Unreachable peer"
10495826,"CPU : Invalid Transport size TCP : Directory is not empty"
10495827,"CPU : Invalid Transport size TCP : Too many processes"
10495828,"CPU : Invalid Transport size TCP : Too many users"
10495829,"CPU : Invalid Transport size TCP : Disk quota exceeded"
10495830,"CPU : Invalid Transport size TCP : Stale NFS file handle"
10495831,"CPU : Invalid Transport size TCP : Too many levels of remote in path"
10495851,"CPU : Invalid Transport size TCP : Network subsystem is unusable"
10495852,"CPU : Invalid Transport size TCP : Winsock DLL cannot support this application"
10495853,"CPU : Invalid Transport size TCP : Winsock not initialized"
10495861,"CPU : Invalid Transport size TCP : Disconnect"
10496761,"CPU : Invalid Transport size TCP : Host not found"
10496762,"CPU : Invalid Transport size TCP : Non authoritative - host not found"
10496763,"CPU : Invalid Transport size TCP : Non recoverable error"
10496764,"CPU : Invalid Transport size TCP : Valid name, no data record of requested type"
10497761,"CPU : Invalid Transport size TCP : Invalid address"
10551296,"CPU : Invalid Transport size ISO : Connection error"
10561300,"CPU : Invalid Transport size ISO : Connection error TCP : Interrupted system call"
10561305,"CPU : Invalid Transport size ISO : Connection error TCP : Bad file number"
10561309,"CPU : Invalid Transport size ISO : Connection error TCP : Permission denied"
10561310,"CPU : Invalid Transport size ISO : Connection error TCP : Bad address"
10561318,"CPU : Invalid Transport size ISO : Connection error TCP : Invalid argument"
10561320,"CPU : Invalid Transport size ISO : Connection error TCP : Too many open files"
10561331,"CPU : Invalid Transport size ISO : Connection error TCP : Operation would block"
10561332,"CPU : Invalid Transport size ISO : Connection error TCP : Operation now in progress"
10561333,"CPU : Invalid Transport size ISO : Connection error TCP : Operation already in progress"
10561334,"CPU : Invalid Transport size ISO : Connection error TCP : Socket operation on non socket"
10561335,"CPU : Invalid Transport size ISO : Connection error TCP : Destination address required"
10561336,"CPU : Invalid Transport size ISO : Connection error TCP : Message too long"
10561337,"CPU : Invalid Transport size ISO : Connection error TCP : Protocol wrong type for Socket"
10561338,"CPU : Invalid Transport size ISO : Connection error TCP : Protocol not available"
10561339,"CPU : Invalid Transport size ISO : Connection error TCP : Protocol not supported"
10561340,"CPU : Invalid Transport size ISO : Connection error TCP : Socket not supported"
10561341,"CPU : Invalid Transport size ISO : Connection error TCP : Operation not supported on Socket"
10561342,"CPU : Invalid Transport size ISO : Connection error TCP : Protocol family not supported"
10561343,"CPU : Invalid Transport size ISO : Connection error TCP : Address family not supported"
10561344,"CPU : Invalid Transport size ISO : Connection error TCP : Address already in use"
10561345,"CPU : Invalid Transport size ISO : Connection error TCP : Can't assign requested address"
10561346,"CPU : Invalid Transport size ISO : Connection error TCP : Network is down"
10561347,"CPU : Invalid Transport size ISO : Connection error TCP : Network is unreachable"
10561348,"CPU : Invalid Transport size ISO : Connection error TCP : Network dropped connection on reset"
10561349,"CPU : Invalid Transport size ISO : Connection error TCP : Software caused connection abort"
10561350,"CPU : Invalid Transport size ISO : Connection error TCP : Connection reset by peer"
10561351,"CPU : Invalid Transport size ISO : Connection error TCP : No Buffer space available"
10561352,"CPU : Invalid Transport size ISO : Connection error TCP : Socket is already connected"
10561353,"CPU : Invalid Transport size ISO : Connection error TCP : Socket is not connected"
10561354,"CPU : Invalid Transport size ISO : Connection error TCP : Can't send after Socket shutdown"
10561355,"CPU : Invalid Transport size ISO : Connection error TCP : Too many references:can't splice"
10561356,"CPU : Invalid Transport size ISO : Connection error TCP : Connection timed out"
10561357,"CPU : Invalid Transport size ISO : Connection error TCP : Connection refused"
10561358,"CPU : Invalid Transport size ISO : Connection error TCP : Too many levels of symbolic links"
10561359,"CPU : Invalid Transport size ISO : Connection error TCP : File name is too long"
10561360,"CPU : Invalid Transport size ISO : Connection error TCP : Host is down"
10561361,"CPU : Invalid Transport size ISO : Connection error TCP : Unreachable peer"
10561362,"CPU : Invalid Transport size ISO : Connection error TCP : Directory is not empty"
10561363,"CPU : Invalid Transport size ISO : Connection error TCP : Too many processes"
10561364,"CPU : Invalid Transport size ISO : Connection error TCP : Too many users"
10561365,"CPU : Invalid Transport size ISO : Connection error TCP : Disk quota exceeded"
10561366,"CPU : Invalid Transport size ISO : Connection error TCP : Stale NFS file handle"
10561367,"CPU : Invalid Transport size ISO : Connection error TCP : Too many levels of remote in path"
10561387,"CPU : Invalid Transport size ISO : Connection error TCP : Network subsystem is unusable"
10561388,"CPU : Invalid Transport size ISO : Connection error TCP : Winsock DLL cannot support this application"
10561389,"CPU : Invalid Transport size ISO : Connection error TCP : Winsock not initialized"
10561397,"CPU : Invalid Transport size ISO : Connection error TCP : Disconnect"
10562297,"CPU : Invalid Transport size ISO : Connection error TCP : Host not found"
10562298,"CPU : Invalid Transport size ISO : Connection error TCP : Non authoritative - host not found"
10562299,"CPU : Invalid Transport size ISO : Connection error TCP : Non recoverable error"
10562300,"CPU : Invalid Transport size ISO : Connection error TCP : Valid name, no data record of requested type"
10563297,"CPU : Invalid Transport size ISO : Connection error TCP : Invalid address"
10616832,"CPU : Invalid Transport size ISO : Disconnect error"
10626836,"CPU : Invalid Transport size ISO : Disconnect error TCP : Interrupted system call"
10626841,"CPU : Invalid Transport size ISO : Disconnect error TCP : Bad file number"
10626845,"CPU : Invalid Transport size ISO : Disconnect error TCP : Permission denied"
10626846,"CPU : Invalid Transport size ISO : Disconnect error TCP : Bad address"
10626854,"CPU : Invalid Transport size ISO : Disconnect error TCP : Invalid argument"
10626856,"CPU : Invalid Transport size ISO : Disconnect error TCP : Too many open files"
10626867,"CPU : Invalid Transport size ISO : Disconnect error TCP : Operation would block"
10626868,"CPU : Invalid Transport size ISO : Disconnect error TCP : Operation now in progress"
10626869,"CPU : Invalid Transport size ISO : Disconnect error TCP : Operation already in progress"
10626870,"CPU : Invalid Transport size ISO : Disconnect error TCP : Socket operation on non socket"
10626871,"CPU : Invalid Transport size ISO : Disconnect error TCP : Destination address required"
10626872,"CPU : Invalid Transport size ISO : Disconnect error TCP : Message too long"
10626873,"CPU : Invalid Transport size ISO : Disconnect error TCP : Protocol wrong type for Socket"
10626874,"CPU : Invalid Transport size ISO : Disconnect error TCP : Protocol not available"
10626875,"CPU : Invalid Transport size ISO : Disconnect error TCP : Protocol not supported"
10626876,"CPU : Invalid Transport size ISO : Disconnect error TCP : Socket not supported"
10626877,"CPU : Invalid Transport size ISO : Disconnect error TCP : Operation not supported on Socket"
10626878,"CPU : Invalid Transport size ISO : Disconnect error TCP : Protocol family not supported"
10626879,"CPU : Invalid Transport size ISO : Disconnect error TCP : Address family not supported"
10626880,"CPU : Invalid Transport size ISO : Disconnect error TCP : Address already in use"
10626881,"CPU : Invalid Transport size ISO : Disconnect error TCP : Can't assign requested address"
10626882,"CPU : Invalid Transport size ISO : Disconnect error TCP : Network is down"
10626883,"CPU : Invalid Transport size ISO : Disconnect error TCP : Network is unreachable"
10626884,"CPU : Invalid Transport size ISO : Disconnect error TCP : Network dropped connection on reset"
10626885,"CPU : Invalid Transport size ISO : Disconnect error TCP : Software caused connection abort"
10626886,"CPU : Invalid Transport size ISO : Disconnect error TCP : Connection reset by peer"
10626887,"CPU : Invalid Transport size ISO : Disconnect error TCP : No Buffer space available"
10626888,"CPU : Invalid Transport size ISO : Disconnect error TCP : Socket is already connected"
10626889,"CPU : Invalid Transport size ISO : Disconnect error TCP : Socket is not connected"
10626890,"CPU : Invalid Transport size ISO : Disconnect error TCP : Can't send after Socket shutdown"
10626891,"CPU : Invalid Transport size ISO : Disconnect error TCP : Too many references:can't splice"
10626892,"CPU : Invalid Transport size ISO : Disconnect error TCP : Connection timed out"
10626893,"CPU : Invalid Transport size ISO : Disconnect error TCP : Connection refused"
10626894,"CPU : Invalid Transport size ISO : Disconnect error TCP : Too many levels of symbolic links"
10626895,"CPU : Invalid Transport size ISO : Disconnect error TCP : File name is too long"
10626896,"CPU : Invalid Transport size ISO : Disconnect error TCP : Host is down"
10626897,"CPU : Invalid Transport size ISO : Disconnect error TCP : Unreachable peer"
10626898,"CPU : Invalid Transport size ISO : Disconnect error TCP : Directory is not empty"
10626899,"CPU : Invalid Transport size ISO : Disconnect error TCP : Too many processes"
10626900,"CPU : Invalid Transport size ISO : Disconnect error TCP : Too many users"
10626901,"CPU : Invalid Transport size ISO : Disconnect error TCP : Disk quota exceeded"
10626902,"CPU : Invalid Transport size ISO : Disconnect error TCP : Stale NFS file handle"
10626903,"CPU : Invalid Transport size ISO : Disconnect error TCP : Too many levels of remote in path"
10626923,"CPU : Invalid Transport size ISO : Disconnect error TCP : Network subsystem is unusable"
10626924,"CPU : Invalid Transport size ISO : Disconnect error TCP : Winsock DLL cannot support this application"
10626925,"CPU : Invalid Transport size ISO : Disconnect error TCP : Winsock not initialized"
10626933,"CPU : Invalid Transport size ISO : Disconnect error TCP : Disconnect"
10627833,"CPU : Invalid Transport size ISO : Disconnect error TCP : Host not found"
10627834,"CPU : Invalid Transport size ISO : Disconnect error TCP : Non authoritative - host not found"
10627835,"CPU : Invalid Transport size ISO : Disconnect error TCP : Non recoverable error"
10627836,"CPU : Invalid Transport size ISO : Disconnect error TCP : Valid name, no data record of requested type"
10628833,"CPU : Invalid Transport size ISO : Disconnect error TCP : Invalid address"
10682368,"CPU : Invalid Transport size ISO : Bad PDU format"
10692372,"CPU : Invalid Transport size ISO : Bad PDU format TCP : Interrupted system call"
10692377,"CPU : Invalid Transport size ISO : Bad PDU format TCP : Bad file number"
10692381,"CPU : Invalid Transport size ISO : Bad PDU format TCP : Permission denied"
10692382,"CPU : Invalid Transport size ISO : Bad PDU format TCP : Bad address"
10692390,"CPU : Invalid Transport size ISO : Bad PDU format TCP : Invalid argument"
10692392,"CPU : Invalid Transport size ISO : Bad PDU format TCP : Too many open files"
10692403,"CPU : Invalid Transport size ISO : Bad PDU format TCP : Operation would block"
10692404,"CPU : Invalid Transport size ISO : Bad PDU format TCP : Operation now in progress"
10692405,"CPU : Invalid Transport size ISO : Bad PDU format TCP : Operation already in progress"
10692406,"CPU : Invalid Transport size ISO : Bad PDU format TCP : Socket operation on non socket"
10692407,"CPU : Invalid Transport size ISO : Bad PDU format TCP : Destination address required"
10692408,"CPU : Invalid Transport size ISO : Bad PDU format TCP : Message too long"
10692409,"CPU : Invalid Transport size ISO : Bad PDU format TCP : Protocol wrong type for Socket"
10692410,"CPU : Invalid Transport size ISO : Bad PDU format TCP : Protocol not available"
10692411,"CPU : Invalid Transport size ISO : Bad PDU format TCP : Protocol not supported"
10692412,"CPU : Invalid Transport size ISO : Bad PDU format TCP : Socket not supported"
10692413,"CPU : Invalid Transport size ISO : Bad PDU format TCP : Operation not supported on Socket"
10692414,"CPU : Invalid Transport size ISO : Bad PDU format TCP : Protocol family not supported"
10692415,"CPU : Invalid Transport size ISO : Bad PDU format TCP : Address family not supported"
10692416,"CPU : Invalid Transport size ISO : Bad PDU format TCP : Address already in use"
10692417,"CPU : Invalid Transport size ISO : Bad PDU format TCP : Can't assign requested address"
10692418,"CPU : Invalid Transport size ISO : Bad PDU format TCP : Network is down"
10692419,"CPU : Invalid Transport size ISO : Bad PDU format TCP : Network is unreachable"
10692420,"CPU : Invalid Transport size ISO : Bad PDU format TCP : Network dropped connection on reset"
10692421,"CPU : Invalid Transport size ISO : Bad PDU format TCP : Software caused connection abort"
10692422,"CPU : Invalid Transport size ISO : Bad PDU format TCP : Connection reset by peer"
10692423,"CPU : Invalid Transport size ISO : Bad PDU format TCP : No Buffer space available"
10692424,"CPU : Invalid Transport size ISO : Bad PDU format TCP : Socket is already connected"
10692425,"CPU : Invalid Transport size ISO : Bad PDU format TCP : Socket is not connected"
10692426,"CPU : Invalid Transport size ISO : Bad PDU format TCP : Can't send after Socket shutdown"
10692427,"CPU : Invalid Transport size ISO : Bad PDU format TCP : Too many references:can't splice"
10692428,"CPU : Invalid Transport size ISO : Bad PDU format TCP : Connection timed out"
10692429,"CPU : Invalid Transport size ISO : Bad PDU format TCP : Connection refused"
10692430,"CPU : Invalid Transport size ISO : Bad PDU format TCP : Too many levels of symbolic links"
10692431,"CPU : Invalid Transport size ISO : Bad PDU format TCP : File name is too long"
10692432,"CPU : Invalid Transport size ISO : Bad PDU format TCP : Host is down"
10692433,"CPU : Invalid Transport size ISO : Bad PDU format TCP : Unreachable peer"
10692434,"CPU : Invalid Transport size ISO : Bad PDU format TCP : Directory is not empty"
10692435,"CPU : Invalid Transport size ISO : Bad PDU format TCP : Too many processes"
10692436,"CPU : Invalid Transport size ISO : Bad PDU format TCP : Too many users"
10692437,"CPU : Invalid Transport size ISO : Bad PDU format TCP : Disk quota exceeded"
10692438,"CPU : Invalid Transport size ISO : Bad PDU format TCP : Stale NFS file handle"
10692439,"CPU : Invalid Transport size ISO : Bad PDU format TCP : Too many levels of remote in path"
10692459,"CPU : Invalid Transport size ISO : Bad PDU format TCP : Network subsystem is unusable"
10692460,"CPU : Invalid Transport size ISO : Bad PDU format TCP : Winsock DLL cannot support this application"
10692461,"CPU : Invalid Transport size ISO : Bad PDU format TCP : Winsock not initialized"
10692469,"CPU : Invalid Transport size ISO : Bad PDU format TCP : Disconnect"
10693369,"CPU : Invalid Transport size ISO : Bad PDU format TCP : Host not found"
10693370,"CPU : Invalid Transport size ISO : Bad PDU format TCP : Non authoritative - host not found"
10693371,"CPU : Invalid Transport size ISO : Bad PDU format TCP : Non recoverable error"
10693372,"CPU : Invalid Transport size ISO : Bad PDU format TCP : Valid name, no data record of requested type"
10694369,"CPU : Invalid Transport size ISO : Bad PDU format TCP : Invalid address"
10747904,"CPU : Invalid Transport size ISO : Datasize passed to send/recv buffer is invalid"
10757908,"CPU : Invalid Transport size ISO : Datasize passed to send/recv buffer is invalid TCP : Interrupted system call"
10757913,"CPU : Invalid Transport size ISO : Datasize passed to send/recv buffer is invalid TCP : Bad file number"
10757917,"CPU : Invalid Transport size ISO : Datasize passed to send/recv buffer is invalid TCP : Permission denied"
10757918,"CPU : Invalid Transport size ISO : Datasize passed to send/recv buffer is invalid TCP : Bad address"
10757926,"CPU : Invalid Transport size ISO : Datasize passed to send/recv buffer is invalid TCP : Invalid argument"
10757928,"CPU : Invalid Transport size ISO : Datasize passed to send/recv buffer is invalid TCP : Too many open files"
10757939,"CPU : Invalid Transport size ISO : Datasize passed to send/recv buffer is invalid TCP : Operation would block"
10757940,"CPU : Invalid Transport size ISO : Datasize passed to send/recv buffer is invalid TCP : Operation now in progress"
10757941,"CPU : Invalid Transport size ISO : Datasize passed to send/recv buffer is invalid TCP : Operation already in progress"
10757942,"CPU : Invalid Transport size ISO : Datasize passed to send/recv buffer is invalid TCP : Socket operation on non socket"
10757943,"CPU : Invalid Transport size ISO : Datasize passed to send/recv buffer is invalid TCP : Destination address required"
10757944,"CPU : Invalid Transport size ISO : Datasize passed to send/recv buffer is invalid TCP : Message too long"
10757945,"CPU : Invalid Transport size ISO : Datasize passed to send/recv buffer is invalid TCP : Protocol wrong type for Socket"
10757946,"CPU : Invalid Transport size ISO : Datasize passed to send/recv buffer is invalid TCP : Protocol not available"
10757947,"CPU : Invalid Transport size ISO : Datasize passed to send/recv buffer is invalid TCP : Protocol not supported"
10757948,"CPU : Invalid Transport size ISO : Datasize passed to send/recv buffer is invalid TCP : Socket not supported"
10757949,"CPU : Invalid Transport size ISO : Datasize passed to send/recv buffer is invalid TCP : Operation not supported on Socket"
10757950,"CPU : Invalid Transport size ISO : Datasize passed to send/recv buffer is invalid TCP : Protocol family not supported"
10757951,"CPU : Invalid Transport size ISO : Datasize passed to send/recv buffer is invalid TCP : Address family not supported"
10757952,"CPU : Invalid Transport size ISO : Datasize passed to send/recv buffer is invalid TCP : Address already in use"
10757953,"CPU : Invalid Transport size ISO : Datasize passed to send/recv buffer is invalid TCP : Can't assign requested address"
10757954,"CPU : Invalid Transport size ISO : Datasize passed to send/recv buffer is invalid TCP : Network is down"
10757955,"CPU : Invalid Transport size ISO : Datasize passed to send/recv buffer is invalid TCP : Network is unreachable"
10757956,"CPU : Invalid Transport size ISO : Datasize passed to send/recv buffer is invalid TCP : Network dropped connection on reset"
10757957,"CPU : Invalid Transport size ISO : Datasize passed to send/recv buffer is invalid TCP : Software caused connection abort"
10757958,"CPU : Invalid Transport size ISO : Datasize passed to send/recv buffer is invalid TCP : Connection reset by peer"
10757959,"CPU : Invalid Transport size ISO : Datasize passed to send/recv buffer is invalid TCP : No Buffer space available"
10757960,"CPU : Invalid Transport size ISO : Datasize passed to send/recv buffer is invalid TCP : Socket is already connected"
10757961,"CPU : Invalid Transport size ISO : Datasize passed to send/recv buffer is invalid TCP : Socket is not connected"
10757962,"CPU : Invalid Transport size ISO : Datasize passed to send/recv buffer is invalid TCP : Can't send after Socket shutdown"
10757963,"CPU : Invalid Transport size ISO : Datasize passed to send/recv buffer is invalid TCP : Too many references:can't splice"
10757964,"CPU : Invalid Transport size ISO : Datasize passed to send/recv buffer is invalid TCP : Connection timed out"
10757965,"CPU : Invalid Transport size ISO : Datasize passed to send/recv buffer is invalid TCP : Connection refused"
10757966,"CPU : Invalid Transport size ISO : Datasize passed to send/recv buffer is invalid TCP : Too many levels of symbolic links"
10757967,"CPU : Invalid Transport size ISO : Datasize passed to send/recv buffer is invalid TCP : File name is too long"
10757968,"CPU : Invalid Transport size ISO : Datasize passed to send/recv buffer is invalid TCP : Host is down"
10757969,"CPU : Invalid Transport size ISO : Datasize passed to send/recv buffer is invalid TCP : Unreachable peer"
10757970,"CPU : Invalid Transport size ISO : Datasize passed to send/recv buffer is invalid TCP : Directory is not empty"
10757971,"CPU : Invalid Transport size ISO : Datasize passed to send/recv buffer is invalid TCP : Too many processes"
10757972,"CPU : Invalid Transport size ISO : Datasize passed to send/recv buffer is invalid TCP : Too many users"
10757973,"CPU : Invalid Transport size ISO : Datasize passed to send/recv buffer is invalid TCP : Disk quota exceeded"
10757974,"CPU : Invalid Transport size ISO : Datasize passed to send/recv buffer is invalid TCP : Stale NFS file handle"
10757975,"CPU : Invalid Transport size ISO : Datasize passed to send/recv buffer is invalid TCP : Too many levels of remote in path"
10757995,"CPU : Invalid Transport size ISO : Datasize passed to send/recv buffer is invalid TCP : Network subsystem is unusable"
10757996,"CPU : Invalid Transport size ISO : Datasize passed to send/recv buffer is invalid TCP : Winsock DLL cannot support this application"
10757997,"CPU : Invalid Transport size ISO : Datasize passed to send/recv buffer is invalid TCP : Winsock not initialized"
10758005,"CPU : Invalid Transport size ISO : Datasize passed to send/recv buffer is invalid TCP : Disconnect"
10758905,"CPU : Invalid Transport size ISO : Datasize passed to send/recv buffer is invalid TCP : Host not found"
10758906,"CPU : Invalid Transport size ISO : Datasize passed to send/recv buffer is invalid TCP : Non authoritative - host not found"
10758907,"CPU : Invalid Transport size ISO : Datasize passed to send/recv buffer is invalid TCP : Non recoverable error"
10758908,"CPU : Invalid Transport size ISO : Datasize passed to send/recv buffer is invalid TCP : Valid name, no data record of requested type"
10759905,"CPU : Invalid Transport size ISO : Datasize passed to send/recv buffer is invalid TCP : Invalid address"
10813440,"CPU : Invalid Transport size ISO : Null passed as pointer"
10823444,"CPU : Invalid Transport size ISO : Null passed as pointer TCP : Interrupted system call"
10823449,"CPU : Invalid Transport size ISO : Null passed as pointer TCP : Bad file number"
10823453,"CPU : Invalid Transport size ISO : Null passed as pointer TCP : Permission denied"
10823454,"CPU : Invalid Transport size ISO : Null passed as pointer TCP : Bad address"
10823462,"CPU : Invalid Transport size ISO : Null passed as pointer TCP : Invalid argument"
10823464,"CPU : Invalid Transport size ISO : Null passed as pointer TCP : Too many open files"
10823475,"CPU : Invalid Transport size ISO : Null passed as pointer TCP : Operation would block"
10823476,"CPU : Invalid Transport size ISO : Null passed as pointer TCP : Operation now in progress"
10823477,"CPU : Invalid Transport size ISO : Null passed as pointer TCP : Operation already in progress"
10823478,"CPU : Invalid Transport size ISO : Null passed as pointer TCP : Socket operation on non socket"
10823479,"CPU : Invalid Transport size ISO : Null passed as pointer TCP : Destination address required"
10823480,"CPU : Invalid Transport size ISO : Null passed as pointer TCP : Message too long"
10823481,"CPU : Invalid Transport size ISO : Null passed as pointer TCP : Protocol wrong type for Socket"
10823482,"CPU : Invalid Transport size ISO : Null passed as pointer TCP : Protocol not available"
10823483,"CPU : Invalid Transport size ISO : Null passed as pointer TCP : Protocol not supported"
10823484,"CPU : Invalid Transport size ISO : Null passed as pointer TCP : Socket not supported"
10823485,"CPU : Invalid Transport size ISO : Null passed as pointer TCP : Operation not supported on Socket"
10823486,"CPU : Invalid Transport size ISO : Null passed as pointer TCP : Protocol family not supported"
10823487,"CPU : Invalid Transport size ISO : Null passed as pointer TCP : Address family not supported"
10823488,"CPU : Invalid Transport size ISO : Null passed as pointer TCP : Address already in use"
10823489,"CPU : Invalid Transport size ISO : Null passed as pointer TCP : Can't assign requested address"
10823490,"CPU : Invalid Transport size ISO : Null passed as pointer TCP : Network is down"
10823491,"CPU : Invalid Transport size ISO : Null passed as pointer TCP : Network is unreachable"
10823492,"CPU : Invalid Transport size ISO : Null passed as pointer TCP : Network dropped connection on reset"
10823493,"CPU : Invalid Transport size ISO : Null passed as pointer TCP : Software caused connection abort"
10823494,"CPU : Invalid Transport size ISO : Null passed as pointer TCP : Connection reset by peer"
10823495,"CPU : Invalid Transport size ISO : Null passed as pointer TCP : No Buffer space available"
10823496,"CPU : Invalid Transport size ISO : Null passed as pointer TCP : Socket is already connected"
10823497,"CPU : Invalid Transport size ISO : Null passed as pointer TCP : Socket is not connected"
10823498,"CPU : Invalid Transport size ISO : Null passed as pointer TCP : Can't send after Socket shutdown"
10823499,"CPU : Invalid Transport size ISO : Null passed as pointer TCP : Too many references:can't splice"
10823500,"CPU : Invalid Transport size ISO : Null passed as pointer TCP : Connection timed out"
10823501,"CPU : Invalid Transport size ISO : Null passed as pointer TCP : Connection refused"
10823502,"CPU : Invalid Transport size ISO : Null passed as pointer TCP : Too many levels of symbolic links"
10823503,"CPU : Invalid Transport size ISO : Null passed as pointer TCP : File name is too long"
10823504,"CPU : Invalid Transport size ISO : Null passed as pointer TCP : Host is down"
10823505,"CPU : Invalid Transport size ISO : Null passed as pointer TCP : Unreachable peer"
10823506,"CPU : Invalid Transport size ISO : Null passed as pointer TCP : Directory is not empty"
10823507,"CPU : Invalid Transport size ISO : Null passed as pointer TCP : Too many processes"
10823508,"CPU : Invalid Transport size ISO : Null passed as pointer TCP : Too many users"
10823509,"CPU : Invalid Transport size ISO : Null passed as pointer TCP : Disk quota exceeded"
10823510,"CPU : Invalid Transport size ISO : Null passed as pointer TCP : Stale NFS file handle"
10823511,"CPU : Invalid Transport size ISO : Null passed as pointer TCP : Too many levels of remote in path"
10823531,"CPU : Invalid Transport size ISO : Null passed as pointer TCP : Network subsystem is unusable"
10823532,"CPU : Invalid Transport size ISO : Null passed as pointer TCP : Winsock DLL cannot support this application"
10823533,"CPU : Invalid Transport size ISO : Null passed as pointer TCP : Winsock not initialized"
10823541,"CPU : Invalid Transport size ISO : Null passed as pointer TCP : Disconnect"
10824441,"CPU : Invalid Transport size ISO : Null passed as pointer TCP : Host not found"
10824442,"CPU : Invalid Transport size ISO : Null passed as pointer TCP : Non authoritative - host not found"
10824443,"CPU : Invalid Transport size ISO : Null passed as pointer TCP : Non recoverable error"
10824444,"CPU : Invalid Transport size ISO : Null passed as pointer TCP : Valid name, no data record of requested type"
10825441,"CPU : Invalid Transport size ISO : Null passed as pointer TCP : Invalid address"
10878976,"CPU : Invalid Transport size ISO : A short packet received"
10888980,"CPU : Invalid Transport size ISO : A short packet received TCP : Interrupted system call"
10888985,"CPU : Invalid Transport size ISO : A short packet received TCP : Bad file number"
10888989,"CPU : Invalid Transport size ISO : A short packet received TCP : Permission denied"
10888990,"CPU : Invalid Transport size ISO : A short packet received TCP : Bad address"
10888998,"CPU : Invalid Transport size ISO : A short packet received TCP : Invalid argument"
10889000,"CPU : Invalid Transport size ISO : A short packet received TCP : Too many open files"
10889011,"CPU : Invalid Transport size ISO : A short packet received TCP : Operation would block"
10889012,"CPU : Invalid Transport size ISO : A short packet received TCP : Operation now in progress"
10889013,"CPU : Invalid Transport size ISO : A short packet received TCP : Operation already in progress"
10889014,"CPU : Invalid Transport size ISO : A short packet received TCP : Socket operation on non socket"
10889015,"CPU : Invalid Transport size ISO : A short packet received TCP : Destination address required"
10889016,"CPU : Invalid Transport size ISO : A short packet received TCP : Message too long"
10889017,"CPU : Invalid Transport size ISO : A short packet received TCP : Protocol wrong type for Socket"
10889018,"CPU : Invalid Transport size ISO : A short packet received TCP : Protocol not available"
10889019,"CPU : Invalid Transport size ISO : A short packet received TCP : Protocol not supported"
10889020,"CPU : Invalid Transport size ISO : A short packet received TCP : Socket not supported"
10889021,"CPU : Invalid Transport size ISO : A short packet received TCP : Operation not supported on Socket"
10889022,"CPU : Invalid Transport size ISO : A short packet received TCP : Protocol family not supported"
10889023,"CPU : Invalid Transport size ISO : A short packet received TCP : Address family not supported"
10889024,"CPU : Invalid Transport size ISO : A short packet received TCP : Address already in use"
10889025,"CPU : Invalid Transport size ISO : A short packet received TCP : Can't assign requested address"
10889026,"CPU : Invalid Transport size ISO : A short packet received TCP : Network is down"
10889027,"CPU : Invalid Transport size ISO : A short packet received TCP : Network is unreachable"
10889028,"CPU : Invalid Transport size ISO : A short packet received TCP : Network dropped connection on reset"
10889029,"CPU : Invalid Transport size ISO : A short packet received TCP : Software caused connection abort"
10889030,"CPU : Invalid Transport size ISO : A short packet received TCP : Connection reset by peer"
10889031,"CPU : Invalid Transport size ISO : A short packet received TCP : No Buffer space available"
10889032,"CPU : Invalid Transport size ISO : A short packet received TCP : Socket is already connected"
10889033,"CPU : Invalid Transport size ISO : A short packet received TCP : Socket is not connected"
10889034,"CPU : Invalid Transport size ISO : A short packet received TCP : Can't send after Socket shutdown"
10889035,"CPU : Invalid Transport size ISO : A short packet received TCP : Too many references:can't splice"
10889036,"CPU : Invalid Transport size ISO : A short packet received TCP : Connection timed out"
10889037,"CPU : Invalid Transport size ISO : A short packet received TCP : Connection refused"
10889038,"CPU : Invalid Transport size ISO : A short packet received TCP : Too many levels of symbolic links"
10889039,"CPU : Invalid Transport size ISO : A short packet received TCP : File name is too long"
10889040,"CPU : Invalid Transport size ISO : A short packet received TCP : Host is down"
10889041,"CPU : Invalid Transport size ISO : A short packet received TCP : Unreachable peer"
10889042,"CPU : Invalid Transport size ISO : A short packet received TCP : Directory is not empty"
10889043,"CPU : Invalid Transport size ISO : A short packet received TCP : Too many processes"
10889044,"CPU : Invalid Transport size ISO : A short packet received TCP : Too many users"
10889045,"CPU : Invalid Transport size ISO : A short packet received TCP : Disk quota exceeded"
10889046,"CPU : Invalid Transport size ISO : A short packet received TCP : Stale NFS file handle"
10889047,"CPU : Invalid Transport size ISO : A short packet received TCP : Too many levels of remote in path"
10889067,"CPU : Invalid Transport size ISO : A short packet received TCP : Network subsystem is unusable"
10889068,"CPU : Invalid Transport size ISO : A short packet received TCP : Winsock DLL cannot support this application"
10889069,"CPU : Invalid Transport size ISO : A short packet received TCP : Winsock not initialized"
10889077,"CPU : Invalid Transport size ISO : A short packet received TCP : Disconnect"
10889977,"CPU : Invalid Transport size ISO : A short packet received TCP : Host not found"
10889978,"CPU : Invalid Transport size ISO : A short packet received TCP : Non authoritative - host not found"
10889979,"CPU : Invalid Transport size ISO : A short packet received TCP : Non recoverable error"
10889980,"CPU : Invalid Transport size ISO : A short packet received TCP : Valid name, no data record of requested type"
10890977,"CPU : Invalid Transport size ISO : A short packet received TCP : Invalid address"
10944512,"CPU : Invalid Transport size ISO : Too many packets without EoT flag"
10954516,"CPU : Invalid Transport size ISO : Too many packets without EoT flag TCP : Interrupted system call"
10954521,"CPU : Invalid Transport size ISO : Too many packets without EoT flag TCP : Bad file number"
10954525,"CPU : Invalid Transport size ISO : Too many packets without EoT flag TCP : Permission denied"
10954526,"CPU : Invalid Transport size ISO : Too many packets without EoT flag TCP : Bad address"
10954534,"CPU : Invalid Transport size ISO : Too many packets without EoT flag TCP : Invalid argument"
10954536,"CPU : Invalid Transport size ISO : Too many packets without EoT flag TCP : Too many open files"
10954547,"CPU : Invalid Transport size ISO : Too many packets without EoT flag TCP : Operation would block"
10954548,"CPU : Invalid Transport size ISO : Too many packets without EoT flag TCP : Operation now in progress"
10954549,"CPU : Invalid Transport size ISO : Too many packets without EoT flag TCP : Operation already in progress"
10954550,"CPU : Invalid Transport size ISO : Too many packets without EoT flag TCP : Socket operation on non socket"
10954551,"CPU : Invalid Transport size ISO : Too many packets without EoT flag TCP : Destination address required"
10954552,"CPU : Invalid Transport size ISO : Too many packets without EoT flag TCP : Message too long"
10954553,"CPU : Invalid Transport size ISO : Too many packets without EoT flag TCP : Protocol wrong type for Socket"
10954554,"CPU : Invalid Transport size ISO : Too many packets without EoT flag TCP : Protocol not available"
10954555,"CPU : Invalid Transport size ISO : Too many packets without EoT flag TCP : Protocol not supported"
10954556,"CPU : Invalid Transport size ISO : Too many packets without EoT flag TCP : Socket not supported"
10954557,"CPU : Invalid Transport size ISO : Too many packets without EoT flag TCP : Operation not supported on Socket"
10954558,"CPU : Invalid Transport size ISO : Too many packets without EoT flag TCP : Protocol family not supported"
10954559,"CPU : Invalid Transport size ISO : Too many packets without EoT flag TCP : Address family not supported"
10954560,"CPU : Invalid Transport size ISO : Too many packets without EoT flag TCP : Address already in use"
10954561,"CPU : Invalid Transport size ISO : Too many packets without EoT flag TCP : Can't assign requested address"
10954562,"CPU : Invalid Transport size ISO : Too many packets without EoT flag TCP : Network is down"
10954563,"CPU : Invalid Transport size ISO : Too many packets without EoT flag TCP : Network is unreachable"
10954564,"CPU : Invalid Transport size ISO : Too many packets without EoT flag TCP : Network dropped connection on reset"
10954565,"CPU : Invalid Transport size ISO : Too many packets without EoT flag TCP : Software caused connection abort"
10954566,"CPU : Invalid Transport size ISO : Too many packets without EoT flag TCP : Connection reset by peer"
10954567,"CPU : Invalid Transport size ISO : Too many packets without EoT flag TCP : No Buffer space available"
10954568,"CPU : Invalid Transport size ISO : Too many packets without EoT flag TCP : Socket is already connected"
10954569,"CPU : Invalid Transport size ISO : Too many packets without EoT flag TCP : Socket is not connected"
10954570,"CPU : Invalid Transport size ISO : Too many packets without EoT flag TCP : Can't send after Socket shutdown"
10954571,"CPU : Invalid Transport size ISO : Too many packets without EoT flag TCP : Too many references:can't splice"
10954572,"CPU : Invalid Transport size ISO : Too many packets without EoT flag TCP : Connection timed out"
10954573,"CPU : Invalid Transport size ISO : Too many packets without EoT flag TCP : Connection refused"
10954574,"CPU : Invalid Transport size ISO : Too many packets without EoT flag TCP : Too many levels of symbolic links"
10954575,"CPU : Invalid Transport size ISO : Too many packets without EoT flag TCP : File name is too long"
10954576,"CPU : Invalid Transport size ISO : Too many packets without EoT flag TCP : Host is down"
10954577,"CPU : Invalid Transport size ISO : Too many packets without EoT flag TCP : Unreachable peer"
10954578,"CPU : Invalid Transport size ISO : Too many packets without EoT flag TCP : Directory is not empty"
10954579,"CPU : Invalid Transport size ISO : Too many packets without EoT flag TCP : Too many processes"
10954580,"CPU : Invalid Transport size ISO : Too many packets without EoT flag TCP : Too many users"
10954581,"CPU : Invalid Transport size ISO : Too many packets without EoT flag TCP : Disk quota exceeded"
10954582,"CPU : Invalid Transport size ISO : Too many packets without EoT flag TCP : Stale NFS file handle"
10954583,"CPU : Invalid Transport size ISO : Too many packets without EoT flag TCP : Too many levels of remote in path"
10954603,"CPU : Invalid Transport size ISO : Too many packets without EoT flag TCP : Network subsystem is unusable"
10954604,"CPU : Invalid Transport size ISO : Too many packets without EoT flag TCP : Winsock DLL cannot support this application"
10954605,"CPU : Invalid Transport size ISO : Too many packets without EoT flag TCP : Winsock not initialized"
10954613,"CPU : Invalid Transport size ISO : Too many packets without EoT flag TCP : Disconnect"
10955513,"CPU : Invalid Transport size ISO : Too many packets without EoT flag TCP : Host not found"
10955514,"CPU : Invalid Transport size ISO : Too many packets without EoT flag TCP : Non authoritative - host not found"
10955515,"CPU : Invalid Transport size ISO : Too many packets without EoT flag TCP : Non recoverable error"
10955516,"CPU : Invalid Transport size ISO : Too many packets without EoT flag TCP : Valid name, no data record of requested type"
10956513,"CPU : Invalid Transport size ISO : Too many packets without EoT flag TCP : Invalid address"
11010048,"CPU : Invalid Transport size ISO : The sum of fragments data exceded maximum packet size"
11020052,"CPU : Invalid Transport size ISO : The sum of fragments data exceded maximum packet size TCP : Interrupted system call"
11020057,"CPU : Invalid Transport size ISO : The sum of fragments data exceded maximum packet size TCP : Bad file number"
11020061,"CPU : Invalid Transport size ISO : The sum of fragments data exceded maximum packet size TCP : Permission denied"
11020062,"CPU : Invalid Transport size ISO : The sum of fragments data exceded maximum packet size TCP : Bad address"
11020070,"CPU : Invalid Transport size ISO : The sum of fragments data exceded maximum packet size TCP : Invalid argument"
11020072,"CPU : Invalid Transport size ISO : The sum of fragments data exceded maximum packet size TCP : Too many open files"
11020083,"CPU : Invalid Transport size ISO : The sum of fragments data exceded maximum packet size TCP : Operation would block"
11020084,"CPU : Invalid Transport size ISO : The sum of fragments data exceded maximum packet size TCP : Operation now in progress"
11020085,"CPU : Invalid Transport size ISO : The sum of fragments data exceded maximum packet size TCP : Operation already in progress"
11020086,"CPU : Invalid Transport size ISO : The sum of fragments data exceded maximum packet size TCP : Socket operation on non socket"
11020087,"CPU : Invalid Transport size ISO : The sum of fragments data exceded maximum packet size TCP : Destination address required"
11020088,"CPU : Invalid Transport size ISO : The sum of fragments data exceded maximum packet size TCP : Message too long"
11020089,"CPU : Invalid Transport size ISO : The sum of fragments data exceded maximum packet size TCP : Protocol wrong type for Socket"
11020090,"CPU : Invalid Transport size ISO : The sum of fragments data exceded maximum packet size TCP : Protocol not available"
11020091,"CPU : Invalid Transport size ISO : The sum of fragments data exceded maximum packet size TCP : Protocol not supported"
11020092,"CPU : Invalid Transport size ISO : The sum of fragments data exceded maximum packet size TCP : Socket not supported"
11020093,"CPU : Invalid Transport size ISO : The sum of fragments data exceded maximum packet size TCP : Operation not supported on Socket"
11020094,"CPU : Invalid Transport size ISO : The sum of fragments data exceded maximum packet size TCP : Protocol family not supported"
11020095,"CPU : Invalid Transport size ISO : The sum of fragments data exceded maximum packet size TCP : Address family not supported"
11020096,"CPU : Invalid Transport size ISO : The sum of fragments data exceded maximum packet size TCP : Address already in use"
11020097,"CPU : Invalid Transport size ISO : The sum of fragments data exceded maximum packet size TCP : Can't assign requested address"
11020098,"CPU : Invalid Transport size ISO : The sum of fragments data exceded maximum packet size TCP : Network is down"
11020099,"CPU : Invalid Transport size ISO : The sum of fragments data exceded maximum packet size TCP : Network is unreachable"
11020100,"CPU : Invalid Transport size ISO : The sum of fragments data exceded maximum packet size TCP : Network dropped connection on reset"
11020101,"CPU : Invalid Transport size ISO : The sum of fragments data exceded maximum packet size TCP : Software caused connection abort"
11020102,"CPU : Invalid Transport size ISO : The sum of fragments data exceded maximum packet size TCP : Connection reset by peer"
11020103,"CPU : Invalid Transport size ISO : The sum of fragments data exceded maximum packet size TCP : No Buffer space available"
11020104,"CPU : Invalid Transport size ISO : The sum of fragments data exceded maximum packet size TCP : Socket is already connected"
11020105,"CPU : Invalid Transport size ISO : The sum of fragments data exceded maximum packet size TCP : Socket is not connected"
11020106,"CPU : Invalid Transport size ISO : The sum of fragments data exceded maximum packet size TCP : Can't send after Socket shutdown"
11020107,"CPU : Invalid Transport size ISO : The sum of fragments data exceded maximum packet size TCP : Too many references:can't splice"
11020108,"CPU : Invalid Transport size ISO : The sum of fragments data exceded maximum packet size TCP : Connection timed out"
11020109,"CPU : Invalid Transport size ISO : The sum of fragments data exceded maximum packet size TCP : Connection refused"
11020110,"CPU : Invalid Transport size ISO : The sum of fragments data exceded maximum packet size TCP : Too many levels of symbolic links"
11020111,"CPU : Invalid Transport size ISO : The sum of fragments data exceded maximum packet size TCP : File name is too long"
11020112,"CPU : Invalid Transport size ISO : The sum of fragments data exceded maximum packet size TCP : Host is down"
11020113,"CPU : Invalid Transport size ISO : The sum of fragments data exceded maximum packet size TCP : Unreachable peer"
11020114,"CPU : Invalid Transport size ISO : The sum of fragments data exceded maximum packet size TCP : Directory is not empty"
11020115,"CPU : Invalid Transport size ISO : The sum of fragments data exceded maximum packet size TCP : Too many processes"
11020116,"CPU : Invalid Transport size ISO : The sum of fragments data exceded maximum packet size TCP : Too many users"
11020117,"CPU : Invalid Transport size ISO : The sum of fragments data exceded maximum packet size TCP : Disk quota exceeded"
11020118,"CPU : Invalid Transport size ISO : The sum of fragments data exceded maximum packet size TCP : Stale NFS file handle"
11020119,"CPU : Invalid Transport size ISO : The sum of fragments data exceded maximum packet size TCP : Too many levels of remote in path"
11020139,"CPU : Invalid Transport size ISO : The sum of fragments data exceded maximum packet size TCP : Network subsystem is unusable"
11020140,"CPU : Invalid Transport size ISO : The sum of fragments data exceded maximum packet size TCP : Winsock DLL cannot support this application"
11020141,"CPU : Invalid Transport size ISO : The sum of fragments data exceded maximum packet size TCP : Winsock not initialized"
11020149,"CPU : Invalid Transport size ISO : The sum of fragments data exceded maximum packet size TCP : Disconnect"
11021049,"CPU : Invalid Transport size ISO : The sum of fragments data exceded maximum packet size TCP : Host not found"
11021050,"CPU : Invalid Transport size ISO : The sum of fragments data exceded maximum packet size TCP : Non authoritative - host not found"
11021051,"CPU : Invalid Transport size ISO : The sum of fragments data exceded maximum packet size TCP : Non recoverable error"
11021052,"CPU : Invalid Transport size ISO : The sum of fragments data exceded maximum packet size TCP : Valid name, no data record of requested type"
11022049,"CPU : Invalid Transport size ISO : The sum of fragments data exceded maximum packet size TCP : Invalid address"
11075584,"CPU : Invalid Transport size ISO : An error occurred during send"
11085588,"CPU : Invalid Transport size ISO : An error occurred during send TCP : Interrupted system call"
11085593,"CPU : Invalid Transport size ISO : An error occurred during send TCP : Bad file number"
11085597,"CPU : Invalid Transport size ISO : An error occurred during send TCP : Permission denied"
11085598,"CPU : Invalid Transport size ISO : An error occurred during send TCP : Bad address"
11085606,"CPU : Invalid Transport size ISO : An error occurred during send TCP : Invalid argument"
11085608,"CPU : Invalid Transport size ISO : An error occurred during send TCP : Too many open files"
11085619,"CPU : Invalid Transport size ISO : An error occurred during send TCP : Operation would block"
11085620,"CPU : Invalid Transport size ISO : An error occurred during send TCP : Operation now in progress"
11085621,"CPU : Invalid Transport size ISO : An error occurred during send TCP : Operation already in progress"
11085622,"CPU : Invalid Transport size ISO : An error occurred during send TCP : Socket operation on non socket"
11085623,"CPU : Invalid Transport size ISO : An error occurred during send TCP : Destination address required"
11085624,"CPU : Invalid Transport size ISO : An error occurred during send TCP : Message too long"
11085625,"CPU : Invalid Transport size ISO : An error occurred during send TCP : Protocol wrong type for Socket"
11085626,"CPU : Invalid Transport size ISO : An error occurred during send TCP : Protocol not available"
11085627,"CPU : Invalid Transport size ISO : An error occurred during send TCP : Protocol not supported"
11085628,"CPU : Invalid Transport size ISO : An error occurred during send TCP : Socket not supported"
11085629,"CPU : Invalid Transport size ISO : An error occurred during send TCP : Operation not supported on Socket"
11085630,"CPU : Invalid Transport size ISO : An error occurred during send TCP : Protocol family not supported"
11085631,"CPU : Invalid Transport size ISO : An error occurred during send TCP : Address family not supported"
11085632,"CPU : Invalid Transport size ISO : An error occurred during send TCP : Address already in use"
11085633,"CPU : Invalid Transport size ISO : An error occurred during send TCP : Can't assign requested address"
11085634,"CPU : Invalid Transport size ISO : An error occurred during send TCP : Network is down"
11085635,"CPU : Invalid Transport size ISO : An error occurred during send TCP : Network is unreachable"
11085636,"CPU : Invalid Transport size ISO : An error occurred during send TCP : Network dropped connection on reset"
11085637,"CPU : Invalid Transport size ISO : An error occurred during send TCP : Software caused connection abort"
11085638,"CPU : Invalid Transport size ISO : An error occurred during send TCP : Connection reset by peer"
11085639,"CPU : Invalid Transport size ISO : An error occurred during send TCP : No Buffer space available"
11085640,"CPU : Invalid Transport size ISO : An error occurred during send TCP : Socket is already connected"
11085641,"CPU : Invalid Transport size ISO : An error occurred during send TCP : Socket is not connected"
11085642,"CPU : Invalid Transport size ISO : An error occurred during send TCP : Can't send after Socket shutdown"
11085643,"CPU : Invalid Transport size ISO : An error occurred during send TCP : Too many references:can't splice"
11085644,"CPU : Invalid Transport size ISO : An error occurred during send TCP : Connection timed out"
11085645,"CPU : Invalid Transport size ISO : An error occurred during send TCP : Connection refused"
11085646,"CPU : Invalid Transport size ISO : An error occurred during send TCP : Too many levels of symbolic links"
11085647,"CPU : Invalid Transport size ISO : An error occurred during send TCP : File name is too long"
11085648,"CPU : Invalid Transport size ISO : An error occurred during send TCP : Host is down"
11085649,"CPU : Invalid Transport size ISO : An error occurred during send TCP : Unreachable peer"
11085650,"CPU : Invalid Transport size ISO : An error occurred during send TCP : Directory is not empty"
11085651,"CPU : Invalid Transport size ISO : An error occurred during send TCP : Too many processes"
11085652,"CPU : Invalid Transport size ISO : An error occurred during send TCP : Too many users"
11085653,"CPU : Invalid Transport size ISO : An error occurred during send TCP : Disk quota exceeded"
11085654,"CPU : Invalid Transport size ISO : An error occurred during send TCP : Stale NFS file handle"
11085655,"CPU : Invalid Transport size ISO : An error occurred during send TCP : Too many levels of remote in path"
11085675,"CPU : Invalid Transport size ISO : An error occurred during send TCP : Network subsystem is unusable"
11085676,"CPU : Invalid Transport size ISO : An error occurred during send TCP : Winsock DLL cannot support this application"
11085677,"CPU : Invalid Transport size ISO : An error occurred during send TCP : Winsock not initialized"
11085685,"CPU : Invalid Transport size ISO : An error occurred during send TCP : Disconnect"
11086585,"CPU : Invalid Transport size ISO : An error occurred during send TCP : Host not found"
11086586,"CPU : Invalid Transport size ISO : An error occurred during send TCP : Non authoritative - host not found"
11086587,"CPU : Invalid Transport size ISO : An error occurred during send TCP : Non recoverable error"
11086588,"CPU : Invalid Transport size ISO : An error occurred during send TCP : Valid name, no data record of requested type"
11087585,"CPU : Invalid Transport size ISO : An error occurred during send TCP : Invalid address"
11141120,"CPU : Invalid Transport size ISO : An error occurred during recv"
11151124,"CPU : Invalid Transport size ISO : An error occurred during recv TCP : Interrupted system call"
11151129,"CPU : Invalid Transport size ISO : An error occurred during recv TCP : Bad file number"
11151133,"CPU : Invalid Transport size ISO : An error occurred during recv TCP : Permission denied"
11151134,"CPU : Invalid Transport size ISO : An error occurred during recv TCP : Bad address"
11151142,"CPU : Invalid Transport size ISO : An error occurred during recv TCP : Invalid argument"
11151144,"CPU : Invalid Transport size ISO : An error occurred during recv TCP : Too many open files"
11151155,"CPU : Invalid Transport size ISO : An error occurred during recv TCP : Operation would block"
11151156,"CPU : Invalid Transport size ISO : An error occurred during recv TCP : Operation now in progress"
11151157,"CPU : Invalid Transport size ISO : An error occurred during recv TCP : Operation already in progress"
11151158,"CPU : Invalid Transport size ISO : An error occurred during recv TCP : Socket operation on non socket"
11151159,"CPU : Invalid Transport size ISO : An error occurred during recv TCP : Destination address required"
11151160,"CPU : Invalid Transport size ISO : An error occurred during recv TCP : Message too long"
11151161,"CPU : Invalid Transport size ISO : An error occurred during recv TCP : Protocol wrong type for Socket"
11151162,"CPU : Invalid Transport size ISO : An error occurred during recv TCP : Protocol not available"
11151163,"CPU : Invalid Transport size ISO : An error occurred during recv TCP : Protocol not supported"
11151164,"CPU : Invalid Transport size ISO : An error occurred during recv TCP : Socket not supported"
11151165,"CPU : Invalid Transport size ISO : An error occurred during recv TCP : Operation not supported on Socket"
11151166,"CPU : Invalid Transport size ISO : An error occurred during recv TCP : Protocol family not supported"
11151167,"CPU : Invalid Transport size ISO : An error occurred during recv TCP : Address family not supported"
11151168,"CPU : Invalid Transport size ISO : An error occurred during recv TCP : Address already in use"
11151169,"CPU : Invalid Transport size ISO : An error occurred during recv TCP : Can't assign requested address"
11151170,"CPU : Invalid Transport size ISO : An error occurred during recv TCP : Network is down"
11151171,"CPU : Invalid Transport size ISO : An error occurred during recv TCP : Network is unreachable"
11151172,"CPU : Invalid Transport size ISO : An error occurred during recv TCP : Network dropped connection on reset"
11151173,"CPU : Invalid Transport size ISO : An error occurred during recv TCP : Software caused connection abort"
11151174,"CPU : Invalid Transport size ISO : An error occurred during recv TCP : Connection reset by peer"
11151175,"CPU : Invalid Transport size ISO : An error occurred during recv TCP : No Buffer space available"
11151176,"CPU : Invalid Transport size ISO : An error occurred during recv TCP : Socket is already connected"
11151177,"CPU : Invalid Transport size ISO : An error occurred during recv TCP : Socket is not connected"
11151178,"CPU : Invalid Transport size ISO : An error occurred during recv TCP : Can't send after Socket shutdown"
11151179,"CPU : Invalid Transport size ISO : An error occurred during recv TCP : Too many references:can't splice"
11151180,"CPU : Invalid Transport size ISO : An error occurred during recv TCP : Connection timed out"
11151181,"CPU : Invalid Transport size ISO : An error occurred during recv TCP : Connection refused"
11151182,"CPU : Invalid Transport size ISO : An error occurred during recv TCP : Too many levels of symbolic links"
11151183,"CPU : Invalid Transport size ISO : An error occurred during recv TCP : File name is too long"
11151184,"CPU : Invalid Transport size ISO : An error occurred during recv TCP : Host is down"
11151185,"CPU : Invalid Transport size ISO : An error occurred during recv TCP : Unreachable peer"
11151186,"CPU : Invalid Transport size ISO : An error occurred during recv TCP : Directory is not empty"
11151187,"CPU : Invalid Transport size ISO : An error occurred during recv TCP : Too many processes"
11151188,"CPU : Invalid Transport size ISO : An error occurred during recv TCP : Too many users"
11151189,"CPU : Invalid Transport size ISO : An error occurred during recv TCP : Disk quota exceeded"
11151190,"CPU : Invalid Transport size ISO : An error occurred during recv TCP : Stale NFS file handle"
11151191,"CPU : Invalid Transport size ISO : An error occurred during recv TCP : Too many levels of remote in path"
11151211,"CPU : Invalid Transport size ISO : An error occurred during recv TCP : Network subsystem is unusable"
11151212,"CPU : Invalid Transport size ISO : An error occurred during recv TCP : Winsock DLL cannot support this application"
11151213,"CPU : Invalid Transport size ISO : An error occurred during recv TCP : Winsock not initialized"
11151221,"CPU : Invalid Transport size ISO : An error occurred during recv TCP : Disconnect"
11152121,"CPU : Invalid Transport size ISO : An error occurred during recv TCP : Host not found"
11152122,"CPU : Invalid Transport size ISO : An error occurred during recv TCP : Non authoritative - host not found"
11152123,"CPU : Invalid Transport size ISO : An error occurred during recv TCP : Non recoverable error"
11152124,"CPU : Invalid Transport size ISO : An error occurred during recv TCP : Valid name, no data record of requested type"
11153121,"CPU : Invalid Transport size ISO : An error occurred during recv TCP : Invalid address"
11206656,"CPU : Invalid Transport size ISO : Invalid connection params (wrong TSAPs)"
11216660,"CPU : Invalid Transport size ISO : Invalid connection params (wrong TSAPs) TCP : Interrupted system call"
11216665,"CPU : Invalid Transport size ISO : Invalid connection params (wrong TSAPs) TCP : Bad file number"
11216669,"CPU : Invalid Transport size ISO : Invalid connection params (wrong TSAPs) TCP : Permission denied"
11216670,"CPU : Invalid Transport size ISO : Invalid connection params (wrong TSAPs) TCP : Bad address"
11216678,"CPU : Invalid Transport size ISO : Invalid connection params (wrong TSAPs) TCP : Invalid argument"
11216680,"CPU : Invalid Transport size ISO : Invalid connection params (wrong TSAPs) TCP : Too many open files"
11216691,"CPU : Invalid Transport size ISO : Invalid connection params (wrong TSAPs) TCP : Operation would block"
11216692,"CPU : Invalid Transport size ISO : Invalid connection params (wrong TSAPs) TCP : Operation now in progress"
11216693,"CPU : Invalid Transport size ISO : Invalid connection params (wrong TSAPs) TCP : Operation already in progress"
11216694,"CPU : Invalid Transport size ISO : Invalid connection params (wrong TSAPs) TCP : Socket operation on non socket"
11216695,"CPU : Invalid Transport size ISO : Invalid connection params (wrong TSAPs) TCP : Destination address required"
11216696,"CPU : Invalid Transport size ISO : Invalid connection params (wrong TSAPs) TCP : Message too long"
11216697,"CPU : Invalid Transport size ISO : Invalid connection params (wrong TSAPs) TCP : Protocol wrong type for Socket"
11216698,"CPU : Invalid Transport size ISO : Invalid connection params (wrong TSAPs) TCP : Protocol not available"
11216699,"CPU : Invalid Transport size ISO : Invalid connection params (wrong TSAPs) TCP : Protocol not supported"
11216700,"CPU : Invalid Transport size ISO : Invalid connection params (wrong TSAPs) TCP : Socket not supported"
11216701,"CPU : Invalid Transport size ISO : Invalid connection params (wrong TSAPs) TCP : Operation not supported on Socket"
11216702,"CPU : Invalid Transport size ISO : Invalid connection params (wrong TSAPs) TCP : Protocol family not supported"
11216703,"CPU : Invalid Transport size ISO : Invalid connection params (wrong TSAPs) TCP : Address family not supported"
11216704,"CPU : Invalid Transport size ISO : Invalid connection params (wrong TSAPs) TCP : Address already in use"
11216705,"CPU : Invalid Transport size ISO : Invalid connection params (wrong TSAPs) TCP : Can't assign requested address"
11216706,"CPU : Invalid Transport size ISO : Invalid connection params (wrong TSAPs) TCP : Network is down"
11216707,"CPU : Invalid Transport size ISO : Invalid connection params (wrong TSAPs) TCP : Network is unreachable"
11216708,"CPU : Invalid Transport size ISO : Invalid connection params (wrong TSAPs) TCP : Network dropped connection on reset"
11216709,"CPU : Invalid Transport size ISO : Invalid connection params (wrong TSAPs) TCP : Software caused connection abort"
11216710,"CPU : Invalid Transport size ISO : Invalid connection params (wrong TSAPs) TCP : Connection reset by peer"
11216711,"CPU : Invalid Transport size ISO : Invalid connection params (wrong TSAPs) TCP : No Buffer space available"
11216712,"CPU : Invalid Transport size ISO : Invalid connection params (wrong TSAPs) TCP : Socket is already connected"
11216713,"CPU : Invalid Transport size ISO : Invalid connection params (wrong TSAPs) TCP : Socket is not connected"
11216714,"CPU : Invalid Transport size ISO : Invalid connection params (wrong TSAPs) TCP : Can't send after Socket shutdown"
11216715,"CPU : Invalid Transport size ISO : Invalid connection params (wrong TSAPs) TCP : Too many references:can't splice"
11216716,"CPU : Invalid Transport size ISO : Invalid connection params (wrong TSAPs) TCP : Connection timed out"
11216717,"CPU : Invalid Transport size ISO : Invalid connection params (wrong TSAPs) TCP : Connection refused"
11216718,"CPU : Invalid Transport size ISO : Invalid connection params (wrong TSAPs) TCP : Too many levels of symbolic links"
11216719,"CPU : Invalid Transport size ISO : Invalid connection params (wrong TSAPs) TCP : File name is too long"
11216720,"CPU : Invalid Transport size ISO : Invalid connection params (wrong TSAPs) TCP : Host is down"
11216721,"CPU : Invalid Transport size ISO : Invalid connection params (wrong TSAPs) TCP : Unreachable peer"
11216722,"CPU : Invalid Transport size ISO : Invalid connection params (wrong TSAPs) TCP : Directory is not empty"
11216723,"CPU : Invalid Transport size ISO : Invalid connection params (wrong TSAPs) TCP : Too many processes"
11216724,"CPU : Invalid Transport size ISO : Invalid connection params (wrong TSAPs) TCP : Too many users"
11216725,"CPU : Invalid Transport size ISO : Invalid connection params (wrong TSAPs) TCP : Disk quota exceeded"
11216726,"CPU : Invalid Transport size ISO : Invalid connection params (wrong TSAPs) TCP : Stale NFS file handle"
11216727,"CPU : Invalid Transport size ISO : Invalid connection params (wrong TSAPs) TCP : Too many levels of remote in path"
11216747,"CPU : Invalid Transport size ISO : Invalid connection params (wrong TSAPs) TCP : Network subsystem is unusable"
11216748,"CPU : Invalid Transport size ISO : Invalid connection params (wrong TSAPs) TCP : Winsock DLL cannot support this application"
11216749,"CPU : Invalid Transport size ISO : Invalid connection params (wrong TSAPs) TCP : Winsock not initialized"
11216757,"CPU : Invalid Transport size ISO : Invalid connection params (wrong TSAPs) TCP : Disconnect"
11217657,"CPU : Invalid Transport size ISO : Invalid connection params (wrong TSAPs) TCP : Host not found"
11217658,"CPU : Invalid Transport size ISO : Invalid connection params (wrong TSAPs) TCP : Non authoritative - host not found"
11217659,"CPU : Invalid Transport size ISO : Invalid connection params (wrong TSAPs) TCP : Non recoverable error"
11217660,"CPU : Invalid Transport size ISO : Invalid connection params (wrong TSAPs) TCP : Valid name, no data record of requested type"
11218657,"CPU : Invalid Transport size ISO : Invalid connection params (wrong TSAPs) TCP : Invalid address"
11272192,"CPU : Invalid Transport size ISO : Unknown error (0x000c0000)"
11282196,"CPU : Invalid Transport size ISO : Unknown error (0x000c0000) TCP : Interrupted system call"
11282201,"CPU : Invalid Transport size ISO : Unknown error (0x000c0000) TCP : Bad file number"
11282205,"CPU : Invalid Transport size ISO : Unknown error (0x000c0000) TCP : Permission denied"
11282206,"CPU : Invalid Transport size ISO : Unknown error (0x000c0000) TCP : Bad address"
11282214,"CPU : Invalid Transport size ISO : Unknown error (0x000c0000) TCP : Invalid argument"
11282216,"CPU : Invalid Transport size ISO : Unknown error (0x000c0000) TCP : Too many open files"
11282227,"CPU : Invalid Transport size ISO : Unknown error (0x000c0000) TCP : Operation would block"
11282228,"CPU : Invalid Transport size ISO : Unknown error (0x000c0000) TCP : Operation now in progress"
11282229,"CPU : Invalid Transport size ISO : Unknown error (0x000c0000) TCP : Operation already in progress"
11282230,"CPU : Invalid Transport size ISO : Unknown error (0x000c0000) TCP : Socket operation on non socket"
11282231,"CPU : Invalid Transport size ISO : Unknown error (0x000c0000) TCP : Destination address required"
11282232,"CPU : Invalid Transport size ISO : Unknown error (0x000c0000) TCP : Message too long"
11282233,"CPU : Invalid Transport size ISO : Unknown error (0x000c0000) TCP : Protocol wrong type for Socket"
11282234,"CPU : Invalid Transport size ISO : Unknown error (0x000c0000) TCP : Protocol not available"
11282235,"CPU : Invalid Transport size ISO : Unknown error (0x000c0000) TCP : Protocol not supported"
11282236,"CPU : Invalid Transport size ISO : Unknown error (0x000c0000) TCP : Socket not supported"
11282237,"CPU : Invalid Transport size ISO : Unknown error (0x000c0000) TCP : Operation not supported on Socket"
11282238,"CPU : Invalid Transport size ISO : Unknown error (0x000c0000) TCP : Protocol family not supported"
11282239,"CPU : Invalid Transport size ISO : Unknown error (0x000c0000) TCP : Address family not supported"
11282240,"CPU : Invalid Transport size ISO : Unknown error (0x000c0000) TCP : Address already in use"
11282241,"CPU : Invalid Transport size ISO : Unknown error (0x000c0000) TCP : Can't assign requested address"
11282242,"CPU : Invalid Transport size ISO : Unknown error (0x000c0000) TCP : Network is down"
11282243,"CPU : Invalid Transport size ISO : Unknown error (0x000c0000) TCP : Network is unreachable"
11282244,"CPU : Invalid Transport size ISO : Unknown error (0x000c0000) TCP : Network dropped connection on reset"
11282245,"CPU : Invalid Transport size ISO : Unknown error (0x000c0000) TCP : Software caused connection abort"
11282246,"CPU : Invalid Transport size ISO : Unknown error (0x000c0000) TCP : Connection reset by peer"
11282247,"CPU : Invalid Transport size ISO : Unknown error (0x000c0000) TCP : No Buffer space available"
11282248,"CPU : Invalid Transport size ISO : Unknown error (0x000c0000) TCP : Socket is already connected"
11282249,"CPU : Invalid Transport size ISO : Unknown error (0x000c0000) TCP : Socket is not connected"
11282250,"CPU : Invalid Transport size ISO : Unknown error (0x000c0000) TCP : Can't send after Socket shutdown"
11282251,"CPU : Invalid Transport size ISO : Unknown error (0x000c0000) TCP : Too many references:can't splice"
11282252,"CPU : Invalid Transport size ISO : Unknown error (0x000c0000) TCP : Connection timed out"
11282253,"CPU : Invalid Transport size ISO : Unknown error (0x000c0000) TCP : Connection refused"
11282254,"CPU : Invalid Transport size ISO : Unknown error (0x000c0000) TCP : Too many levels of symbolic links"
11282255,"CPU : Invalid Transport size ISO : Unknown error (0x000c0000) TCP : File name is too long"
11282256,"CPU : Invalid Transport size ISO : Unknown error (0x000c0000) TCP : Host is down"
11282257,"CPU : Invalid Transport size ISO : Unknown error (0x000c0000) TCP : Unreachable peer"
11282258,"CPU : Invalid Transport size ISO : Unknown error (0x000c0000) TCP : Directory is not empty"
11282259,"CPU : Invalid Transport size ISO : Unknown error (0x000c0000) TCP : Too many processes"
11282260,"CPU : Invalid Transport size ISO : Unknown error (0x000c0000) TCP : Too many users"
11282261,"CPU : Invalid Transport size ISO : Unknown error (0x000c0000) TCP : Disk quota exceeded"
11282262,"CPU : Invalid Transport size ISO : Unknown error (0x000c0000) TCP : Stale NFS file handle"
11282263,"CPU : Invalid Transport size ISO : Unknown error (0x000c0000) TCP : Too many levels of remote in path"
11282283,"CPU : Invalid Transport size ISO : Unknown error (0x000c0000) TCP : Network subsystem is unusable"
11282284,"CPU : Invalid Transport size ISO : Unknown error (0x000c0000) TCP : Winsock DLL cannot support this application"
11282285,"CPU : Invalid Transport size ISO : Unknown error (0x000c0000) TCP : Winsock not initialized"
11282293,"CPU : Invalid Transport size ISO : Unknown error (0x000c0000) TCP : Disconnect"
11283193,"CPU : Invalid Transport size ISO : Unknown error (0x000c0000) TCP : Host not found"
11283194,"CPU : Invalid Transport size ISO : Unknown error (0x000c0000) TCP : Non authoritative - host not found"
11283195,"CPU : Invalid Transport size ISO : Unknown error (0x000c0000) TCP : Non recoverable error"
11283196,"CPU : Invalid Transport size ISO : Unknown error (0x000c0000) TCP : Valid name, no data record of requested type"
11284193,"CPU : Invalid Transport size ISO : Unknown error (0x000c0000) TCP : Invalid address"
11337728,"CPU : Invalid Transport size ISO : Unknown error (0x000d0000)"
11347732,"CPU : Invalid Transport size ISO : Unknown error (0x000d0000) TCP : Interrupted system call"
11347737,"CPU : Invalid Transport size ISO : Unknown error (0x000d0000) TCP : Bad file number"
11347741,"CPU : Invalid Transport size ISO : Unknown error (0x000d0000) TCP : Permission denied"
11347742,"CPU : Invalid Transport size ISO : Unknown error (0x000d0000) TCP : Bad address"
11347750,"CPU : Invalid Transport size ISO : Unknown error (0x000d0000) TCP : Invalid argument"
11347752,"CPU : Invalid Transport size ISO : Unknown error (0x000d0000) TCP : Too many open files"
11347763,"CPU : Invalid Transport size ISO : Unknown error (0x000d0000) TCP : Operation would block"
11347764,"CPU : Invalid Transport size ISO : Unknown error (0x000d0000) TCP : Operation now in progress"
11347765,"CPU : Invalid Transport size ISO : Unknown error (0x000d0000) TCP : Operation already in progress"
11347766,"CPU : Invalid Transport size ISO : Unknown error (0x000d0000) TCP : Socket operation on non socket"
11347767,"CPU : Invalid Transport size ISO : Unknown error (0x000d0000) TCP : Destination address required"
11347768,"CPU : Invalid Transport size ISO : Unknown error (0x000d0000) TCP : Message too long"
11347769,"CPU : Invalid Transport size ISO : Unknown error (0x000d0000) TCP : Protocol wrong type for Socket"
11347770,"CPU : Invalid Transport size ISO : Unknown error (0x000d0000) TCP : Protocol not available"
11347771,"CPU : Invalid Transport size ISO : Unknown error (0x000d0000) TCP : Protocol not supported"
11347772,"CPU : Invalid Transport size ISO : Unknown error (0x000d0000) TCP : Socket not supported"
11347773,"CPU : Invalid Transport size ISO : Unknown error (0x000d0000) TCP : Operation not supported on Socket"
11347774,"CPU : Invalid Transport size ISO : Unknown error (0x000d0000) TCP : Protocol family not supported"
11347775,"CPU : Invalid Transport size ISO : Unknown error (0x000d0000) TCP : Address family not supported"
11347776,"CPU : Invalid Transport size ISO : Unknown error (0x000d0000) TCP : Address already in use"
11347777,"CPU : Invalid Transport size ISO : Unknown error (0x000d0000) TCP : Can't assign requested address"
11347778,"CPU : Invalid Transport size ISO : Unknown error (0x000d0000) TCP : Network is down"
11347779,"CPU : Invalid Transport size ISO : Unknown error (0x000d0000) TCP : Network is unreachable"
11347780,"CPU : Invalid Transport size ISO : Unknown error (0x000d0000) TCP : Network dropped connection on reset"
11347781,"CPU : Invalid Transport size ISO : Unknown error (0x000d0000) TCP : Software caused connection abort"
11347782,"CPU : Invalid Transport size ISO : Unknown error (0x000d0000) TCP : Connection reset by peer"
11347783,"CPU : Invalid Transport size ISO : Unknown error (0x000d0000) TCP : No Buffer space available"
11347784,"CPU : Invalid Transport size ISO : Unknown error (0x000d0000) TCP : Socket is already connected"
11347785,"CPU : Invalid Transport size ISO : Unknown error (0x000d0000) TCP : Socket is not connected"
11347786,"CPU : Invalid Transport size ISO : Unknown error (0x000d0000) TCP : Can't send after Socket shutdown"
11347787,"CPU : Invalid Transport size ISO : Unknown error (0x000d0000) TCP : Too many references:can't splice"
11347788,"CPU : Invalid Transport size ISO : Unknown error (0x000d0000) TCP : Connection timed out"
11347789,"CPU : Invalid Transport size ISO : Unknown error (0x000d0000) TCP : Connection refused"
11347790,"CPU : Invalid Transport size ISO : Unknown error (0x000d0000) TCP : Too many levels of symbolic links"
11347791,"CPU : Invalid Transport size ISO : Unknown error (0x000d0000) TCP : File name is too long"
11347792,"CPU : Invalid Transport size ISO : Unknown error (0x000d0000) TCP : Host is down"
11347793,"CPU : Invalid Transport size ISO : Unknown error (0x000d0000) TCP : Unreachable peer"
11347794,"CPU : Invalid Transport size ISO : Unknown error (0x000d0000) TCP : Directory is not empty"
11347795,"CPU : Invalid Transport size ISO : Unknown error (0x000d0000) TCP : Too many processes"
11347796,"CPU : Invalid Transport size ISO : Unknown error (0x000d0000) TCP : Too many users"
11347797,"CPU : Invalid Transport size ISO : Unknown error (0x000d0000) TCP : Disk quota exceeded"
11347798,"CPU : Invalid Transport size ISO : Unknown error (0x000d0000) TCP : Stale NFS file handle"
11347799,"CPU : Invalid Transport size ISO : Unknown error (0x000d0000) TCP : Too many levels of remote in path"
11347819,"CPU : Invalid Transport size ISO : Unknown error (0x000d0000) TCP : Network subsystem is unusable"
11347820,"CPU : Invalid Transport size ISO : Unknown error (0x000d0000) TCP : Winsock DLL cannot support this application"
11347821,"CPU : Invalid Transport size ISO : Unknown error (0x000d0000) TCP : Winsock not initialized"
11347829,"CPU : Invalid Transport size ISO : Unknown error (0x000d0000) TCP : Disconnect"
11348729,"CPU : Invalid Transport size ISO : Unknown error (0x000d0000) TCP : Host not found"
11348730,"CPU : Invalid Transport size ISO : Unknown error (0x000d0000) TCP : Non authoritative - host not found"
11348731,"CPU : Invalid Transport size ISO : Unknown error (0x000d0000) TCP : Non recoverable error"
11348732,"CPU : Invalid Transport size ISO : Unknown error (0x000d0000) TCP : Valid name, no data record of requested type"
11349729,"CPU : Invalid Transport size ISO : Unknown error (0x000d0000) TCP : Invalid address"
11403264,"CPU : Invalid Transport size ISO : Unknown error (0x000e0000)"
11413268,"CPU : Invalid Transport size ISO : Unknown error (0x000e0000) TCP : Interrupted system call"
11413273,"CPU : Invalid Transport size ISO : Unknown error (0x000e0000) TCP : Bad file number"
11413277,"CPU : Invalid Transport size ISO : Unknown error (0x000e0000) TCP : Permission denied"
11413278,"CPU : Invalid Transport size ISO : Unknown error (0x000e0000) TCP : Bad address"
11413286,"CPU : Invalid Transport size ISO : Unknown error (0x000e0000) TCP : Invalid argument"
11413288,"CPU : Invalid Transport size ISO : Unknown error (0x000e0000) TCP : Too many open files"
11413299,"CPU : Invalid Transport size ISO : Unknown error (0x000e0000) TCP : Operation would block"
11413300,"CPU : Invalid Transport size ISO : Unknown error (0x000e0000) TCP : Operation now in progress"
11413301,"CPU : Invalid Transport size ISO : Unknown error (0x000e0000) TCP : Operation already in progress"
11413302,"CPU : Invalid Transport size ISO : Unknown error (0x000e0000) TCP : Socket operation on non socket"
11413303,"CPU : Invalid Transport size ISO : Unknown error (0x000e0000) TCP : Destination address required"
11413304,"CPU : Invalid Transport size ISO : Unknown error (0x000e0000) TCP : Message too long"
11413305,"CPU : Invalid Transport size ISO : Unknown error (0x000e0000) TCP : Protocol wrong type for Socket"
11413306,"CPU : Invalid Transport size ISO : Unknown error (0x000e0000) TCP : Protocol not available"
11413307,"CPU : Invalid Transport size ISO : Unknown error (0x000e0000) TCP : Protocol not supported"
11413308,"CPU : Invalid Transport size ISO : Unknown error (0x000e0000) TCP : Socket not supported"
11413309,"CPU : Invalid Transport size ISO : Unknown error (0x000e0000) TCP : Operation not supported on Socket"
11413310,"CPU : Invalid Transport size ISO : Unknown error (0x000e0000) TCP : Protocol family not supported"
11413311,"CPU : Invalid Transport size ISO : Unknown error (0x000e0000) TCP : Address family not supported"
11413312,"CPU : Invalid Transport size ISO : Unknown error (0x000e0000) TCP : Address already in use"
11413313,"CPU : Invalid Transport size ISO : Unknown error (0x000e0000) TCP : Can't assign requested address"
11413314,"CPU : Invalid Transport size ISO : Unknown error (0x000e0000) TCP : Network is down"
11413315,"CPU : Invalid Transport size ISO : Unknown error (0x000e0000) TCP : Network is unreachable"
11413316,"CPU : Invalid Transport size ISO : Unknown error (0x000e0000) TCP : Network dropped connection on reset"
11413317,"CPU : Invalid Transport size ISO : Unknown error (0x000e0000) TCP : Software caused connection abort"
11413318,"CPU : Invalid Transport size ISO : Unknown error (0x000e0000) TCP : Connection reset by peer"
11413319,"CPU : Invalid Transport size ISO : Unknown error (0x000e0000) TCP : No Buffer space available"
11413320,"CPU : Invalid Transport size ISO : Unknown error (0x000e0000) TCP : Socket is already connected"
11413321,"CPU : Invalid Transport size ISO : Unknown error (0x000e0000) TCP : Socket is not connected"
11413322,"CPU : Invalid Transport size ISO : Unknown error (0x000e0000) TCP : Can't send after Socket shutdown"
11413323,"CPU : Invalid Transport size ISO : Unknown error (0x000e0000) TCP : Too many references:can't splice"
11413324,"CPU : Invalid Transport size ISO : Unknown error (0x000e0000) TCP : Connection timed out"
11413325,"CPU : Invalid Transport size ISO : Unknown error (0x000e0000) TCP : Connection refused"
11413326,"CPU : Invalid Transport size ISO : Unknown error (0x000e0000) TCP : Too many levels of symbolic links"
11413327,"CPU : Invalid Transport size ISO : Unknown error (0x000e0000) TCP : File name is too long"
11413328,"CPU : Invalid Transport size ISO : Unknown error (0x000e0000) TCP : Host is down"
11413329,"CPU : Invalid Transport size ISO : Unknown error (0x000e0000) TCP : Unreachable peer"
11413330,"CPU : Invalid Transport size ISO : Unknown error (0x000e0000) TCP : Directory is not empty"
11413331,"CPU : Invalid Transport size ISO : Unknown error (0x000e0000) TCP : Too many processes"
11413332,"CPU : Invalid Transport size ISO : Unknown error (0x000e0000) TCP : Too many users"
11413333,"CPU : Invalid Transport size ISO : Unknown error (0x000e0000) TCP : Disk quota exceeded"
11413334,"CPU : Invalid Transport size ISO : Unknown error (0x000e0000) TCP : Stale NFS file handle"
11413335,"CPU : Invalid Transport size ISO : Unknown error (0x000e0000) TCP : Too many levels of remote in path"
11413355,"CPU : Invalid Transport size ISO : Unknown error (0x000e0000) TCP : Network subsystem is unusable"
11413356,"CPU : Invalid Transport size ISO : Unknown error (0x000e0000) TCP : Winsock DLL cannot support this application"
11413357,"CPU : Invalid Transport size ISO : Unknown error (0x000e0000) TCP : Winsock not initialized"
11413365,"CPU : Invalid Transport size ISO : Unknown error (0x000e0000) TCP : Disconnect"
11414265,"CPU : Invalid Transport size ISO : Unknown error (0x000e0000) TCP : Host not found"
11414266,"CPU : Invalid Transport size ISO : Unknown error (0x000e0000) TCP : Non authoritative - host not found"
11414267,"CPU : Invalid Transport size ISO : Unknown error (0x000e0000) TCP : Non recoverable error"
11414268,"CPU : Invalid Transport size ISO : Unknown error (0x000e0000) TCP : Valid name, no data record of requested type"
11415265,"CPU : Invalid Transport size ISO : Unknown error (0x000e0000) TCP : Invalid address"
11468800,"CPU : Invalid Transport size ISO : Unknown error (0x000f0000)"
11478804,"CPU : Invalid Transport size ISO : Unknown error (0x000f0000) TCP : Interrupted system call"
11478809,"CPU : Invalid Transport size ISO : Unknown error (0x000f0000) TCP : Bad file number"
11478813,"CPU : Invalid Transport size ISO : Unknown error (0x000f0000) TCP : Permission denied"
11478814,"CPU : Invalid Transport size ISO : Unknown error (0x000f0000) TCP : Bad address"
11478822,"CPU : Invalid Transport size ISO : Unknown error (0x000f0000) TCP : Invalid argument"
11478824,"CPU : Invalid Transport size ISO : Unknown error (0x000f0000) TCP : Too many open files"
11478835,"CPU : Invalid Transport size ISO : Unknown error (0x000f0000) TCP : Operation would block"
11478836,"CPU : Invalid Transport size ISO : Unknown error (0x000f0000) TCP : Operation now in progress"
11478837,"CPU : Invalid Transport size ISO : Unknown error (0x000f0000) TCP : Operation already in progress"
11478838,"CPU : Invalid Transport size ISO : Unknown error (0x000f0000) TCP : Socket operation on non socket"
11478839,"CPU : Invalid Transport size ISO : Unknown error (0x000f0000) TCP : Destination address required"
11478840,"CPU : Invalid Transport size ISO : Unknown error (0x000f0000) TCP : Message too long"
11478841,"CPU : Invalid Transport size ISO : Unknown error (0x000f0000) TCP : Protocol wrong type for Socket"
11478842,"CPU : Invalid Transport size ISO : Unknown error (0x000f0000) TCP : Protocol not available"
11478843,"CPU : Invalid Transport size ISO : Unknown error (0x000f0000) TCP : Protocol not supported"
11478844,"CPU : Invalid Transport size ISO : Unknown error (0x000f0000) TCP : Socket not supported"
11478845,"CPU : Invalid Transport size ISO : Unknown error (0x000f0000) TCP : Operation not supported on Socket"
11478846,"CPU : Invalid Transport size ISO : Unknown error (0x000f0000) TCP : Protocol family not supported"
11478847,"CPU : Invalid Transport size ISO : Unknown error (0x000f0000) TCP : Address family not supported"
11478848,"CPU : Invalid Transport size ISO : Unknown error (0x000f0000) TCP : Address already in use"
11478849,"CPU : Invalid Transport size ISO : Unknown error (0x000f0000) TCP : Can't assign requested address"
11478850,"CPU : Invalid Transport size ISO : Unknown error (0x000f0000) TCP : Network is down"
11478851,"CPU : Invalid Transport size ISO : Unknown error (0x000f0000) TCP : Network is unreachable"
11478852,"CPU : Invalid Transport size ISO : Unknown error (0x000f0000) TCP : Network dropped connection on reset"
11478853,"CPU : Invalid Transport size ISO : Unknown error (0x000f0000) TCP : Software caused connection abort"
11478854,"CPU : Invalid Transport size ISO : Unknown error (0x000f0000) TCP : Connection reset by peer"
11478855,"CPU : Invalid Transport size ISO : Unknown error (0x000f0000) TCP : No Buffer space available"
11478856,"CPU : Invalid Transport size ISO : Unknown error (0x000f0000) TCP : Socket is already connected"
11478857,"CPU : Invalid Transport size ISO : Unknown error (0x000f0000) TCP : Socket is not connected"
11478858,"CPU : Invalid Transport size ISO : Unknown error (0x000f0000) TCP : Can't send after Socket shutdown"
11478859,"CPU : Invalid Transport size ISO : Unknown error (0x000f0000) TCP : Too many references:can't splice"
11478860,"CPU : Invalid Transport size ISO : Unknown error (0x000f0000) TCP : Connection timed out"
11478861,"CPU : Invalid Transport size ISO : Unknown error (0x000f0000) TCP : Connection refused"
11478862,"CPU : Invalid Transport size ISO : Unknown error (0x000f0000) TCP : Too many levels of symbolic links"
11478863,"CPU : Invalid Transport size ISO : Unknown error (0x000f0000) TCP : File name is too long"
11478864,"CPU : Invalid Transport size ISO : Unknown error (0x000f0000) TCP : Host is down"
11478865,"CPU : Invalid Transport size ISO : Unknown error (0x000f0000) TCP : Unreachable peer"
11478866,"CPU : Invalid Transport size ISO : Unknown error (0x000f0000) TCP : Directory is not empty"
11478867,"CPU : Invalid Transport size ISO : Unknown error (0x000f0000) TCP : Too many processes"
11478868,"CPU : Invalid Transport size ISO : Unknown error (0x000f0000) TCP : Too many users"
11478869,"CPU : Invalid Transport size ISO : Unknown error (0x000f0000) TCP : Disk quota exceeded"
11478870,"CPU : Invalid Transport size ISO : Unknown error (0x000f0000) TCP : Stale NFS file handle"
11478871,"CPU : Invalid Transport size ISO : Unknown error (0x000f0000) TCP : Too many levels of remote in path"
11478891,"CPU : Invalid Transport size ISO : Unknown error (0x000f0000) TCP : Network subsystem is unusable"
11478892,"CPU : Invalid Transport size ISO : Unknown error (0x000f0000) TCP : Winsock DLL cannot support this application"
11478893,"CPU : Invalid Transport size ISO : Unknown error (0x000f0000) TCP : Winsock not initialized"
11478901,"CPU : Invalid Transport size ISO : Unknown error (0x000f0000) TCP : Disconnect"
11479801,"CPU : Invalid Transport size ISO : Unknown error (0x000f0000) TCP : Host not found"
11479802,"CPU : Invalid Transport size ISO : Unknown error (0x000f0000) TCP : Non authoritative - host not found"
11479803,"CPU : Invalid Transport size ISO : Unknown error (0x000f0000) TCP : Non recoverable error"
11479804,"CPU : Invalid Transport size ISO : Unknown error (0x000f0000) TCP : Valid name, no data record of requested type"
11480801,"CPU : Invalid Transport size ISO : Unknown error (0x000f0000) TCP : Invalid address"
11534336,"CPU : Data size mismatch"
